[     670ms] [LOG] %cssr:success%c Vite server hmr 13 files 
      background: #2ecc71;
      border-radius: 0.5em;
      color: white;
      font-weight: bold;
      padding: 2px 0.5em;
      in 10.835ms 
  at vite_node_entry_default (node_modules/.pnpm/@nuxt+vite-builder@3.21.2_@types+node@26.1.1_magicast@0.5.2_nuxt@3.21.2_@emnapi+core@1._a4b3153523cf62a7d8205505e2d0041e/node_modules/@nuxt/vite-builder/dist/vite-node-entry.mjs)
  at process.processTicksAndRejections (node:internal/process/task_queues)
  at async Object.renderToString (node_modules/.pnpm/vue-bundle-renderer@2.2.0/node_modules/vue-bundle-renderer/dist/runtime.mjs)
 @ http://localhost:3000/_nuxt/node_modules/.pnpm/consola@3.4.2/node_modules/consola/dist/browser.mjs?v=4a573216:47
[     697ms] [INFO] <Suspense> is an experimental feature and its API will likely change. @ http://localhost:3000/_nuxt/node_modules/.pnpm/@vue+runtime-core@3.5.33/node_modules/@vue/runtime-core/dist/runtime-core.esm-bundler.js?v=4a573216:7239
[     770ms] [LOG] ✨ %cNuxt DevTools %c Press Shift + Option + D to open DevTools color: black; border-radius: 3px 0 0 3px; padding: 2px 2px 1px 10px; background: #00DC82 border-radius: 0 3px 3px 0; padding: 2px 10px 1px 2px; background: #00DC8220  @ http://localhost:3000/_nuxt/node_modules/.pnpm/@nuxt+devtools@3.2.4_supports-color@10.2.2_vite@7.3.2_@types+node@26.1.1_jiti@2.6.1_ter_28972f42c82fd27b0e3f96c17cda5782/node_modules/@nuxt/devtools/dist/runtime/plugins/devtools.client.js?v=4a573216:51
[     787ms] [LOG] %c[Vercel Web Analytics]%c Debug mode is enabled by default in development. No requests will be sent to the server. color: rgb(120, 120, 120) color: inherit @ https://va.vercel-scripts.com/v1/script.debug.js:0
[     787ms] [LOG] %c[Vercel Web Analytics]%c Running queued event color: rgb(120, 120, 120) color: inherit pageview {route: /demo, path: /demo} @ https://va.vercel-scripts.com/v1/script.debug.js:0
[     788ms] [LOG] %c[Vercel Web Analytics]%c [view] http://localhost:3000/demo color: rgb(120, 120, 120) color: inherit {o: http://localhost:3000/demo, sv: 0.1.3, sdkn: @vercel/analytics/nuxt, sdkv: 2.0.1, ts: 1788711023046} /_vercel/insights/view @ https://va.vercel-scripts.com/v1/script.debug.js:0
[    5346ms] [INFO] [gymscan] 0B calls explode 26 @ http://localhost:3000/_nuxt/utils/gymscan/stage.ts:1217
[    7130ms] [INFO] [gymscan] 0B calls planted 48 @ http://localhost:3000/_nuxt/utils/gymscan/stage.ts:1221
[   34005ms] [INFO] <Suspense> is an experimental feature and its API will likely change. @ http://localhost:3000/_nuxt/node_modules/.pnpm/@vue+runtime-core@3.5.33/node_modules/@vue/runtime-core/dist/runtime-core.esm-bundler.js?v=4a573216:7239
[   34045ms] [LOG] %c[Vercel Web Analytics]%c Debug mode is enabled by default in development. No requests will be sent to the server. color: rgb(120, 120, 120) color: inherit @ https://va.vercel-scripts.com/v1/script.debug.js:0
[   34045ms] [LOG] %c[Vercel Web Analytics]%c Running queued event color: rgb(120, 120, 120) color: inherit pageview {route: /demo, path: /demo} @ https://va.vercel-scripts.com/v1/script.debug.js:0
[   34045ms] [LOG] %c[Vercel Web Analytics]%c [view] http://localhost:3000/demo color: rgb(120, 120, 120) color: inherit {o: http://localhost:3000/demo, sv: 0.1.3, sdkn: @vercel/analytics/nuxt, sdkv: 2.0.1, ts: 1788711056303} /_vercel/insights/view @ https://va.vercel-scripts.com/v1/script.debug.js:0
[   34059ms] [LOG] ✨ %cNuxt DevTools %c Press Shift + Option + D to open DevTools color: black; border-radius: 3px 0 0 3px; padding: 2px 2px 1px 10px; background: #00DC82 border-radius: 0 3px 3px 0; padding: 2px 10px 1px 2px; background: #00DC8220  @ http://localhost:3000/_nuxt/node_modules/.pnpm/@nuxt+devtools@3.2.4_supports-color@10.2.2_vite@7.3.2_@types+node@26.1.1_jiti@2.6.1_ter_28972f42c82fd27b0e3f96c17cda5782/node_modules/@nuxt/devtools/dist/runtime/plugins/devtools.client.js?v=4a573216:51
[   38562ms] [INFO] [gymscan] 0B calls explode 26 @ http://localhost:3000/_nuxt/utils/gymscan/stage.ts:1217
[   40350ms] [INFO] [gymscan] 0B calls planted 48 @ http://localhost:3000/_nuxt/utils/gymscan/stage.ts:1221
[   93047ms] [INFO] <Suspense> is an experimental feature and its API will likely change. @ http://localhost:3000/_nuxt/node_modules/.pnpm/@vue+runtime-core@3.5.33/node_modules/@vue/runtime-core/dist/runtime-core.esm-bundler.js?v=4a573216:7239
[   93080ms] [LOG] %c[Vercel Web Analytics]%c Debug mode is enabled by default in development. No requests will be sent to the server. color: rgb(120, 120, 120) color: inherit @ https://va.vercel-scripts.com/v1/script.debug.js:0
[   93080ms] [LOG] %c[Vercel Web Analytics]%c Running queued event color: rgb(120, 120, 120) color: inherit pageview {route: /demo, path: /demo} @ https://va.vercel-scripts.com/v1/script.debug.js:0
[   93080ms] [LOG] %c[Vercel Web Analytics]%c [view] http://localhost:3000/demo?boot=1788711114969 color: rgb(120, 120, 120) color: inherit {o: http://localhost:3000/demo?boot=1788711114969, sv: 0.1.3, sdkn: @vercel/analytics/nuxt, sdkv: 2.0.1, ts: 1788711115339} /_vercel/insights/view @ https://va.vercel-scripts.com/v1/script.debug.js:0
[   93093ms] [LOG] ✨ %cNuxt DevTools %c Press Shift + Option + D to open DevTools color: black; border-radius: 3px 0 0 3px; padding: 2px 2px 1px 10px; background: #00DC82 border-radius: 0 3px 3px 0; padding: 2px 10px 1px 2px; background: #00DC8220  @ http://localhost:3000/_nuxt/node_modules/.pnpm/@nuxt+devtools@3.2.4_supports-color@10.2.2_vite@7.3.2_@types+node@26.1.1_jiti@2.6.1_ter_28972f42c82fd27b0e3f96c17cda5782/node_modules/@nuxt/devtools/dist/runtime/plugins/devtools.client.js?v=4a573216:51
[   97575ms] [INFO] [gymscan] 0B calls explode 26 @ http://localhost:3000/_nuxt/utils/gymscan/stage.ts:1217
[   99358ms] [INFO] [gymscan] 0B calls planted 48 @ http://localhost:3000/_nuxt/utils/gymscan/stage.ts:1221
[  102495ms] [INFO] <Suspense> is an experimental feature and its API will likely change. @ http://localhost:3000/_nuxt/node_modules/.pnpm/@vue+runtime-core@3.5.33/node_modules/@vue/runtime-core/dist/runtime-core.esm-bundler.js?v=4a573216:7239
[  102522ms] [LOG] %c[Vercel Web Analytics]%c Debug mode is enabled by default in development. No requests will be sent to the server. color: rgb(120, 120, 120) color: inherit @ https://va.vercel-scripts.com/v1/script.debug.js:0
[  102522ms] [LOG] %c[Vercel Web Analytics]%c Running queued event color: rgb(120, 120, 120) color: inherit pageview {route: /demo, path: /demo} @ https://va.vercel-scripts.com/v1/script.debug.js:0
[  102522ms] [LOG] %c[Vercel Web Analytics]%c [view] http://localhost:3000/demo?boot=1788711124472 color: rgb(120, 120, 120) color: inherit {o: http://localhost:3000/demo?boot=1788711124472, sv: 0.1.3, sdkn: @vercel/analytics/nuxt, sdkv: 2.0.1, ts: 1788711124781} /_vercel/insights/view @ https://va.vercel-scripts.com/v1/script.debug.js:0
[  102533ms] [LOG] ✨ %cNuxt DevTools %c Press Shift + Option + D to open DevTools color: black; border-radius: 3px 0 0 3px; padding: 2px 2px 1px 10px; background: #00DC82 border-radius: 0 3px 3px 0; padding: 2px 10px 1px 2px; background: #00DC8220  @ http://localhost:3000/_nuxt/node_modules/.pnpm/@nuxt+devtools@3.2.4_supports-color@10.2.2_vite@7.3.2_@types+node@26.1.1_jiti@2.6.1_ter_28972f42c82fd27b0e3f96c17cda5782/node_modules/@nuxt/devtools/dist/runtime/plugins/devtools.client.js?v=4a573216:51
[  107141ms] [INFO] [gymscan] 0B calls explode 26 @ http://localhost:3000/_nuxt/utils/gymscan/stage.ts:1217
[  108927ms] [INFO] [gymscan] 0B calls planted 48 @ http://localhost:3000/_nuxt/utils/gymscan/stage.ts:1221
[  200901ms] [INFO] [gymscan] 0B calls explode 26 @ http://localhost:3000/_nuxt/utils/gymscan/stage.ts:1217
[  202686ms] [INFO] [gymscan] 0B calls planted 48 @ http://localhost:3000/_nuxt/utils/gymscan/stage.ts:1221
[  261380ms] [LOG] %cssr:success%c Vite server hmr 3 files 
      background: #2ecc71;
      border-radius: 0.5em;
      color: white;
      font-weight: bold;
      padding: 2px 0.5em;
      in 0.013ms 
  at vite_node_entry_default (node_modules/.pnpm/@nuxt+vite-builder@3.21.2_@types+node@26.1.1_magicast@0.5.2_nuxt@3.21.2_@emnapi+core@1._a4b3153523cf62a7d8205505e2d0041e/node_modules/@nuxt/vite-builder/dist/vite-node-entry.mjs)
  at process.processTicksAndRejections (node:internal/process/task_queues)
  at async Object.renderToString (node_modules/.pnpm/vue-bundle-renderer@2.2.0/node_modules/vue-bundle-renderer/dist/runtime.mjs)
 @ http://localhost:3000/_nuxt/node_modules/.pnpm/consola@3.4.2/node_modules/consola/dist/browser.mjs?v=4a573216:47
[  261401ms] [INFO] <Suspense> is an experimental feature and its API will likely change. @ http://localhost:3000/_nuxt/node_modules/.pnpm/@vue+runtime-core@3.5.33/node_modules/@vue/runtime-core/dist/runtime-core.esm-bundler.js?v=4a573216:7239
[  261433ms] [LOG] %c[Vercel Web Analytics]%c Debug mode is enabled by default in development. No requests will be sent to the server. color: rgb(120, 120, 120) color: inherit @ https://va.vercel-scripts.com/v1/script.debug.js:0
[  261433ms] [LOG] %c[Vercel Web Analytics]%c Running queued event color: rgb(120, 120, 120) color: inherit pageview {route: /demo, path: /demo} @ https://va.vercel-scripts.com/v1/script.debug.js:0
[  261433ms] [LOG] %c[Vercel Web Analytics]%c [view] http://localhost:3000/demo?boot=1788711283088 color: rgb(120, 120, 120) color: inherit {o: http://localhost:3000/demo?boot=1788711283088, sv: 0.1.3, sdkn: @vercel/analytics/nuxt, sdkv: 2.0.1, ts: 1788711283692} /_vercel/insights/view @ https://va.vercel-scripts.com/v1/script.debug.js:0
[  261448ms] [LOG] ✨ %cNuxt DevTools %c Press Shift + Option + D to open DevTools color: black; border-radius: 3px 0 0 3px; padding: 2px 2px 1px 10px; background: #00DC82 border-radius: 0 3px 3px 0; padding: 2px 10px 1px 2px; background: #00DC8220  @ http://localhost:3000/_nuxt/node_modules/.pnpm/@nuxt+devtools@3.2.4_supports-color@10.2.2_vite@7.3.2_@types+node@26.1.1_jiti@2.6.1_ter_28972f42c82fd27b0e3f96c17cda5782/node_modules/@nuxt/devtools/dist/runtime/plugins/devtools.client.js?v=4a573216:51
[  265992ms] [INFO] [gymscan] 0B calls explode 26 @ http://localhost:3000/_nuxt/utils/gymscan/stage.ts:1217
[  267776ms] [INFO] [gymscan] 0B calls planted 48 @ http://localhost:3000/_nuxt/utils/gymscan/stage.ts:1221
[  315197ms] [LOG] %cssr:success%c Vite server hmr 13 files 
      background: #2ecc71;
      border-radius: 0.5em;
      color: white;
      font-weight: bold;
      padding: 2px 0.5em;
      in 10.027ms 
  at vite_node_entry_default (node_modules/.pnpm/@nuxt+vite-builder@3.21.2_@types+node@26.1.1_magicast@0.5.2_nuxt@3.21.2_@emnapi+core@1._a4b3153523cf62a7d8205505e2d0041e/node_modules/@nuxt/vite-builder/dist/vite-node-entry.mjs)
  at process.processTicksAndRejections (node:internal/process/task_queues)
  at async Object.renderToString (node_modules/.pnpm/vue-bundle-renderer@2.2.0/node_modules/vue-bundle-renderer/dist/runtime.mjs)
 @ http://localhost:3000/_nuxt/node_modules/.pnpm/consola@3.4.2/node_modules/consola/dist/browser.mjs?v=4a573216:47
[  315219ms] [INFO] <Suspense> is an experimental feature and its API will likely change. @ http://localhost:3000/_nuxt/node_modules/.pnpm/@vue+runtime-core@3.5.33/node_modules/@vue/runtime-core/dist/runtime-core.esm-bundler.js?v=4a573216:7239
[  315254ms] [LOG] %c[Vercel Web Analytics]%c Debug mode is enabled by default in development. No requests will be sent to the server. color: rgb(120, 120, 120) color: inherit @ https://va.vercel-scripts.com/v1/script.debug.js:0
[  315254ms] [LOG] %c[Vercel Web Analytics]%c Running queued event color: rgb(120, 120, 120) color: inherit pageview {route: /demo, path: /demo} @ https://va.vercel-scripts.com/v1/script.debug.js:0
[  315254ms] [LOG] %c[Vercel Web Analytics]%c [view] http://localhost:3000/demo?boot=1788711337072 color: rgb(120, 120, 120) color: inherit {o: http://localhost:3000/demo?boot=1788711337072, sv: 0.1.3, sdkn: @vercel/analytics/nuxt, sdkv: 2.0.1, ts: 1788711337513} /_vercel/insights/view @ https://va.vercel-scripts.com/v1/script.debug.js:0
[  315269ms] [LOG] ✨ %cNuxt DevTools %c Press Shift + Option + D to open DevTools color: black; border-radius: 3px 0 0 3px; padding: 2px 2px 1px 10px; background: #00DC82 border-radius: 0 3px 3px 0; padding: 2px 10px 1px 2px; background: #00DC8220  @ http://localhost:3000/_nuxt/node_modules/.pnpm/@nuxt+devtools@3.2.4_supports-color@10.2.2_vite@7.3.2_@types+node@26.1.1_jiti@2.6.1_ter_28972f42c82fd27b0e3f96c17cda5782/node_modules/@nuxt/devtools/dist/runtime/plugins/devtools.client.js?v=4a573216:51
[  319701ms] [INFO] [gymscan] 0B calls explode 26 @ http://localhost:3000/_nuxt/utils/gymscan/stage.ts:1217
[  321485ms] [INFO] [gymscan] 0B calls planted 48 @ http://localhost:3000/_nuxt/utils/gymscan/stage.ts:1221
[  362133ms] [INFO] <Suspense> is an experimental feature and its API will likely change. @ http://localhost:3000/_nuxt/node_modules/.pnpm/@vue+runtime-core@3.5.33/node_modules/@vue/runtime-core/dist/runtime-core.esm-bundler.js?v=4a573216:7239
[  362179ms] [LOG] %c[Vercel Web Analytics]%c Debug mode is enabled by default in development. No requests will be sent to the server. color: rgb(120, 120, 120) color: inherit @ https://va.vercel-scripts.com/v1/script.debug.js:0
[  362179ms] [LOG] %c[Vercel Web Analytics]%c Running queued event color: rgb(120, 120, 120) color: inherit pageview {route: /demo, path: /demo} @ https://va.vercel-scripts.com/v1/script.debug.js:0
[  362179ms] [LOG] %c[Vercel Web Analytics]%c [view] http://localhost:3000/demo?boot=1788711383972 color: rgb(120, 120, 120) color: inherit {o: http://localhost:3000/demo?boot=1788711383972, sv: 0.1.3, sdkn: @vercel/analytics/nuxt, sdkv: 2.0.1, ts: 1788711384438} /_vercel/insights/view @ https://va.vercel-scripts.com/v1/script.debug.js:0
[  362196ms] [LOG] ✨ %cNuxt DevTools %c Press Shift + Option + D to open DevTools color: black; border-radius: 3px 0 0 3px; padding: 2px 2px 1px 10px; background: #00DC82 border-radius: 0 3px 3px 0; padding: 2px 10px 1px 2px; background: #00DC8220  @ http://localhost:3000/_nuxt/node_modules/.pnpm/@nuxt+devtools@3.2.4_supports-color@10.2.2_vite@7.3.2_@types+node@26.1.1_jiti@2.6.1_ter_28972f42c82fd27b0e3f96c17cda5782/node_modules/@nuxt/devtools/dist/runtime/plugins/devtools.client.js?v=4a573216:51
[  366736ms] [INFO] [gymscan] 0B calls explode 9 @ http://localhost:3000/_nuxt/utils/gymscan/stage.ts:1217
[  368520ms] [INFO] [gymscan] 0B calls planted 24 @ http://localhost:3000/_nuxt/utils/gymscan/stage.ts:1221
[  383643ms] [WARNING] [nuxt] Cannot load payload  /for-trainers/_payload.json?1788711405882 TypeError: Load failed @ http://localhost:3000/_nuxt/node_modules/.pnpm/nuxt@3.21.2_@emnapi+core@1.10.0_@emnapi+runtime@1.11.3_@parcel+watcher@2.5.6_@types+nod_529923af24574705ccdd3c2cb50f4411/node_modules/nuxt/dist/app/composables/payload.js?t=1788710973350&v=4a573216:81
[  383644ms] [WARNING] [nuxt] Cannot load payload  /exercises/_payload.json?1788711405882 TypeError: Load failed @ http://localhost:3000/_nuxt/node_modules/.pnpm/nuxt@3.21.2_@emnapi+core@1.10.0_@emnapi+runtime@1.11.3_@parcel+watcher@2.5.6_@types+nod_529923af24574705ccdd3c2cb50f4411/node_modules/nuxt/dist/app/composables/payload.js?t=1788710973350&v=4a573216:81
[  383645ms] [WARNING] [nuxt] Cannot load payload  /pricing/_payload.json?1788711405882 TypeError: Load failed @ http://localhost:3000/_nuxt/node_modules/.pnpm/nuxt@3.21.2_@emnapi+core@1.10.0_@emnapi+runtime@1.11.3_@parcel+watcher@2.5.6_@types+nod_529923af24574705ccdd3c2cb50f4411/node_modules/nuxt/dist/app/composables/payload.js?t=1788710973350&v=4a573216:81
[  384012ms] [INFO] <Suspense> is an experimental feature and its API will likely change. @ http://localhost:3000/_nuxt/node_modules/.pnpm/@vue+runtime-core@3.5.33/node_modules/@vue/runtime-core/dist/runtime-core.esm-bundler.js?v=4a573216:7239
[  384047ms] [LOG] %c[Vercel Web Analytics]%c Debug mode is enabled by default in development. No requests will be sent to the server. color: rgb(120, 120, 120) color: inherit @ https://va.vercel-scripts.com/v1/script.debug.js:0
[  384047ms] [LOG] %c[Vercel Web Analytics]%c Running queued event color: rgb(120, 120, 120) color: inherit pageview {route: /demo, path: /demo} @ https://va.vercel-scripts.com/v1/script.debug.js:0
[  384047ms] [LOG] %c[Vercel Web Analytics]%c [view] http://localhost:3000/demo?skip=1788711405869 color: rgb(120, 120, 120) color: inherit {o: http://localhost:3000/demo?skip=1788711405869, sv: 0.1.3, sdkn: @vercel/analytics/nuxt, sdkv: 2.0.1, ts: 1788711406306} /_vercel/insights/view @ https://va.vercel-scripts.com/v1/script.debug.js:0
[  384062ms] [LOG] ✨ %cNuxt DevTools %c Press Shift + Option + D to open DevTools color: black; border-radius: 3px 0 0 3px; padding: 2px 2px 1px 10px; background: #00DC82 border-radius: 0 3px 3px 0; padding: 2px 10px 1px 2px; background: #00DC8220  @ http://localhost:3000/_nuxt/node_modules/.pnpm/@nuxt+devtools@3.2.4_supports-color@10.2.2_vite@7.3.2_@types+node@26.1.1_jiti@2.6.1_ter_28972f42c82fd27b0e3f96c17cda5782/node_modules/@nuxt/devtools/dist/runtime/plugins/devtools.client.js?v=4a573216:51
[  385884ms] [INFO] <Suspense> is an experimental feature and its API will likely change. @ http://localhost:3000/_nuxt/node_modules/.pnpm/@vue+runtime-core@3.5.33/node_modules/@vue/runtime-core/dist/runtime-core.esm-bundler.js?v=4a573216:7239
[  385924ms] [LOG] %c[Vercel Web Analytics]%c Debug mode is enabled by default in development. No requests will be sent to the server. color: rgb(120, 120, 120) color: inherit @ https://va.vercel-scripts.com/v1/script.debug.js:0
[  385925ms] [LOG] %c[Vercel Web Analytics]%c Running queued event color: rgb(120, 120, 120) color: inherit pageview {route: /demo, path: /demo} @ https://va.vercel-scripts.com/v1/script.debug.js:0
[  385925ms] [LOG] %c[Vercel Web Analytics]%c [view] http://localhost:3000/demo?rm=1788711407706 color: rgb(120, 120, 120) color: inherit {o: http://localhost:3000/demo?rm=1788711407706, sv: 0.1.3, sdkn: @vercel/analytics/nuxt, sdkv: 2.0.1, ts: 1788711408183} /_vercel/insights/view @ https://va.vercel-scripts.com/v1/script.debug.js:0
[  385937ms] [LOG] ✨ %cNuxt DevTools %c Press Shift + Option + D to open DevTools color: black; border-radius: 3px 0 0 3px; padding: 2px 2px 1px 10px; background: #00DC82 border-radius: 0 3px 3px 0; padding: 2px 10px 1px 2px; background: #00DC8220  @ http://localhost:3000/_nuxt/node_modules/.pnpm/@nuxt+devtools@3.2.4_supports-color@10.2.2_vite@7.3.2_@types+node@26.1.1_jiti@2.6.1_ter_28972f42c82fd27b0e3f96c17cda5782/node_modules/@nuxt/devtools/dist/runtime/plugins/devtools.client.js?v=4a573216:51
[  386502ms] [INFO] <Suspense> is an experimental feature and its API will likely change. @ http://localhost:3000/_nuxt/node_modules/.pnpm/@vue+runtime-core@3.5.33/node_modules/@vue/runtime-core/dist/runtime-core.esm-bundler.js?v=4a573216:7239
[  386521ms] [LOG] %c[Vercel Web Analytics]%c Debug mode is enabled by default in development. No requests will be sent to the server. color: rgb(120, 120, 120) color: inherit @ https://va.vercel-scripts.com/v1/script.debug.js:0
[  386521ms] [LOG] %c[Vercel Web Analytics]%c Running queued event color: rgb(120, 120, 120) color: inherit pageview {route: /contact/partner, path: /contact/partner} @ https://va.vercel-scripts.com/v1/script.debug.js:0
[  386521ms] [LOG] %c[Vercel Web Analytics]%c [view] http://localhost:3000/contact/partner color: rgb(120, 120, 120) color: inherit {o: http://localhost:3000/contact/partner, sv: 0.1.3, sdkn: @vercel/analytics/nuxt, sdkv: 2.0.1, ts: 1788711408780} /_vercel/insights/view @ https://va.vercel-scripts.com/v1/script.debug.js:0
[  386532ms] [LOG] ✨ %cNuxt DevTools %c Press Shift + Option + D to open DevTools color: black; border-radius: 3px 0 0 3px; padding: 2px 2px 1px 10px; background: #00DC82 border-radius: 0 3px 3px 0; padding: 2px 10px 1px 2px; background: #00DC8220  @ http://localhost:3000/_nuxt/node_modules/.pnpm/@nuxt+devtools@3.2.4_supports-color@10.2.2_vite@7.3.2_@types+node@26.1.1_jiti@2.6.1_ter_28972f42c82fd27b0e3f96c17cda5782/node_modules/@nuxt/devtools/dist/runtime/plugins/devtools.client.js?v=4a573216:51
[  386790ms] Blocked a frame with origin "https://challenges.cloudflare.com" from accessing a frame with origin "http://localhost:3000".  The frame requesting access has a protocol of "https", the frame being accessed has a protocol of "http". Protocols must match.

    at unknown (https://challenges.cloudflare.com/cdn-cgi/challenge-platform/h/g/turnstile/f/av0/rch/nl0u1/0x4AAAAAADV3ju2YEd8uiR-k/dark/fbE/new/flexible?lang=auto:1:49560)
    at HP (https://challenges.cloudflare.com/cdn-cgi/challenge-platform/h/g/turnstile/f/av0/rch/nl0u1/0x4AAAAAADV3ju2YEd8uiR-k/dark/fbE/new/flexible?lang=auto:1:208054)
    at H5 (https://challenges.cloudflare.com/cdn-cgi/challenge-platform/h/g/turnstile/f/av0/rch/nl0u1/0x4AAAAAADV3ju2YEd8uiR-k/dark/fbE/new/flexible?lang=auto:1:127655)
    at unknown (https://challenges.cloudflare.com/cdn-cgi/challenge-platform/h/g/turnstile/f/av0/rch/nl0u1/0x4AAAAAADV3ju2YEd8uiR-k/dark/fbE/new/flexible?lang=auto:1:49110)
    at HP (https://challenges.cloudflare.com/cdn-cgi/challenge-platform/h/g/turnstile/f/av0/rch/nl0u1/0x4AAAAAADV3ju2YEd8uiR-k/dark/fbE/new/flexible?lang=auto:1:208054)
    at flVeF (https://challenges.cloudflare.com/cdn-cgi/challenge-platform/h/g/turnstile/f/av0/rch/nl0u1/0x4AAAAAADV3ju2YEd8uiR-k/dark/fbE/new/flexible?lang=auto:1:91233)
    at J0 (https://challenges.cloudflare.com/cdn-cgi/challenge-platform/h/g/turnstile/f/av0/rch/nl0u1/0x4AAAAAADV3ju2YEd8uiR-k/dark/fbE/new/flexible?lang=auto:1:92721)
    at He (https://challenges.cloudflare.com/cdn-cgi/challenge-platform/h/g/turnstile/f/av0/rch/nl0u1/0x4AAAAAADV3ju2YEd8uiR-k/dark/fbE/new/flexible?lang=auto:1:228957)
    at Hx (https://challenges.cloudflare.com/cdn-cgi/challenge-platform/h/g/turnstile/f/av0/rch/nl0u1/0x4AAAAAADV3ju2YEd8uiR-k/dark/fbE/new/flexible?lang=auto:1:224824)
[  386934ms] [ERROR] Failed to load resource: the server responded with a status of 400 () @ https://challenges.cloudflare.com/cdn-cgi/challenge-platform/h/g/fo/1197279624:1788707334:Txm0ocitY3JTXxkcL5r3OGSsr15drffiIs-d_ujGMYU/a36ec7c24a37d87b/NBLHH4ZdtPnBuaLUYh37A4ChDaAJlkMSA3XzE9Zku3U-1788711409-1.2.1.1-PpvUezq78cIMPd3DvGod3Xi.9WOt6HMUCCx.6RftNlkdF1nDEqlxq4VhN9cay32a:0
[  397017ms] Blocked a frame with origin "https://challenges.cloudflare.com" from accessing a frame with origin "http://localhost:3000".  The frame requesting access has a protocol of "https", the frame being accessed has a protocol of "http". Protocols must match.

    at unknown (https://challenges.cloudflare.com/cdn-cgi/challenge-platform/h/g/turnstile/f/av0/rchtpESQhlvGCQGyYZKB9I2jyoI9M7ds_YSx0fTg6Vu75k-1788711409-1.3.1.1-PEHjwpGNXHzT6dO.iKoww1g7Dy25qMZOqk5f5Yymb6w/nl0u1/0x4AAAAAADV3ju2YEd8uiR-k/dark/fbE/failure_retry/flexible?lang=auto:1:50039)
    at Hr (https://challenges.cloudflare.com/cdn-cgi/challenge-platform/h/g/turnstile/f/av0/rchtpESQhlvGCQGyYZKB9I2jyoI9M7ds_YSx0fTg6Vu75k-1788711409-1.3.1.1-PEHjwpGNXHzT6dO.iKoww1g7Dy25qMZOqk5f5Yymb6w/nl0u1/0x4AAAAAADV3ju2YEd8uiR-k/dark/fbE/failure_retry/flexible?lang=auto:1:163422)
    at H4 (https://challenges.cloudflare.com/cdn-cgi/challenge-platform/h/g/turnstile/f/av0/rchtpESQhlvGCQGyYZKB9I2jyoI9M7ds_YSx0fTg6Vu75k-1788711409-1.3.1.1-PEHjwpGNXHzT6dO.iKoww1g7Dy25qMZOqk5f5Yymb6w/nl0u1/0x4AAAAAADV3ju2YEd8uiR-k/dark/fbE/failure_retry/flexible?lang=auto:1:78806)
    at unknown (https://challenges.cloudflare.com/cdn-cgi/challenge-platform/h/g/turnstile/f/av0/rchtpESQhlvGCQGyYZKB9I2jyoI9M7ds_YSx0fTg6Vu75k-1788711409-1.3.1.1-PEHjwpGNXHzT6dO.iKoww1g7Dy25qMZOqk5f5Yymb6w/nl0u1/0x4AAAAAADV3ju2YEd8uiR-k/dark/fbE/failure_retry/flexible?lang=auto:1:49589)
    at Hr (https://challenges.cloudflare.com/cdn-cgi/challenge-platform/h/g/turnstile/f/av0/rchtpESQhlvGCQGyYZKB9I2jyoI9M7ds_YSx0fTg6Vu75k-1788711409-1.3.1.1-PEHjwpGNXHzT6dO.iKoww1g7Dy25qMZOqk5f5Yymb6w/nl0u1/0x4AAAAAADV3ju2YEd8uiR-k/dark/fbE/failure_retry/flexible?lang=auto:1:163422)
    at D (https://challenges.cloudflare.com/cdn-cgi/challenge-platform/h/g/turnstile/f/av0/rchtpESQhlvGCQGyYZKB9I2jyoI9M7ds_YSx0fTg6Vu75k-1788711409-1.3.1.1-PEHjwpGNXHzT6dO.iKoww1g7Dy25qMZOqk5f5Yymb6w/nl0u1/0x4AAAAAADV3ju2YEd8uiR-k/dark/fbE/failure_retry/flexible?lang=auto:1:73116)
    at UYXNa (https://challenges.cloudflare.com/cdn-cgi/challenge-platform/h/g/turnstile/f/av0/rchtpESQhlvGCQGyYZKB9I2jyoI9M7ds_YSx0fTg6Vu75k-1788711409-1.3.1.1-PEHjwpGNXHzT6dO.iKoww1g7Dy25qMZOqk5f5Yymb6w/nl0u1/0x4AAAAAADV3ju2YEd8uiR-k/dark/fbE/failure_retry/flexible?lang=auto:1:248809)
    at He (https://challenges.cloudflare.com/cdn-cgi/challenge-platform/h/g/turnstile/f/av0/rchtpESQhlvGCQGyYZKB9I2jyoI9M7ds_YSx0fTg6Vu75k-1788711409-1.3.1.1-PEHjwpGNXHzT6dO.iKoww1g7Dy25qMZOqk5f5Yymb6w/nl0u1/0x4AAAAAADV3ju2YEd8uiR-k/dark/fbE/failure_retry/flexible?lang=auto:1:256981)
    at Hx (https://challenges.cloudflare.com/cdn-cgi/challenge-platform/h/g/turnstile/f/av0/rchtpESQhlvGCQGyYZKB9I2jyoI9M7ds_YSx0fTg6Vu75k-1788711409-1.3.1.1-PEHjwpGNXHzT6dO.iKoww1g7Dy25qMZOqk5f5Yymb6w/nl0u1/0x4AAAAAADV3ju2YEd8uiR-k/dark/fbE/failure_retry/flexible?lang=auto:1:251345)
[  397162ms] [ERROR] Failed to load resource: the server responded with a status of 400 () @ https://challenges.cloudflare.com/cdn-cgi/challenge-platform/h/g/fo/1197279624:1788707334:Txm0ocitY3JTXxkcL5r3OGSsr15drffiIs-d_ujGMYU/a36ec8028d98d87b/AvS01G9eLDuBNfS63nNXYZt0b5pxwt2eaFqFs49hmEc-1788711419-1.2.1.1-GGoFlXe6izefpf8lkUwznYre7fNfyN9HW4zKVtjY4y5LhFxQH7qHaDrPQluSWo2O:0
[  407243ms] Blocked a frame with origin "https://challenges.cloudflare.com" from accessing a frame with origin "http://localhost:3000".  The frame requesting access has a protocol of "https", the frame being accessed has a protocol of "http". Protocols must match.

    at unknown (https://challenges.cloudflare.com/cdn-cgi/challenge-platform/h/g/turnstile/f/av0/rchB5UnGmbxfGorF88tUJ8e4.j..IGRjNdKrhcm8o_1hSM-1788711419-1.3.1.1-4gqPZ3UdWZ2OLlAYtbvmhIMmxhVydWURSXDW5sebrXo/nl0u1/0x4AAAAAADV3ju2YEd8uiR-k/dark/fbE/failure_retry/flexible?lang=auto:1:49428)
    at rA (https://challenges.cloudflare.com/cdn-cgi/challenge-platform/h/g/turnstile/f/av0/rchB5UnGmbxfGorF88tUJ8e4.j..IGRjNdKrhcm8o_1hSM-1788711419-1.3.1.1-4gqPZ3UdWZ2OLlAYtbvmhIMmxhVydWURSXDW5sebrXo/nl0u1/0x4AAAAAADV3ju2YEd8uiR-k/dark/fbE/failure_retry/flexible?lang=auto:1:94155)
    at AXJNh (https://challenges.cloudflare.com/cdn-cgi/challenge-platform/h/g/turnstile/f/av0/rchB5UnGmbxfGorF88tUJ8e4.j..IGRjNdKrhcm8o_1hSM-1788711419-1.3.1.1-4gqPZ3UdWZ2OLlAYtbvmhIMmxhVydWURSXDW5sebrXo/nl0u1/0x4AAAAAADV3ju2YEd8uiR-k/dark/fbE/failure_retry/flexible?lang=auto:1:56381)
    at r4 (https://challenges.cloudflare.com/cdn-cgi/challenge-platform/h/g/turnstile/f/av0/rchB5UnGmbxfGorF88tUJ8e4.j..IGRjNdKrhcm8o_1hSM-1788711419-1.3.1.1-4gqPZ3UdWZ2OLlAYtbvmhIMmxhVydWURSXDW5sebrXo/nl0u1/0x4AAAAAADV3ju2YEd8uiR-k/dark/fbE/failure_retry/flexible?lang=auto:1:57677)
    at unknown (https://challenges.cloudflare.com/cdn-cgi/challenge-platform/h/g/turnstile/f/av0/rchB5UnGmbxfGorF88tUJ8e4.j..IGRjNdKrhcm8o_1hSM-1788711419-1.3.1.1-4gqPZ3UdWZ2OLlAYtbvmhIMmxhVydWURSXDW5sebrXo/nl0u1/0x4AAAAAADV3ju2YEd8uiR-k/dark/fbE/failure_retry/flexible?lang=auto:1:48978)
    at rA (https://challenges.cloudflare.com/cdn-cgi/challenge-platform/h/g/turnstile/f/av0/rchB5UnGmbxfGorF88tUJ8e4.j..IGRjNdKrhcm8o_1hSM-1788711419-1.3.1.1-4gqPZ3UdWZ2OLlAYtbvmhIMmxhVydWURSXDW5sebrXo/nl0u1/0x4AAAAAADV3ju2YEd8uiR-k/dark/fbE/failure_retry/flexible?lang=auto:1:94155)
    at Q (https://challenges.cloudflare.com/cdn-cgi/challenge-platform/h/g/turnstile/f/av0/rchB5UnGmbxfGorF88tUJ8e4.j..IGRjNdKrhcm8o_1hSM-1788711419-1.3.1.1-4gqPZ3UdWZ2OLlAYtbvmhIMmxhVydWURSXDW5sebrXo/nl0u1/0x4AAAAAADV3ju2YEd8uiR-k/dark/fbE/failure_retry/flexible?lang=auto:1:70066)
    at rf (https://challenges.cloudflare.com/cdn-cgi/challenge-platform/h/g/turnstile/f/av0/rchB5UnGmbxfGorF88tUJ8e4.j..IGRjNdKrhcm8o_1hSM-1788711419-1.3.1.1-4gqPZ3UdWZ2OLlAYtbvmhIMmxhVydWURSXDW5sebrXo/nl0u1/0x4AAAAAADV3ju2YEd8uiR-k/dark/fbE/failure_retry/flexible?lang=auto:1:135847)
    at rl (https://challenges.cloudflare.com/cdn-cgi/challenge-platform/h/g/turnstile/f/av0/rchB5UnGmbxfGorF88tUJ8e4.j..IGRjNdKrhcm8o_1hSM-1788711419-1.3.1.1-4gqPZ3UdWZ2OLlAYtbvmhIMmxhVydWURSXDW5sebrXo/nl0u1/0x4AAAAAADV3ju2YEd8uiR-k/dark/fbE/failure_retry/flexible?lang=auto:1:130367)
[  407391ms] [ERROR] Failed to load resource: the server responded with a status of 400 () @ https://challenges.cloudflare.com/cdn-cgi/challenge-platform/h/g/fo/1197279624:1788707334:Txm0ocitY3JTXxkcL5r3OGSsr15drffiIs-d_ujGMYU/a36ec842681fd87b/cCaP0rZxYqjgpySDNFJEE9C4ewiHGBKji7Bc1EUKCjE-1788711429-1.2.1.1-QSJ58VTAdsYqGPHjjfyLuMKgNg5qYLRCJuCWuIb.gTnnqm_BUubg4I1M4zz1YXrh:0
[  417494ms] Blocked a frame with origin "https://challenges.cloudflare.com" from accessing a frame with origin "http://localhost:3000".  The frame requesting access has a protocol of "https", the frame being accessed has a protocol of "http". Protocols must match.

    at unknown (https://challenges.cloudflare.com/cdn-cgi/challenge-platform/h/g/turnstile/f/av0/rchUx2cMnmE_mQoEDuN3zRzv.zvGWsYbzjnzPTJc8XAgdg-1788711429-1.3.1.1-lUOnDXl1YHv2gyjyVQAROAZc.F96Ou_SXf7f2XZyLB0/nl0u1/0x4AAAAAADV3ju2YEd8uiR-k/dark/fbE/failure_retry/flexible?lang=auto:1:48818)
    at rA (https://challenges.cloudflare.com/cdn-cgi/challenge-platform/h/g/turnstile/f/av0/rchUx2cMnmE_mQoEDuN3zRzv.zvGWsYbzjnzPTJc8XAgdg-1788711429-1.3.1.1-lUOnDXl1YHv2gyjyVQAROAZc.F96Ou_SXf7f2XZyLB0/nl0u1/0x4AAAAAADV3ju2YEd8uiR-k/dark/fbE/failure_retry/flexible?lang=auto:1:238684)
    at zfzpM (https://challenges.cloudflare.com/cdn-cgi/challenge-platform/h/g/turnstile/f/av0/rchUx2cMnmE_mQoEDuN3zRzv.zvGWsYbzjnzPTJc8XAgdg-1788711429-1.3.1.1-lUOnDXl1YHv2gyjyVQAROAZc.F96Ou_SXf7f2XZyLB0/nl0u1/0x4AAAAAADV3ju2YEd8uiR-k/dark/fbE/failure_retry/flexible?lang=auto:1:92584)
    at r4 (https://challenges.cloudflare.com/cdn-cgi/challenge-platform/h/g/turnstile/f/av0/rchUx2cMnmE_mQoEDuN3zRzv.zvGWsYbzjnzPTJc8XAgdg-1788711429-1.3.1.1-lUOnDXl1YHv2gyjyVQAROAZc.F96Ou_SXf7f2XZyLB0/nl0u1/0x4AAAAAADV3ju2YEd8uiR-k/dark/fbE/failure_retry/flexible?lang=auto:1:93892)
    at unknown (https://challenges.cloudflare.com/cdn-cgi/challenge-platform/h/g/turnstile/f/av0/rchUx2cMnmE_mQoEDuN3zRzv.zvGWsYbzjnzPTJc8XAgdg-1788711429-1.3.1.1-lUOnDXl1YHv2gyjyVQAROAZc.F96Ou_SXf7f2XZyLB0/nl0u1/0x4AAAAAADV3ju2YEd8uiR-k/dark/fbE/failure_retry/flexible?lang=auto:1:48368)
    at rA (https://challenges.cloudflare.com/cdn-cgi/challenge-platform/h/g/turnstile/f/av0/rchUx2cMnmE_mQoEDuN3zRzv.zvGWsYbzjnzPTJc8XAgdg-1788711429-1.3.1.1-lUOnDXl1YHv2gyjyVQAROAZc.F96Ou_SXf7f2XZyLB0/nl0u1/0x4AAAAAADV3ju2YEd8uiR-k/dark/fbE/failure_retry/flexible?lang=auto:1:238684)
    at Q (https://challenges.cloudflare.com/cdn-cgi/challenge-platform/h/g/turnstile/f/av0/rchUx2cMnmE_mQoEDuN3zRzv.zvGWsYbzjnzPTJc8XAgdg-1788711429-1.3.1.1-lUOnDXl1YHv2gyjyVQAROAZc.F96Ou_SXf7f2XZyLB0/nl0u1/0x4AAAAAADV3ju2YEd8uiR-k/dark/fbE/failure_retry/flexible?lang=auto:1:59817)
    at rf (https://challenges.cloudflare.com/cdn-cgi/challenge-platform/h/g/turnstile/f/av0/rchUx2cMnmE_mQoEDuN3zRzv.zvGWsYbzjnzPTJc8XAgdg-1788711429-1.3.1.1-lUOnDXl1YHv2gyjyVQAROAZc.F96Ou_SXf7f2XZyLB0/nl0u1/0x4AAAAAADV3ju2YEd8uiR-k/dark/fbE/failure_retry/flexible?lang=auto:1:168441)
    at rl (https://challenges.cloudflare.com/cdn-cgi/challenge-platform/h/g/turnstile/f/av0/rchUx2cMnmE_mQoEDuN3zRzv.zvGWsYbzjnzPTJc8XAgdg-1788711429-1.3.1.1-lUOnDXl1YHv2gyjyVQAROAZc.F96Ou_SXf7f2XZyLB0/nl0u1/0x4AAAAAADV3ju2YEd8uiR-k/dark/fbE/failure_retry/flexible?lang=auto:1:165843)
[  417635ms] [ERROR] Failed to load resource: the server responded with a status of 400 () @ https://challenges.cloudflare.com/cdn-cgi/challenge-platform/h/g/fo/1197279624:1788707334:Txm0ocitY3JTXxkcL5r3OGSsr15drffiIs-d_ujGMYU/a36ec882697ad87b/ttJb4IVkwmRNIuCZZLwF__u79MIYJu_A8TyE7fFW.5s-1788711439-1.2.1.1-8IvsVedW.ofCeaskub4IHE_u89Dx11KJm4HRuc16xRwsqjxoOCn.NtEtJ8eZNt13:0
[  421159ms] [ERROR] WebSocket connection to 'ws://localhost:3000/_nuxt/?token=BAL8Un8m3Q2z' failed: The network connection was lost. @ :0
[  421159ms] [LOG] [vite] server connection lost. Polling for restart... @ http://localhost:3000/_nuxt/@vite/client:864
[  422320ms] [ERROR] Failed to load resource: the server responded with a status of 503 (Service Unavailable) @ http://localhost:3000/contact/partner:0
[  422387ms] [ERROR] Failed to load resource: the server responded with a status of 503 (Service Unavailable) @ http://localhost:3000/contact/partner:0
[  423480ms] [ERROR] Failed to load resource: the server responded with a status of 503 (Service Unavailable) @ http://localhost:3000/contact/partner:0
[  426221ms] [INFO] <Suspense> is an experimental feature and its API will likely change. @ http://localhost:3000/_nuxt/node_modules/.pnpm/@vue+runtime-core@3.5.33/node_modules/@vue/runtime-core/dist/runtime-core.esm-bundler.js?v=4a573216:7239
[  426275ms] [LOG] %c[Vercel Web Analytics]%c Debug mode is enabled by default in development. No requests will be sent to the server. color: rgb(120, 120, 120) color: inherit @ https://va.vercel-scripts.com/v1/script.debug.js:0
[  426275ms] [LOG] %c[Vercel Web Analytics]%c Running queued event color: rgb(120, 120, 120) color: inherit pageview {route: /contact/partner, path: /contact/partner} @ https://va.vercel-scripts.com/v1/script.debug.js:0
[  426276ms] [LOG] %c[Vercel Web Analytics]%c [view] http://localhost:3000/contact/partner color: rgb(120, 120, 120) color: inherit {o: http://localhost:3000/contact/partner, sv: 0.1.3, sdkn: @vercel/analytics/nuxt, sdkv: 2.0.1, ts: 1788711448535} /_vercel/insights/view @ https://va.vercel-scripts.com/v1/script.debug.js:0
[  426293ms] [LOG] ✨ %cNuxt DevTools %c Press Shift + Option + D to open DevTools color: black; border-radius: 3px 0 0 3px; padding: 2px 2px 1px 10px; background: #00DC82 border-radius: 0 3px 3px 0; padding: 2px 10px 1px 2px; background: #00DC8220  @ http://localhost:3000/_nuxt/node_modules/.pnpm/@nuxt+devtools@3.2.4_supports-color@10.2.2_vite@7.3.2_@types+node@26.1.1_jiti@2.6.1_ter_28972f42c82fd27b0e3f96c17cda5782/node_modules/@nuxt/devtools/dist/runtime/plugins/devtools.client.js?v=4a573216:51
[  426395ms] Blocked a frame with origin "https://challenges.cloudflare.com" from accessing a frame with origin "http://localhost:3000".  The frame requesting access has a protocol of "https", the frame being accessed has a protocol of "http". Protocols must match.

    at unknown (https://challenges.cloudflare.com/cdn-cgi/challenge-platform/h/g/turnstile/f/av0/rch/mr1wa/0x4AAAAAADV3ju2YEd8uiR-k/dark/fbE/new/flexible?lang=auto:1:49612)
    at Hr (https://challenges.cloudflare.com/cdn-cgi/challenge-platform/h/g/turnstile/f/av0/rch/mr1wa/0x4AAAAAADV3ju2YEd8uiR-k/dark/fbE/new/flexible?lang=auto:1:78701)
    at rVPLJ (https://challenges.cloudflare.com/cdn-cgi/challenge-platform/h/g/turnstile/f/av0/rch/mr1wa/0x4AAAAAADV3ju2YEd8uiR-k/dark/fbE/new/flexible?lang=auto:1:242047)
    at H4 (https://challenges.cloudflare.com/cdn-cgi/challenge-platform/h/g/turnstile/f/av0/rch/mr1wa/0x4AAAAAADV3ju2YEd8uiR-k/dark/fbE/new/flexible?lang=auto:1:243541)
    at unknown (https://challenges.cloudflare.com/cdn-cgi/challenge-platform/h/g/turnstile/f/av0/rch/mr1wa/0x4AAAAAADV3ju2YEd8uiR-k/dark/fbE/new/flexible?lang=auto:1:49162)
    at Hr (https://challenges.cloudflare.com/cdn-cgi/challenge-platform/h/g/turnstile/f/av0/rch/mr1wa/0x4AAAAAADV3ju2YEd8uiR-k/dark/fbE/new/flexible?lang=auto:1:78701)
    at Lkeqk (https://challenges.cloudflare.com/cdn-cgi/challenge-platform/h/g/turnstile/f/av0/rch/mr1wa/0x4AAAAAADV3ju2YEd8uiR-k/dark/fbE/new/flexible?lang=auto:1:171071)
    at D (https://challenges.cloudflare.com/cdn-cgi/challenge-platform/h/g/turnstile/f/av0/rch/mr1wa/0x4AAAAAADV3ju2YEd8uiR-k/dark/fbE/new/flexible?lang=auto:1:179877)
    at TlHbf (https://challenges.cloudflare.com/cdn-cgi/challenge-platform/h/g/turnstile/f/av0/rch/mr1wa/0x4AAAAAADV3ju2YEd8uiR-k/dark/fbE/new/flexible?lang=auto:1:90363)
    at He (https://challenges.cloudflare.com/cdn-cgi/challenge-platform/h/g/turnstile/f/av0/rch/mr1wa/0x4AAAAAADV3ju2YEd8uiR-k/dark/fbE/new/flexible?lang=auto:1:94534)
    at Hx (https://challenges.cloudflare.com/cdn-cgi/challenge-platform/h/g/turnstile/f/av0/rch/mr1wa/0x4AAAAAADV3ju2YEd8uiR-k/dark/fbE/new/flexible?lang=auto:1:92851)
[  426546ms] [ERROR] Failed to load resource: the server responded with a status of 400 () @ https://challenges.cloudflare.com/cdn-cgi/challenge-platform/h/g/fo/1197279624:1788707334:Txm0ocitY3JTXxkcL5r3OGSsr15drffiIs-d_ujGMYU/a36ec8b9fdc1d87b/cMg9gH62CLuKoHglCxg0ZlYGRZBK3MuIUHhU76AJUWk-1788711448-1.2.1.1-guw02Kbns1x77nYlh0su276SUPOMUgqPm9a.diYcsoBEs.Mds2Yo5tKqth1RcrOC:0
[  429321ms] [ERROR] WebSocket connection to 'ws://localhost:3000/_nuxt/?token=eCPTtLhFAXke' failed: The network connection was lost. @ :0
[  429322ms] [LOG] [vite] server connection lost. Polling for restart... @ http://localhost:3000/_nuxt/@vite/client:864
[  430462ms] [ERROR] Failed to load resource: the server responded with a status of 503 (Service Unavailable) @ http://localhost:3000/contact/partner:0
[  430479ms] [ERROR] Failed to load resource: the server responded with a status of 503 (Service Unavailable) @ http://localhost:3000/contact/partner:0
[  433794ms] [INFO] <Suspense> is an experimental feature and its API will likely change. @ http://localhost:3000/_nuxt/node_modules/.pnpm/@vue+runtime-core@3.5.33/node_modules/@vue/runtime-core/dist/runtime-core.esm-bundler.js?v=4a573216:7239
[  433879ms] [LOG] %c[Vercel Web Analytics]%c Debug mode is enabled by default in development. No requests will be sent to the server. color: rgb(120, 120, 120) color: inherit @ https://va.vercel-scripts.com/v1/script.debug.js:0
[  433879ms] [LOG] %c[Vercel Web Analytics]%c Running queued event color: rgb(120, 120, 120) color: inherit pageview {route: /contact/partner, path: /contact/partner} @ https://va.vercel-scripts.com/v1/script.debug.js:0
[  433880ms] [LOG] %c[Vercel Web Analytics]%c [view] http://localhost:3000/contact/partner color: rgb(120, 120, 120) color: inherit {o: http://localhost:3000/contact/partner, sv: 0.1.3, sdkn: @vercel/analytics/nuxt, sdkv: 2.0.1, ts: 1788711456138} /_vercel/insights/view @ https://va.vercel-scripts.com/v1/script.debug.js:0
[  433894ms] [LOG] ✨ %cNuxt DevTools %c Press Shift + Option + D to open DevTools color: black; border-radius: 3px 0 0 3px; padding: 2px 2px 1px 10px; background: #00DC82 border-radius: 0 3px 3px 0; padding: 2px 10px 1px 2px; background: #00DC8220  @ http://localhost:3000/_nuxt/node_modules/.pnpm/@nuxt+devtools@3.2.4_supports-color@10.2.2_vite@7.3.2_@types+node@26.1.1_jiti@2.6.1_ter_28972f42c82fd27b0e3f96c17cda5782/node_modules/@nuxt/devtools/dist/runtime/plugins/devtools.client.js?v=4a573216:51
[  433995ms] Blocked a frame with origin "https://challenges.cloudflare.com" from accessing a frame with origin "http://localhost:3000".  The frame requesting access has a protocol of "https", the frame being accessed has a protocol of "http". Protocols must match.

    at unknown (https://challenges.cloudflare.com/cdn-cgi/challenge-platform/h/g/turnstile/f/av0/rch/azxta/0x4AAAAAADV3ju2YEd8uiR-k/dark/fbE/new/flexible?lang=auto:1:49254)
    at rA (https://challenges.cloudflare.com/cdn-cgi/challenge-platform/h/g/turnstile/f/av0/rch/azxta/0x4AAAAAADV3ju2YEd8uiR-k/dark/fbE/new/flexible?lang=auto:1:81669)
    at r4 (https://challenges.cloudflare.com/cdn-cgi/challenge-platform/h/g/turnstile/f/av0/rch/azxta/0x4AAAAAADV3ju2YEd8uiR-k/dark/fbE/new/flexible?lang=auto:1:145706)
    at unknown (https://challenges.cloudflare.com/cdn-cgi/challenge-platform/h/g/turnstile/f/av0/rch/azxta/0x4AAAAAADV3ju2YEd8uiR-k/dark/fbE/new/flexible?lang=auto:1:48804)
    at rA (https://challenges.cloudflare.com/cdn-cgi/challenge-platform/h/g/turnstile/f/av0/rch/azxta/0x4AAAAAADV3ju2YEd8uiR-k/dark/fbE/new/flexible?lang=auto:1:81669)
    at ILdXM (https://challenges.cloudflare.com/cdn-cgi/challenge-platform/h/g/turnstile/f/av0/rch/azxta/0x4AAAAAADV3ju2YEd8uiR-k/dark/fbE/new/flexible?lang=auto:1:232488)
    at Q (https://challenges.cloudflare.com/cdn-cgi/challenge-platform/h/g/turnstile/f/av0/rch/azxta/0x4AAAAAADV3ju2YEd8uiR-k/dark/fbE/new/flexible?lang=auto:1:240909)
    at lwjgw (https://challenges.cloudflare.com/cdn-cgi/challenge-platform/h/g/turnstile/f/av0/rch/azxta/0x4AAAAAADV3ju2YEd8uiR-k/dark/fbE/new/flexible?lang=auto:1:170006)
    at rf (https://challenges.cloudflare.com/cdn-cgi/challenge-platform/h/g/turnstile/f/av0/rch/azxta/0x4AAAAAADV3ju2YEd8uiR-k/dark/fbE/new/flexible?lang=auto:1:174538)
    at rl (https://challenges.cloudflare.com/cdn-cgi/challenge-platform/h/g/turnstile/f/av0/rch/azxta/0x4AAAAAADV3ju2YEd8uiR-k/dark/fbE/new/flexible?lang=auto:1:172480)
[  434139ms] [ERROR] Failed to load resource: the server responded with a status of 400 () @ https://challenges.cloudflare.com/cdn-cgi/challenge-platform/h/g/fo/1197279624:1788707334:Txm0ocitY3JTXxkcL5r3OGSsr15drffiIs-d_ujGMYU/a36ec8e97cc3d87b/i9DuSvoU1JEAfrcBICSOJvk8PYlCMT6QQv.FXkMGFCA-1788711456-1.2.1.1-TbccIy9GXj0IuKOjlX0koQPTuUSfVZKKVnEX6hfwO.iX8QtiaYh8zPI6ziC51fkO:0
[  444238ms] Blocked a frame with origin "https://challenges.cloudflare.com" from accessing a frame with origin "http://localhost:3000".  The frame requesting access has a protocol of "https", the frame being accessed has a protocol of "http". Protocols must match.

    at unknown (https://challenges.cloudflare.com/cdn-cgi/challenge-platform/h/g/turnstile/f/av0/rchwgYMBk5kJrXiLaEYcTajHs_evXL.FMh.iSrRgt0OQQ8-1788711456-1.3.1.1-Oa3F5BhMIxKPsM0..21iKDzJcxsNsgEB3_N8sqdEd5Y/azxta/0x4AAAAAADV3ju2YEd8uiR-k/dark/fbE/failure_retry/flexible?lang=auto:1:50751)
    at rA (https://challenges.cloudflare.com/cdn-cgi/challenge-platform/h/g/turnstile/f/av0/rchwgYMBk5kJrXiLaEYcTajHs_evXL.FMh.iSrRgt0OQQ8-1788711456-1.3.1.1-Oa3F5BhMIxKPsM0..21iKDzJcxsNsgEB3_N8sqdEd5Y/azxta/0x4AAAAAADV3ju2YEd8uiR-k/dark/fbE/failure_retry/flexible?lang=auto:1:75088)
    at ZQRqs (https://challenges.cloudflare.com/cdn-cgi/challenge-platform/h/g/turnstile/f/av0/rchwgYMBk5kJrXiLaEYcTajHs_evXL.FMh.iSrRgt0OQQ8-1788711456-1.3.1.1-Oa3F5BhMIxKPsM0..21iKDzJcxsNsgEB3_N8sqdEd5Y/azxta/0x4AAAAAADV3ju2YEd8uiR-k/dark/fbE/failure_retry/flexible?lang=auto:1:93774)
    at r4 (https://challenges.cloudflare.com/cdn-cgi/challenge-platform/h/g/turnstile/f/av0/rchwgYMBk5kJrXiLaEYcTajHs_evXL.FMh.iSrRgt0OQQ8-1788711456-1.3.1.1-Oa3F5BhMIxKPsM0..21iKDzJcxsNsgEB3_N8sqdEd5Y/azxta/0x4AAAAAADV3ju2YEd8uiR-k/dark/fbE/failure_retry/flexible?lang=auto:1:95082)
    at unknown (https://challenges.cloudflare.com/cdn-cgi/challenge-platform/h/g/turnstile/f/av0/rchwgYMBk5kJrXiLaEYcTajHs_evXL.FMh.iSrRgt0OQQ8-1788711456-1.3.1.1-Oa3F5BhMIxKPsM0..21iKDzJcxsNsgEB3_N8sqdEd5Y/azxta/0x4AAAAAADV3ju2YEd8uiR-k/dark/fbE/failure_retry/flexible?lang=auto:1:50301)
    at rA (https://challenges.cloudflare.com/cdn-cgi/challenge-platform/h/g/turnstile/f/av0/rchwgYMBk5kJrXiLaEYcTajHs_evXL.FMh.iSrRgt0OQQ8-1788711456-1.3.1.1-Oa3F5BhMIxKPsM0..21iKDzJcxsNsgEB3_N8sqdEd5Y/azxta/0x4AAAAAADV3ju2YEd8uiR-k/dark/fbE/failure_retry/flexible?lang=auto:1:75088)
    at Q (https://challenges.cloudflare.com/cdn-cgi/challenge-platform/h/g/turnstile/f/av0/rchwgYMBk5kJrXiLaEYcTajHs_evXL.FMh.iSrRgt0OQQ8-1788711456-1.3.1.1-Oa3F5BhMIxKPsM0..21iKDzJcxsNsgEB3_N8sqdEd5Y/azxta/0x4AAAAAADV3ju2YEd8uiR-k/dark/fbE/failure_retry/flexible?lang=auto:1:236572)
    at rf (https://challenges.cloudflare.com/cdn-cgi/challenge-platform/h/g/turnstile/f/av0/rchwgYMBk5kJrXiLaEYcTajHs_evXL.FMh.iSrRgt0OQQ8-1788711456-1.3.1.1-Oa3F5BhMIxKPsM0..21iKDzJcxsNsgEB3_N8sqdEd5Y/azxta/0x4AAAAAADV3ju2YEd8uiR-k/dark/fbE/failure_retry/flexible?lang=auto:1:202336)
    at SAUCx (https://challenges.cloudflare.com/cdn-cgi/challenge-platform/h/g/turnstile/f/av0/rchwgYMBk5kJrXiLaEYcTajHs_evXL.FMh.iSrRgt0OQQ8-1788711456-1.3.1.1-Oa3F5BhMIxKPsM0..21iKDzJcxsNsgEB3_N8sqdEd5Y/azxta/0x4AAAAAADV3ju2YEd8uiR-k/dark/fbE/failure_retry/flexible?lang=auto:1:198065)
    at rl (https://challenges.cloudflare.com/cdn-cgi/challenge-platform/h/g/turnstile/f/av0/rchwgYMBk5kJrXiLaEYcTajHs_evXL.FMh.iSrRgt0OQQ8-1788711456-1.3.1.1-Oa3F5BhMIxKPsM0..21iKDzJcxsNsgEB3_N8sqdEd5Y/azxta/0x4AAAAAADV3ju2YEd8uiR-k/dark/fbE/failure_retry/flexible?lang=auto:1:200106)
[  444378ms] [ERROR] Failed to load resource: the server responded with a status of 400 () @ https://challenges.cloudflare.com/cdn-cgi/challenge-platform/h/g/fo/1197279624:1788707334:Txm0ocitY3JTXxkcL5r3OGSsr15drffiIs-d_ujGMYU/a36ec92999dcd87b/gEXjvGcJh0lzHmo1q7lFyHzY65.fEfK3Xqz9LHsat1E-1788711466-1.2.1.1-PKGyUmgKhFT9a1ovLy4Q9To6XugIhQrNTYtoFfNEQC1QBH0HeOImbHxEKi4QF.qV:0
[  454464ms] Blocked a frame with origin "https://challenges.cloudflare.com" from accessing a frame with origin "http://localhost:3000".  The frame requesting access has a protocol of "https", the frame being accessed has a protocol of "http". Protocols must match.

    at unknown (https://challenges.cloudflare.com/cdn-cgi/challenge-platform/h/g/turnstile/f/av0/rchoz1GbI1QXNYJY3Fo9vzqIap308SboGBxcoN6PwVOqLY-1788711466-1.3.1.1-v5xmrJA.1QBpYlSs.qRSdm_2gzd6OjkKiVLaP0AVfqg/azxta/0x4AAAAAADV3ju2YEd8uiR-k/dark/fbE/failure_retry/flexible?lang=auto:1:49667)
    at Hr (https://challenges.cloudflare.com/cdn-cgi/challenge-platform/h/g/turnstile/f/av0/rchoz1GbI1QXNYJY3Fo9vzqIap308SboGBxcoN6PwVOqLY-1788711466-1.3.1.1-v5xmrJA.1QBpYlSs.qRSdm_2gzd6OjkKiVLaP0AVfqg/azxta/0x4AAAAAADV3ju2YEd8uiR-k/dark/fbE/failure_retry/flexible?lang=auto:1:62453)
    at H4 (https://challenges.cloudflare.com/cdn-cgi/challenge-platform/h/g/turnstile/f/av0/rchoz1GbI1QXNYJY3Fo9vzqIap308SboGBxcoN6PwVOqLY-1788711466-1.3.1.1-v5xmrJA.1QBpYlSs.qRSdm_2gzd6OjkKiVLaP0AVfqg/azxta/0x4AAAAAADV3ju2YEd8uiR-k/dark/fbE/failure_retry/flexible?lang=auto:1:70462)
    at unknown (https://challenges.cloudflare.com/cdn-cgi/challenge-platform/h/g/turnstile/f/av0/rchoz1GbI1QXNYJY3Fo9vzqIap308SboGBxcoN6PwVOqLY-1788711466-1.3.1.1-v5xmrJA.1QBpYlSs.qRSdm_2gzd6OjkKiVLaP0AVfqg/azxta/0x4AAAAAADV3ju2YEd8uiR-k/dark/fbE/failure_retry/flexible?lang=auto:1:49217)
    at Hr (https://challenges.cloudflare.com/cdn-cgi/challenge-platform/h/g/turnstile/f/av0/rchoz1GbI1QXNYJY3Fo9vzqIap308SboGBxcoN6PwVOqLY-1788711466-1.3.1.1-v5xmrJA.1QBpYlSs.qRSdm_2gzd6OjkKiVLaP0AVfqg/azxta/0x4AAAAAADV3ju2YEd8uiR-k/dark/fbE/failure_retry/flexible?lang=auto:1:62453)
    at WmmKF (https://challenges.cloudflare.com/cdn-cgi/challenge-platform/h/g/turnstile/f/av0/rchoz1GbI1QXNYJY3Fo9vzqIap308SboGBxcoN6PwVOqLY-1788711466-1.3.1.1-v5xmrJA.1QBpYlSs.qRSdm_2gzd6OjkKiVLaP0AVfqg/azxta/0x4AAAAAADV3ju2YEd8uiR-k/dark/fbE/failure_retry/flexible?lang=auto:1:162781)
    at D (https://challenges.cloudflare.com/cdn-cgi/challenge-platform/h/g/turnstile/f/av0/rchoz1GbI1QXNYJY3Fo9vzqIap308SboGBxcoN6PwVOqLY-1788711466-1.3.1.1-v5xmrJA.1QBpYlSs.qRSdm_2gzd6OjkKiVLaP0AVfqg/azxta/0x4AAAAAADV3ju2YEd8uiR-k/dark/fbE/failure_retry/flexible?lang=auto:1:171124)
    at He (https://challenges.cloudflare.com/cdn-cgi/challenge-platform/h/g/turnstile/f/av0/rchoz1GbI1QXNYJY3Fo9vzqIap308SboGBxcoN6PwVOqLY-1788711466-1.3.1.1-v5xmrJA.1QBpYlSs.qRSdm_2gzd6OjkKiVLaP0AVfqg/azxta/0x4AAAAAADV3ju2YEd8uiR-k/dark/fbE/failure_retry/flexible?lang=auto:1:228881)
    at Hx (https://challenges.cloudflare.com/cdn-cgi/challenge-platform/h/g/turnstile/f/av0/rchoz1GbI1QXNYJY3Fo9vzqIap308SboGBxcoN6PwVOqLY-1788711466-1.3.1.1-v5xmrJA.1QBpYlSs.qRSdm_2gzd6OjkKiVLaP0AVfqg/azxta/0x4AAAAAADV3ju2YEd8uiR-k/dark/fbE/failure_retry/flexible?lang=auto:1:223605)
[  454610ms] [ERROR] Failed to load resource: the server responded with a status of 400 () @ https://challenges.cloudflare.com/cdn-cgi/challenge-platform/h/g/fo/1197279624:1788707334:Txm0ocitY3JTXxkcL5r3OGSsr15drffiIs-d_ujGMYU/a36ec9698eced87b/wQndPLEIbfosrOgjRR_URZ1L.168vYsRDqHOVg7vEGs-1788711476-1.2.1.1-QnWnE5XSvAdSXWDfbmKn1IDOVzqAXRs_DnBqlhPNXGrxbwAdTFC3L4KroyGBsL63:0
[  464683ms] Blocked a frame with origin "https://challenges.cloudflare.com" from accessing a frame with origin "http://localhost:3000".  The frame requesting access has a protocol of "https", the frame being accessed has a protocol of "http". Protocols must match.

    at unknown (https://challenges.cloudflare.com/cdn-cgi/challenge-platform/h/g/turnstile/f/av0/rchyHesZeXlUHZqEXLZb0eiIMwkqrIWG4zKwfnlWbc4FuI-1788711476-1.3.1.1-WOXvm7CYOvr5ALMdowLNNWrS_gckNpQ9BVVB_q3xaOk/azxta/0x4AAAAAADV3ju2YEd8uiR-k/dark/fbE/failure_retry/flexible?lang=auto:1:49656)
    at rO (https://challenges.cloudflare.com/cdn-cgi/challenge-platform/h/g/turnstile/f/av0/rchyHesZeXlUHZqEXLZb0eiIMwkqrIWG4zKwfnlWbc4FuI-1788711476-1.3.1.1-WOXvm7CYOvr5ALMdowLNNWrS_gckNpQ9BVVB_q3xaOk/azxta/0x4AAAAAADV3ju2YEd8uiR-k/dark/fbE/failure_retry/flexible?lang=auto:1:72164)
    at r5 (https://challenges.cloudflare.com/cdn-cgi/challenge-platform/h/g/turnstile/f/av0/rchyHesZeXlUHZqEXLZb0eiIMwkqrIWG4zKwfnlWbc4FuI-1788711476-1.3.1.1-WOXvm7CYOvr5ALMdowLNNWrS_gckNpQ9BVVB_q3xaOk/azxta/0x4AAAAAADV3ju2YEd8uiR-k/dark/fbE/failure_retry/flexible?lang=auto:1:246832)
    at unknown (https://challenges.cloudflare.com/cdn-cgi/challenge-platform/h/g/turnstile/f/av0/rchyHesZeXlUHZqEXLZb0eiIMwkqrIWG4zKwfnlWbc4FuI-1788711476-1.3.1.1-WOXvm7CYOvr5ALMdowLNNWrS_gckNpQ9BVVB_q3xaOk/azxta/0x4AAAAAADV3ju2YEd8uiR-k/dark/fbE/failure_retry/flexible?lang=auto:1:49206)
    at rO (https://challenges.cloudflare.com/cdn-cgi/challenge-platform/h/g/turnstile/f/av0/rchyHesZeXlUHZqEXLZb0eiIMwkqrIWG4zKwfnlWbc4FuI-1788711476-1.3.1.1-WOXvm7CYOvr5ALMdowLNNWrS_gckNpQ9BVVB_q3xaOk/azxta/0x4AAAAAADV3ju2YEd8uiR-k/dark/fbE/failure_retry/flexible?lang=auto:1:72164)
    at v0 (https://challenges.cloudflare.com/cdn-cgi/challenge-platform/h/g/turnstile/f/av0/rchyHesZeXlUHZqEXLZb0eiIMwkqrIWG4zKwfnlWbc4FuI-1788711476-1.3.1.1-WOXvm7CYOvr5ALMdowLNNWrS_gckNpQ9BVVB_q3xaOk/azxta/0x4AAAAAADV3ju2YEd8uiR-k/dark/fbE/failure_retry/flexible?lang=auto:1:131065)
    at rf (https://challenges.cloudflare.com/cdn-cgi/challenge-platform/h/g/turnstile/f/av0/rchyHesZeXlUHZqEXLZb0eiIMwkqrIWG4zKwfnlWbc4FuI-1788711476-1.3.1.1-WOXvm7CYOvr5ALMdowLNNWrS_gckNpQ9BVVB_q3xaOk/azxta/0x4AAAAAADV3ju2YEd8uiR-k/dark/fbE/failure_retry/flexible?lang=auto:1:241672)
    at MDwSA (https://challenges.cloudflare.com/cdn-cgi/challenge-platform/h/g/turnstile/f/av0/rchyHesZeXlUHZqEXLZb0eiIMwkqrIWG4zKwfnlWbc4FuI-1788711476-1.3.1.1-WOXvm7CYOvr5ALMdowLNNWrS_gckNpQ9BVVB_q3xaOk/azxta/0x4AAAAAADV3ju2YEd8uiR-k/dark/fbE/failure_retry/flexible?lang=auto:1:233931)
    at rl (https://challenges.cloudflare.com/cdn-cgi/challenge-platform/h/g/turnstile/f/av0/rchyHesZeXlUHZqEXLZb0eiIMwkqrIWG4zKwfnlWbc4FuI-1788711476-1.3.1.1-WOXvm7CYOvr5ALMdowLNNWrS_gckNpQ9BVVB_q3xaOk/azxta/0x4AAAAAADV3ju2YEd8uiR-k/dark/fbE/failure_retry/flexible?lang=auto:1:236515)
[  465629ms] [INFO] <Suspense> is an experimental feature and its API will likely change. @ http://localhost:3000/_nuxt/node_modules/.pnpm/@vue+runtime-core@3.5.33/node_modules/@vue/runtime-core/dist/runtime-core.esm-bundler.js?v=4a573216:7239
[  465661ms] [LOG] %c[Vercel Web Analytics]%c Debug mode is enabled by default in development. No requests will be sent to the server. color: rgb(120, 120, 120) color: inherit @ https://va.vercel-scripts.com/v1/script.debug.js:0
[  465661ms] [LOG] %c[Vercel Web Analytics]%c Running queued event color: rgb(120, 120, 120) color: inherit pageview {route: /contact/partner, path: /contact/partner} @ https://va.vercel-scripts.com/v1/script.debug.js:0
[  465661ms] [LOG] %c[Vercel Web Analytics]%c [view] http://localhost:3000/contact/partner color: rgb(120, 120, 120) color: inherit {o: http://localhost:3000/contact/partner, sv: 0.1.3, sdkn: @vercel/analytics/nuxt, sdkv: 2.0.1, ts: 1788711487920} /_vercel/insights/view @ https://va.vercel-scripts.com/v1/script.debug.js:0
[  465673ms] [LOG] ✨ %cNuxt DevTools %c Press Shift + Option + D to open DevTools color: black; border-radius: 3px 0 0 3px; padding: 2px 2px 1px 10px; background: #00DC82 border-radius: 0 3px 3px 0; padding: 2px 10px 1px 2px; background: #00DC8220  @ http://localhost:3000/_nuxt/node_modules/.pnpm/@nuxt+devtools@3.2.4_supports-color@10.2.2_vite@7.3.2_@types+node@26.1.1_jiti@2.6.1_ter_28972f42c82fd27b0e3f96c17cda5782/node_modules/@nuxt/devtools/dist/runtime/plugins/devtools.client.js?v=4a573216:51
[  465744ms] Blocked a frame with origin "https://challenges.cloudflare.com" from accessing a frame with origin "http://localhost:3000".  The frame requesting access has a protocol of "https", the frame being accessed has a protocol of "http". Protocols must match.

    at unknown (https://challenges.cloudflare.com/cdn-cgi/challenge-platform/h/g/turnstile/f/av0/rch/zubze/0x4AAAAAADV3ju2YEd8uiR-k/dark/fbE/new/flexible?lang=auto:1:49040)
    at Hr (https://challenges.cloudflare.com/cdn-cgi/challenge-platform/h/g/turnstile/f/av0/rch/zubze/0x4AAAAAADV3ju2YEd8uiR-k/dark/fbE/new/flexible?lang=auto:1:76092)
    at H4 (https://challenges.cloudflare.com/cdn-cgi/challenge-platform/h/g/turnstile/f/av0/rch/zubze/0x4AAAAAADV3ju2YEd8uiR-k/dark/fbE/new/flexible?lang=auto:1:233145)
    at unknown (https://challenges.cloudflare.com/cdn-cgi/challenge-platform/h/g/turnstile/f/av0/rch/zubze/0x4AAAAAADV3ju2YEd8uiR-k/dark/fbE/new/flexible?lang=auto:1:48590)
    at Hr (https://challenges.cloudflare.com/cdn-cgi/challenge-platform/h/g/turnstile/f/av0/rch/zubze/0x4AAAAAADV3ju2YEd8uiR-k/dark/fbE/new/flexible?lang=auto:1:76092)
    at D (https://challenges.cloudflare.com/cdn-cgi/challenge-platform/h/g/turnstile/f/av0/rch/zubze/0x4AAAAAADV3ju2YEd8uiR-k/dark/fbE/new/flexible?lang=auto:1:185098)
    at He (https://challenges.cloudflare.com/cdn-cgi/challenge-platform/h/g/turnstile/f/av0/rch/zubze/0x4AAAAAADV3ju2YEd8uiR-k/dark/fbE/new/flexible?lang=auto:1:148381)
    at QDmua (https://challenges.cloudflare.com/cdn-cgi/challenge-platform/h/g/turnstile/f/av0/rch/zubze/0x4AAAAAADV3ju2YEd8uiR-k/dark/fbE/new/flexible?lang=auto:1:140272)
    at Hx (https://challenges.cloudflare.com/cdn-cgi/challenge-platform/h/g/turnstile/f/av0/rch/zubze/0x4AAAAAADV3ju2YEd8uiR-k/dark/fbE/new/flexible?lang=auto:1:142311)
[  465881ms] [ERROR] Failed to load resource: the server responded with a status of 400 () @ https://challenges.cloudflare.com/cdn-cgi/challenge-platform/h/g/fo/1197279624:1788707334:Txm0ocitY3JTXxkcL5r3OGSsr15drffiIs-d_ujGMYU/a36ec9b01a76d87b/UsevS8_sZYlMo3BdOqQy3Vv5FBGs5dGUxPlKnctamSA-1788711488-1.2.1.1-2kAWD0qPjz4IVcQRw.jNbUg7kJRNv8nMhIWp1crNjDdqX9NDqa08q2VqVx7.in0z:0
[  475960ms] Blocked a frame with origin "https://challenges.cloudflare.com" from accessing a frame with origin "http://localhost:3000".  The frame requesting access has a protocol of "https", the frame being accessed has a protocol of "http". Protocols must match.

    at unknown (https://challenges.cloudflare.com/cdn-cgi/challenge-platform/h/g/turnstile/f/av0/rchAxTD5eO4RI.OBKt9aZ5n8shx4THEsQPLxPONZfJEbpM-1788711488-1.3.1.1-nhzJl.7hw1WUkPzeRJN0WFOb_2.wYpJ.IrTh7QtMaSY/zubze/0x4AAAAAADV3ju2YEd8uiR-k/dark/fbE/failure_retry/flexible?lang=auto:1:49457)
    at rA (https://challenges.cloudflare.com/cdn-cgi/challenge-platform/h/g/turnstile/f/av0/rchAxTD5eO4RI.OBKt9aZ5n8shx4THEsQPLxPONZfJEbpM-1788711488-1.3.1.1-nhzJl.7hw1WUkPzeRJN0WFOb_2.wYpJ.IrTh7QtMaSY/zubze/0x4AAAAAADV3ju2YEd8uiR-k/dark/fbE/failure_retry/flexible?lang=auto:1:164826)
    at cQmGn (https://challenges.cloudflare.com/cdn-cgi/challenge-platform/h/g/turnstile/f/av0/rchAxTD5eO4RI.OBKt9aZ5n8shx4THEsQPLxPONZfJEbpM-1788711488-1.3.1.1-nhzJl.7hw1WUkPzeRJN0WFOb_2.wYpJ.IrTh7QtMaSY/zubze/0x4AAAAAADV3ju2YEd8uiR-k/dark/fbE/failure_retry/flexible?lang=auto:1:134438)
    at r4 (https://challenges.cloudflare.com/cdn-cgi/challenge-platform/h/g/turnstile/f/av0/rchAxTD5eO4RI.OBKt9aZ5n8shx4THEsQPLxPONZfJEbpM-1788711488-1.3.1.1-nhzJl.7hw1WUkPzeRJN0WFOb_2.wYpJ.IrTh7QtMaSY/zubze/0x4AAAAAADV3ju2YEd8uiR-k/dark/fbE/failure_retry/flexible?lang=auto:1:135638)
    at unknown (https://challenges.cloudflare.com/cdn-cgi/challenge-platform/h/g/turnstile/f/av0/rchAxTD5eO4RI.OBKt9aZ5n8shx4THEsQPLxPONZfJEbpM-1788711488-1.3.1.1-nhzJl.7hw1WUkPzeRJN0WFOb_2.wYpJ.IrTh7QtMaSY/zubze/0x4AAAAAADV3ju2YEd8uiR-k/dark/fbE/failure_retry/flexible?lang=auto:1:49007)
    at rA (https://challenges.cloudflare.com/cdn-cgi/challenge-platform/h/g/turnstile/f/av0/rchAxTD5eO4RI.OBKt9aZ5n8shx4THEsQPLxPONZfJEbpM-1788711488-1.3.1.1-nhzJl.7hw1WUkPzeRJN0WFOb_2.wYpJ.IrTh7QtMaSY/zubze/0x4AAAAAADV3ju2YEd8uiR-k/dark/fbE/failure_retry/flexible?lang=auto:1:164826)
    at Q (https://challenges.cloudflare.com/cdn-cgi/challenge-platform/h/g/turnstile/f/av0/rchAxTD5eO4RI.OBKt9aZ5n8shx4THEsQPLxPONZfJEbpM-1788711488-1.3.1.1-nhzJl.7hw1WUkPzeRJN0WFOb_2.wYpJ.IrTh7QtMaSY/zubze/0x4AAAAAADV3ju2YEd8uiR-k/dark/fbE/failure_retry/flexible?lang=auto:1:160413)
    at rf (https://challenges.cloudflare.com/cdn-cgi/challenge-platform/h/g/turnstile/f/av0/rchAxTD5eO4RI.OBKt9aZ5n8shx4THEsQPLxPONZfJEbpM-1788711488-1.3.1.1-nhzJl.7hw1WUkPzeRJN0WFOb_2.wYpJ.IrTh7QtMaSY/zubze/0x4AAAAAADV3ju2YEd8uiR-k/dark/fbE/failure_retry/flexible?lang=auto:1:253383)
    at rl (https://challenges.cloudflare.com/cdn-cgi/challenge-platform/h/g/turnstile/f/av0/rchAxTD5eO4RI.OBKt9aZ5n8shx4THEsQPLxPONZfJEbpM-1788711488-1.3.1.1-nhzJl.7hw1WUkPzeRJN0WFOb_2.wYpJ.IrTh7QtMaSY/zubze/0x4AAAAAADV3ju2YEd8uiR-k/dark/fbE/failure_retry/flexible?lang=auto:1:252206)
[  476110ms] [ERROR] Failed to load resource: the server responded with a status of 400 () @ https://challenges.cloudflare.com/cdn-cgi/challenge-platform/h/g/fo/1197279624:1788707334:Txm0ocitY3JTXxkcL5r3OGSsr15drffiIs-d_ujGMYU/a36ec9efebabd87b/sI7r2a0ebiT69iGTetEKi8IVylLlIR7GmzvrfqRfZCI-1788711498-1.2.1.1-sqPUFsX3OH9a8YudPxINQGnTxq3syrD6I6zVaRk7SsA3iM12Cr077ig4oNdf_ptd:0
[  486239ms] Blocked a frame with origin "https://challenges.cloudflare.com" from accessing a frame with origin "http://localhost:3000".  The frame requesting access has a protocol of "https", the frame being accessed has a protocol of "http". Protocols must match.

    at unknown (https://challenges.cloudflare.com/cdn-cgi/challenge-platform/h/g/turnstile/f/av0/rchZTB07gT6waNH1AxqoqNzDE37jr97dfi8HlMO_bel_QQ-1788711498-1.3.1.1-1QIS4bMQKx8dlkcd5YqWuojHmXJ4bxN40Tm_g9DArkA/zubze/0x4AAAAAADV3ju2YEd8uiR-k/dark/fbE/failure_retry/flexible?lang=auto:1:49860)
    at rA (https://challenges.cloudflare.com/cdn-cgi/challenge-platform/h/g/turnstile/f/av0/rchZTB07gT6waNH1AxqoqNzDE37jr97dfi8HlMO_bel_QQ-1788711498-1.3.1.1-1QIS4bMQKx8dlkcd5YqWuojHmXJ4bxN40Tm_g9DArkA/zubze/0x4AAAAAADV3ju2YEd8uiR-k/dark/fbE/failure_retry/flexible?lang=auto:1:241254)
    at Ehzbx (https://challenges.cloudflare.com/cdn-cgi/challenge-platform/h/g/turnstile/f/av0/rchZTB07gT6waNH1AxqoqNzDE37jr97dfi8HlMO_bel_QQ-1788711498-1.3.1.1-1QIS4bMQKx8dlkcd5YqWuojHmXJ4bxN40Tm_g9DArkA/zubze/0x4AAAAAADV3ju2YEd8uiR-k/dark/fbE/failure_retry/flexible?lang=auto:1:119064)
    at r4 (https://challenges.cloudflare.com/cdn-cgi/challenge-platform/h/g/turnstile/f/av0/rchZTB07gT6waNH1AxqoqNzDE37jr97dfi8HlMO_bel_QQ-1788711498-1.3.1.1-1QIS4bMQKx8dlkcd5YqWuojHmXJ4bxN40Tm_g9DArkA/zubze/0x4AAAAAADV3ju2YEd8uiR-k/dark/fbE/failure_retry/flexible?lang=auto:1:120309)
    at unknown (https://challenges.cloudflare.com/cdn-cgi/challenge-platform/h/g/turnstile/f/av0/rchZTB07gT6waNH1AxqoqNzDE37jr97dfi8HlMO_bel_QQ-1788711498-1.3.1.1-1QIS4bMQKx8dlkcd5YqWuojHmXJ4bxN40Tm_g9DArkA/zubze/0x4AAAAAADV3ju2YEd8uiR-k/dark/fbE/failure_retry/flexible?lang=auto:1:49410)
    at rA (https://challenges.cloudflare.com/cdn-cgi/challenge-platform/h/g/turnstile/f/av0/rchZTB07gT6waNH1AxqoqNzDE37jr97dfi8HlMO_bel_QQ-1788711498-1.3.1.1-1QIS4bMQKx8dlkcd5YqWuojHmXJ4bxN40Tm_g9DArkA/zubze/0x4AAAAAADV3ju2YEd8uiR-k/dark/fbE/failure_retry/flexible?lang=auto:1:241254)
    at Q (https://challenges.cloudflare.com/cdn-cgi/challenge-platform/h/g/turnstile/f/av0/rchZTB07gT6waNH1AxqoqNzDE37jr97dfi8HlMO_bel_QQ-1788711498-1.3.1.1-1QIS4bMQKx8dlkcd5YqWuojHmXJ4bxN40Tm_g9DArkA/zubze/0x4AAAAAADV3ju2YEd8uiR-k/dark/fbE/failure_retry/flexible?lang=auto:1:229677)
    at QjgJS (https://challenges.cloudflare.com/cdn-cgi/challenge-platform/h/g/turnstile/f/av0/rchZTB07gT6waNH1AxqoqNzDE37jr97dfi8HlMO_bel_QQ-1788711498-1.3.1.1-1QIS4bMQKx8dlkcd5YqWuojHmXJ4bxN40Tm_g9DArkA/zubze/0x4AAAAAADV3ju2YEd8uiR-k/dark/fbE/failure_retry/flexible?lang=auto:1:82242)
    at rf (https://challenges.cloudflare.com/cdn-cgi/challenge-platform/h/g/turnstile/f/av0/rchZTB07gT6waNH1AxqoqNzDE37jr97dfi8HlMO_bel_QQ-1788711498-1.3.1.1-1QIS4bMQKx8dlkcd5YqWuojHmXJ4bxN40Tm_g9DArkA/zubze/0x4AAAAAADV3ju2YEd8uiR-k/dark/fbE/failure_retry/flexible?lang=auto:1:89146)
    at xmYua (https://challenges.cloudflare.com/cdn-cgi/challenge-platform/h/g/turnstile/f/av0/rchZTB07gT6waNH1AxqoqNzDE37jr97dfi8HlMO_bel_QQ-1788711498-1.3.1.1-1QIS4bMQKx8dlkcd5YqWuojHmXJ4bxN40Tm_g9DArkA/zubze/0x4AAAAAADV3ju2YEd8uiR-k/dark/fbE/failure_retry/flexible?lang=auto:1:82564)
    at rl (https://challenges.cloudflare.com/cdn-cgi/challenge-platform/h/g/turnstile/f/av0/rchZTB07gT6waNH1AxqoqNzDE37jr97dfi8HlMO_bel_QQ-1788711498-1.3.1.1-1QIS4bMQKx8dlkcd5YqWuojHmXJ4bxN40Tm_g9DArkA/zubze/0x4AAAAAADV3ju2YEd8uiR-k/dark/fbE/failure_retry/flexible?lang=auto:1:84424)
[  486385ms] [ERROR] Failed to load resource: the server responded with a status of 400 () @ https://challenges.cloudflare.com/cdn-cgi/challenge-platform/h/g/fo/1197279624:1788707334:Txm0ocitY3JTXxkcL5r3OGSsr15drffiIs-d_ujGMYU/a36eca2fd85ed87b/6Y_OweK6FNMkVVWGw.fRTRidYrMmkAmWPN2w7eb29Cg-1788711508-1.2.1.1-NhlRrACyoZ3oMkOx_.U8jU_rjYn27aA18Ic6zGrQwvdB1W3v6Y7RVC_19wkCHwWY:0
[  496461ms] Blocked a frame with origin "https://challenges.cloudflare.com" from accessing a frame with origin "http://localhost:3000".  The frame requesting access has a protocol of "https", the frame being accessed has a protocol of "http". Protocols must match.

    at unknown (https://challenges.cloudflare.com/cdn-cgi/challenge-platform/h/g/turnstile/f/av0/rchs7Q5_dLhPbeV6.c7x9kDrECZ31E7MERAYSYeKP4j1bM-1788711508-1.3.1.1-oSE_387H0Jb1jBRUzz8KyoSxFLwypJKhVt9NdZU5ZzY/zubze/0x4AAAAAADV3ju2YEd8uiR-k/dark/fbE/failure_retry/flexible?lang=auto:1:49497)
    at Hr (https://challenges.cloudflare.com/cdn-cgi/challenge-platform/h/g/turnstile/f/av0/rchs7Q5_dLhPbeV6.c7x9kDrECZ31E7MERAYSYeKP4j1bM-1788711508-1.3.1.1-oSE_387H0Jb1jBRUzz8KyoSxFLwypJKhVt9NdZU5ZzY/zubze/0x4AAAAAADV3ju2YEd8uiR-k/dark/fbE/failure_retry/flexible?lang=auto:1:122089)
    at kuRIz (https://challenges.cloudflare.com/cdn-cgi/challenge-platform/h/g/turnstile/f/av0/rchs7Q5_dLhPbeV6.c7x9kDrECZ31E7MERAYSYeKP4j1bM-1788711508-1.3.1.1-oSE_387H0Jb1jBRUzz8KyoSxFLwypJKhVt9NdZU5ZzY/zubze/0x4AAAAAADV3ju2YEd8uiR-k/dark/fbE/failure_retry/flexible?lang=auto:1:136673)
    at H4 (https://challenges.cloudflare.com/cdn-cgi/challenge-platform/h/g/turnstile/f/av0/rchs7Q5_dLhPbeV6.c7x9kDrECZ31E7MERAYSYeKP4j1bM-1788711508-1.3.1.1-oSE_387H0Jb1jBRUzz8KyoSxFLwypJKhVt9NdZU5ZzY/zubze/0x4AAAAAADV3ju2YEd8uiR-k/dark/fbE/failure_retry/flexible?lang=auto:1:138028)
    at unknown (https://challenges.cloudflare.com/cdn-cgi/challenge-platform/h/g/turnstile/f/av0/rchs7Q5_dLhPbeV6.c7x9kDrECZ31E7MERAYSYeKP4j1bM-1788711508-1.3.1.1-oSE_387H0Jb1jBRUzz8KyoSxFLwypJKhVt9NdZU5ZzY/zubze/0x4AAAAAADV3ju2YEd8uiR-k/dark/fbE/failure_retry/flexible?lang=auto:1:49047)
    at Hr (https://challenges.cloudflare.com/cdn-cgi/challenge-platform/h/g/turnstile/f/av0/rchs7Q5_dLhPbeV6.c7x9kDrECZ31E7MERAYSYeKP4j1bM-1788711508-1.3.1.1-oSE_387H0Jb1jBRUzz8KyoSxFLwypJKhVt9NdZU5ZzY/zubze/0x4AAAAAADV3ju2YEd8uiR-k/dark/fbE/failure_retry/flexible?lang=auto:1:122089)
    at CHwzj (https://challenges.cloudflare.com/cdn-cgi/challenge-platform/h/g/turnstile/f/av0/rchs7Q5_dLhPbeV6.c7x9kDrECZ31E7MERAYSYeKP4j1bM-1788711508-1.3.1.1-oSE_387H0Jb1jBRUzz8KyoSxFLwypJKhVt9NdZU5ZzY/zubze/0x4AAAAAADV3ju2YEd8uiR-k/dark/fbE/failure_retry/flexible?lang=auto:1:99469)
    at D (https://challenges.cloudflare.com/cdn-cgi/challenge-platform/h/g/turnstile/f/av0/rchs7Q5_dLhPbeV6.c7x9kDrECZ31E7MERAYSYeKP4j1bM-1788711508-1.3.1.1-oSE_387H0Jb1jBRUzz8KyoSxFLwypJKhVt9NdZU5ZzY/zubze/0x4AAAAAADV3ju2YEd8uiR-k/dark/fbE/failure_retry/flexible?lang=auto:1:107800)
    at He (https://challenges.cloudflare.com/cdn-cgi/challenge-platform/h/g/turnstile/f/av0/rchs7Q5_dLhPbeV6.c7x9kDrECZ31E7MERAYSYeKP4j1bM-1788711508-1.3.1.1-oSE_387H0Jb1jBRUzz8KyoSxFLwypJKhVt9NdZU5ZzY/zubze/0x4AAAAAADV3ju2YEd8uiR-k/dark/fbE/failure_retry/flexible?lang=auto:1:86242)
    at Hx (https://challenges.cloudflare.com/cdn-cgi/challenge-platform/h/g/turnstile/f/av0/rchs7Q5_dLhPbeV6.c7x9kDrECZ31E7MERAYSYeKP4j1bM-1788711508-1.3.1.1-oSE_387H0Jb1jBRUzz8KyoSxFLwypJKhVt9NdZU5ZzY/zubze/0x4AAAAAADV3ju2YEd8uiR-k/dark/fbE/failure_retry/flexible?lang=auto:1:81388)
[  496613ms] [ERROR] Failed to load resource: the server responded with a status of 400 () @ https://challenges.cloudflare.com/cdn-cgi/challenge-platform/h/g/fo/1197279624:1788707334:Txm0ocitY3JTXxkcL5r3OGSsr15drffiIs-d_ujGMYU/a36eca700cead87b/jA0BZ960Cseo3uN1EUM811R1mF5B.om6KayXVpE1uuY-1788711518-1.2.1.1-44K3CmXvFUb26Rcci5z1Zf0akOYCSImwgrcMJNLMRo5ICSCzyU5Qb3AmGqmEY6FN:0
[  506710ms] Blocked a frame with origin "https://challenges.cloudflare.com" from accessing a frame with origin "http://localhost:3000".  The frame requesting access has a protocol of "https", the frame being accessed has a protocol of "http". Protocols must match.

    at unknown (https://challenges.cloudflare.com/cdn-cgi/challenge-platform/h/g/turnstile/f/av0/rch_XUQKFbbXUc0XDvYIuhJk5s5YYqJsV3k1174XtSw0XU-1788711518-1.3.1.1-seiKUEHPwAbDaXmrqEoUovJRZTgGqdK0HKt6TQQ0RNM/zubze/0x4AAAAAADV3ju2YEd8uiR-k/dark/fbE/failure_retry/flexible?lang=auto:1:50901)
    at rA (https://challenges.cloudflare.com/cdn-cgi/challenge-platform/h/g/turnstile/f/av0/rch_XUQKFbbXUc0XDvYIuhJk5s5YYqJsV3k1174XtSw0XU-1788711518-1.3.1.1-seiKUEHPwAbDaXmrqEoUovJRZTgGqdK0HKt6TQQ0RNM/zubze/0x4AAAAAADV3ju2YEd8uiR-k/dark/fbE/failure_retry/flexible?lang=auto:1:242835)
    at r4 (https://challenges.cloudflare.com/cdn-cgi/challenge-platform/h/g/turnstile/f/av0/rch_XUQKFbbXUc0XDvYIuhJk5s5YYqJsV3k1174XtSw0XU-1788711518-1.3.1.1-seiKUEHPwAbDaXmrqEoUovJRZTgGqdK0HKt6TQQ0RNM/zubze/0x4AAAAAADV3ju2YEd8uiR-k/dark/fbE/failure_retry/flexible?lang=auto:1:133786)
    at unknown (https://challenges.cloudflare.com/cdn-cgi/challenge-platform/h/g/turnstile/f/av0/rch_XUQKFbbXUc0XDvYIuhJk5s5YYqJsV3k1174XtSw0XU-1788711518-1.3.1.1-seiKUEHPwAbDaXmrqEoUovJRZTgGqdK0HKt6TQQ0RNM/zubze/0x4AAAAAADV3ju2YEd8uiR-k/dark/fbE/failure_retry/flexible?lang=auto:1:50451)
    at rA (https://challenges.cloudflare.com/cdn-cgi/challenge-platform/h/g/turnstile/f/av0/rch_XUQKFbbXUc0XDvYIuhJk5s5YYqJsV3k1174XtSw0XU-1788711518-1.3.1.1-seiKUEHPwAbDaXmrqEoUovJRZTgGqdK0HKt6TQQ0RNM/zubze/0x4AAAAAADV3ju2YEd8uiR-k/dark/fbE/failure_retry/flexible?lang=auto:1:242835)
    at Q (https://challenges.cloudflare.com/cdn-cgi/challenge-platform/h/g/turnstile/f/av0/rch_XUQKFbbXUc0XDvYIuhJk5s5YYqJsV3k1174XtSw0XU-1788711518-1.3.1.1-seiKUEHPwAbDaXmrqEoUovJRZTgGqdK0HKt6TQQ0RNM/zubze/0x4AAAAAADV3ju2YEd8uiR-k/dark/fbE/failure_retry/flexible?lang=auto:1:204776)
    at rf (https://challenges.cloudflare.com/cdn-cgi/challenge-platform/h/g/turnstile/f/av0/rch_XUQKFbbXUc0XDvYIuhJk5s5YYqJsV3k1174XtSw0XU-1788711518-1.3.1.1-seiKUEHPwAbDaXmrqEoUovJRZTgGqdK0HKt6TQQ0RNM/zubze/0x4AAAAAADV3ju2YEd8uiR-k/dark/fbE/failure_retry/flexible?lang=auto:1:82187)
    at rl (https://challenges.cloudflare.com/cdn-cgi/challenge-platform/h/g/turnstile/f/av0/rch_XUQKFbbXUc0XDvYIuhJk5s5YYqJsV3k1174XtSw0XU-1788711518-1.3.1.1-seiKUEHPwAbDaXmrqEoUovJRZTgGqdK0HKt6TQQ0RNM/zubze/0x4AAAAAADV3ju2YEd8uiR-k/dark/fbE/failure_retry/flexible?lang=auto:1:79933)
[  506858ms] [ERROR] Failed to load resource: the server responded with a status of 400 () @ https://challenges.cloudflare.com/cdn-cgi/challenge-platform/h/g/fo/1197279624:1788707334:Txm0ocitY3JTXxkcL5r3OGSsr15drffiIs-d_ujGMYU/a36ecab00af7d87b/0YkkNl8HJlVzRHQKsFLxDkMGA1hMTEBbMN5rLpJd6OU-1788711528-1.2.1.1-xCVhljE.n.RruBgw0.nBXCVdFRl8S80fp4hr.C2YR5cZ1MtpZh4hlp1wCpPn02WW:0
[  516966ms] Blocked a frame with origin "https://challenges.cloudflare.com" from accessing a frame with origin "http://localhost:3000".  The frame requesting access has a protocol of "https", the frame being accessed has a protocol of "http". Protocols must match.

    at unknown (https://challenges.cloudflare.com/cdn-cgi/challenge-platform/h/g/turnstile/f/av0/rchUieVlAaxzT6Bk6axiaaMMLkGvbxOlAY0evJCAVjwk_M-1788711528-1.3.1.1-j0ljIz.xZwuzZF9Y48pVIyCsFZwMES8uWHrVHPIhTx0/zubze/0x4AAAAAADV3ju2YEd8uiR-k/dark/fbE/failure_retry/flexible?lang=auto:1:49667)
    at Hr (https://challenges.cloudflare.com/cdn-cgi/challenge-platform/h/g/turnstile/f/av0/rchUieVlAaxzT6Bk6axiaaMMLkGvbxOlAY0evJCAVjwk_M-1788711528-1.3.1.1-j0ljIz.xZwuzZF9Y48pVIyCsFZwMES8uWHrVHPIhTx0/zubze/0x4AAAAAADV3ju2YEd8uiR-k/dark/fbE/failure_retry/flexible?lang=auto:1:62453)
    at H4 (https://challenges.cloudflare.com/cdn-cgi/challenge-platform/h/g/turnstile/f/av0/rchUieVlAaxzT6Bk6axiaaMMLkGvbxOlAY0evJCAVjwk_M-1788711528-1.3.1.1-j0ljIz.xZwuzZF9Y48pVIyCsFZwMES8uWHrVHPIhTx0/zubze/0x4AAAAAADV3ju2YEd8uiR-k/dark/fbE/failure_retry/flexible?lang=auto:1:70462)
    at unknown (https://challenges.cloudflare.com/cdn-cgi/challenge-platform/h/g/turnstile/f/av0/rchUieVlAaxzT6Bk6axiaaMMLkGvbxOlAY0evJCAVjwk_M-1788711528-1.3.1.1-j0ljIz.xZwuzZF9Y48pVIyCsFZwMES8uWHrVHPIhTx0/zubze/0x4AAAAAADV3ju2YEd8uiR-k/dark/fbE/failure_retry/flexible?lang=auto:1:49217)
    at Hr (https://challenges.cloudflare.com/cdn-cgi/challenge-platform/h/g/turnstile/f/av0/rchUieVlAaxzT6Bk6axiaaMMLkGvbxOlAY0evJCAVjwk_M-1788711528-1.3.1.1-j0ljIz.xZwuzZF9Y48pVIyCsFZwMES8uWHrVHPIhTx0/zubze/0x4AAAAAADV3ju2YEd8uiR-k/dark/fbE/failure_retry/flexible?lang=auto:1:62453)
    at WmmKF (https://challenges.cloudflare.com/cdn-cgi/challenge-platform/h/g/turnstile/f/av0/rchUieVlAaxzT6Bk6axiaaMMLkGvbxOlAY0evJCAVjwk_M-1788711528-1.3.1.1-j0ljIz.xZwuzZF9Y48pVIyCsFZwMES8uWHrVHPIhTx0/zubze/0x4AAAAAADV3ju2YEd8uiR-k/dark/fbE/failure_retry/flexible?lang=auto:1:162781)
    at D (https://challenges.cloudflare.com/cdn-cgi/challenge-platform/h/g/turnstile/f/av0/rchUieVlAaxzT6Bk6axiaaMMLkGvbxOlAY0evJCAVjwk_M-1788711528-1.3.1.1-j0ljIz.xZwuzZF9Y48pVIyCsFZwMES8uWHrVHPIhTx0/zubze/0x4AAAAAADV3ju2YEd8uiR-k/dark/fbE/failure_retry/flexible?lang=auto:1:171124)
    at He (https://challenges.cloudflare.com/cdn-cgi/challenge-platform/h/g/turnstile/f/av0/rchUieVlAaxzT6Bk6axiaaMMLkGvbxOlAY0evJCAVjwk_M-1788711528-1.3.1.1-j0ljIz.xZwuzZF9Y48pVIyCsFZwMES8uWHrVHPIhTx0/zubze/0x4AAAAAADV3ju2YEd8uiR-k/dark/fbE/failure_retry/flexible?lang=auto:1:228881)
    at Hx (https://challenges.cloudflare.com/cdn-cgi/challenge-platform/h/g/turnstile/f/av0/rchUieVlAaxzT6Bk6axiaaMMLkGvbxOlAY0evJCAVjwk_M-1788711528-1.3.1.1-j0ljIz.xZwuzZF9Y48pVIyCsFZwMES8uWHrVHPIhTx0/zubze/0x4AAAAAADV3ju2YEd8uiR-k/dark/fbE/failure_retry/flexible?lang=auto:1:223605)
[  517112ms] [ERROR] Failed to load resource: the server responded with a status of 400 () @ https://challenges.cloudflare.com/cdn-cgi/challenge-platform/h/g/fo/1197279624:1788707334:Txm0ocitY3JTXxkcL5r3OGSsr15drffiIs-d_ujGMYU/a36ecaf01a08d87b/NFoKbn.iltQOtbudM7qP5OsVz0WYPImeCNDIIYkidIU-1788711539-1.2.1.1-GKlcvPHViD06011tg46pPxc_H1S7Gg4XSyzZqJLVw3pxHORxRA.1w68IPkpaAM.a:0
[  527242ms] [ERROR] Unable to post message to https://challenges.cloudflare.com. Recipient has origin http://localhost:3000.
 @ https://challenges.cloudflare.com/turnstile/v0/g/330e41bb475c/api.js:1
[  527374ms] Blocked a frame with origin "https://challenges.cloudflare.com" from accessing a frame with origin "http://localhost:3000".  The frame requesting access has a protocol of "https", the frame being accessed has a protocol of "http". Protocols must match.

    at unknown (https://challenges.cloudflare.com/cdn-cgi/challenge-platform/h/g/turnstile/f/av0/rchjRPJrfr8osd0Pqm83Xacf73qMZK709wRl6WsPf6rM7s-1788711539-1.3.1.1-_gMBAICn8uVPr90hXWa0sWhkYcqd46S0fWfSlLIoIqo/zubze/0x4AAAAAADV3ju2YEd8uiR-k/dark/fbE/failure_retry/flexible?lang=auto:1:48905)
    at Hr (https://challenges.cloudflare.com/cdn-cgi/challenge-platform/h/g/turnstile/f/av0/rchjRPJrfr8osd0Pqm83Xacf73qMZK709wRl6WsPf6rM7s-1788711539-1.3.1.1-_gMBAICn8uVPr90hXWa0sWhkYcqd46S0fWfSlLIoIqo/zubze/0x4AAAAAADV3ju2YEd8uiR-k/dark/fbE/failure_retry/flexible?lang=auto:1:149417)
    at H4 (https://challenges.cloudflare.com/cdn-cgi/challenge-platform/h/g/turnstile/f/av0/rchjRPJrfr8osd0Pqm83Xacf73qMZK709wRl6WsPf6rM7s-1788711539-1.3.1.1-_gMBAICn8uVPr90hXWa0sWhkYcqd46S0fWfSlLIoIqo/zubze/0x4AAAAAADV3ju2YEd8uiR-k/dark/fbE/failure_retry/flexible?lang=auto:1:253599)
    at unknown (https://challenges.cloudflare.com/cdn-cgi/challenge-platform/h/g/turnstile/f/av0/rchjRPJrfr8osd0Pqm83Xacf73qMZK709wRl6WsPf6rM7s-1788711539-1.3.1.1-_gMBAICn8uVPr90hXWa0sWhkYcqd46S0fWfSlLIoIqo/zubze/0x4AAAAAADV3ju2YEd8uiR-k/dark/fbE/failure_retry/flexible?lang=auto:1:48455)
    at Hr (https://challenges.cloudflare.com/cdn-cgi/challenge-platform/h/g/turnstile/f/av0/rchjRPJrfr8osd0Pqm83Xacf73qMZK709wRl6WsPf6rM7s-1788711539-1.3.1.1-_gMBAICn8uVPr90hXWa0sWhkYcqd46S0fWfSlLIoIqo/zubze/0x4AAAAAADV3ju2YEd8uiR-k/dark/fbE/failure_retry/flexible?lang=auto:1:149417)
    at CqbHw (https://challenges.cloudflare.com/cdn-cgi/challenge-platform/h/g/turnstile/f/av0/rchjRPJrfr8osd0Pqm83Xacf73qMZK709wRl6WsPf6rM7s-1788711539-1.3.1.1-_gMBAICn8uVPr90hXWa0sWhkYcqd46S0fWfSlLIoIqo/zubze/0x4AAAAAADV3ju2YEd8uiR-k/dark/fbE/failure_retry/flexible?lang=auto:1:160734)
    at D (https://challenges.cloudflare.com/cdn-cgi/challenge-platform/h/g/turnstile/f/av0/rchjRPJrfr8osd0Pqm83Xacf73qMZK709wRl6WsPf6rM7s-1788711539-1.3.1.1-_gMBAICn8uVPr90hXWa0sWhkYcqd46S0fWfSlLIoIqo/zubze/0x4AAAAAADV3ju2YEd8uiR-k/dark/fbE/failure_retry/flexible?lang=auto:1:171531)
    at He (https://challenges.cloudflare.com/cdn-cgi/challenge-platform/h/g/turnstile/f/av0/rchjRPJrfr8osd0Pqm83Xacf73qMZK709wRl6WsPf6rM7s-1788711539-1.3.1.1-_gMBAICn8uVPr90hXWa0sWhkYcqd46S0fWfSlLIoIqo/zubze/0x4AAAAAADV3ju2YEd8uiR-k/dark/fbE/failure_retry/flexible?lang=auto:1:124837)
    at Hx (https://challenges.cloudflare.com/cdn-cgi/challenge-platform/h/g/turnstile/f/av0/rchjRPJrfr8osd0Pqm83Xacf73qMZK709wRl6WsPf6rM7s-1788711539-1.3.1.1-_gMBAICn8uVPr90hXWa0sWhkYcqd46S0fWfSlLIoIqo/zubze/0x4AAAAAADV3ju2YEd8uiR-k/dark/fbE/failure_retry/flexible?lang=auto:1:121703)
[  527525ms] [ERROR] Failed to load resource: the server responded with a status of 400 () @ https://challenges.cloudflare.com/cdn-cgi/challenge-platform/h/g/fo/1197279624:1788707334:Txm0ocitY3JTXxkcL5r3OGSsr15drffiIs-d_ujGMYU/a36ecb30cbbcd87b/ZtvUP7DurWAsX9RMfBKC3zqsCOadMKVU6L5uHboy.30-1788711549-1.2.1.1-rXaXo9LHfYJ41Vqgr8lfL0HQoaK7p.aH4DncjZgd4vzzAodtsQnlKqHkGRuOQmn4:0
[  537644ms] Blocked a frame with origin "https://challenges.cloudflare.com" from accessing a frame with origin "http://localhost:3000".  The frame requesting access has a protocol of "https", the frame being accessed has a protocol of "http". Protocols must match.

    at unknown (https://challenges.cloudflare.com/cdn-cgi/challenge-platform/h/g/turnstile/f/av0/rcheZxhxFaJMXQEvx1TvZLJM3h1y45UA_CbJczh5MJbWcc-1788711549-1.3.1.1-u9i6nEVIIK_E0FhYbIPTmakXmj6cMqN05CiYUyhoUg8/zubze/0x4AAAAAADV3ju2YEd8uiR-k/dark/fbE/failure_retry/flexible?lang=auto:1:50047)
    at rA (https://challenges.cloudflare.com/cdn-cgi/challenge-platform/h/g/turnstile/f/av0/rcheZxhxFaJMXQEvx1TvZLJM3h1y45UA_CbJczh5MJbWcc-1788711549-1.3.1.1-u9i6nEVIIK_E0FhYbIPTmakXmj6cMqN05CiYUyhoUg8/zubze/0x4AAAAAADV3ju2YEd8uiR-k/dark/fbE/failure_retry/flexible?lang=auto:1:202975)
    at zpGHG (https://challenges.cloudflare.com/cdn-cgi/challenge-platform/h/g/turnstile/f/av0/rcheZxhxFaJMXQEvx1TvZLJM3h1y45UA_CbJczh5MJbWcc-1788711549-1.3.1.1-u9i6nEVIIK_E0FhYbIPTmakXmj6cMqN05CiYUyhoUg8/zubze/0x4AAAAAADV3ju2YEd8uiR-k/dark/fbE/failure_retry/flexible?lang=auto:1:118389)
    at r4 (https://challenges.cloudflare.com/cdn-cgi/challenge-platform/h/g/turnstile/f/av0/rcheZxhxFaJMXQEvx1TvZLJM3h1y45UA_CbJczh5MJbWcc-1788711549-1.3.1.1-u9i6nEVIIK_E0FhYbIPTmakXmj6cMqN05CiYUyhoUg8/zubze/0x4AAAAAADV3ju2YEd8uiR-k/dark/fbE/failure_retry/flexible?lang=auto:1:119717)
    at unknown (https://challenges.cloudflare.com/cdn-cgi/challenge-platform/h/g/turnstile/f/av0/rcheZxhxFaJMXQEvx1TvZLJM3h1y45UA_CbJczh5MJbWcc-1788711549-1.3.1.1-u9i6nEVIIK_E0FhYbIPTmakXmj6cMqN05CiYUyhoUg8/zubze/0x4AAAAAADV3ju2YEd8uiR-k/dark/fbE/failure_retry/flexible?lang=auto:1:49597)
    at rA (https://challenges.cloudflare.com/cdn-cgi/challenge-platform/h/g/turnstile/f/av0/rcheZxhxFaJMXQEvx1TvZLJM3h1y45UA_CbJczh5MJbWcc-1788711549-1.3.1.1-u9i6nEVIIK_E0FhYbIPTmakXmj6cMqN05CiYUyhoUg8/zubze/0x4AAAAAADV3ju2YEd8uiR-k/dark/fbE/failure_retry/flexible?lang=auto:1:202975)
    at Q (https://challenges.cloudflare.com/cdn-cgi/challenge-platform/h/g/turnstile/f/av0/rcheZxhxFaJMXQEvx1TvZLJM3h1y45UA_CbJczh5MJbWcc-1788711549-1.3.1.1-u9i6nEVIIK_E0FhYbIPTmakXmj6cMqN05CiYUyhoUg8/zubze/0x4AAAAAADV3ju2YEd8uiR-k/dark/fbE/failure_retry/flexible?lang=auto:1:174878)
    at NtNgx (https://challenges.cloudflare.com/cdn-cgi/challenge-platform/h/g/turnstile/f/av0/rcheZxhxFaJMXQEvx1TvZLJM3h1y45UA_CbJczh5MJbWcc-1788711549-1.3.1.1-u9i6nEVIIK_E0FhYbIPTmakXmj6cMqN05CiYUyhoUg8/zubze/0x4AAAAAADV3ju2YEd8uiR-k/dark/fbE/failure_retry/flexible?lang=auto:1:129302)
    at rf (https://challenges.cloudflare.com/cdn-cgi/challenge-platform/h/g/turnstile/f/av0/rcheZxhxFaJMXQEvx1TvZLJM3h1y45UA_CbJczh5MJbWcc-1788711549-1.3.1.1-u9i6nEVIIK_E0FhYbIPTmakXmj6cMqN05CiYUyhoUg8/zubze/0x4AAAAAADV3ju2YEd8uiR-k/dark/fbE/failure_retry/flexible?lang=auto:1:136930)
    at rl (https://challenges.cloudflare.com/cdn-cgi/challenge-platform/h/g/turnstile/f/av0/rcheZxhxFaJMXQEvx1TvZLJM3h1y45UA_CbJczh5MJbWcc-1788711549-1.3.1.1-u9i6nEVIIK_E0FhYbIPTmakXmj6cMqN05CiYUyhoUg8/zubze/0x4AAAAAADV3ju2YEd8uiR-k/dark/fbE/failure_retry/flexible?lang=auto:1:131573)
[  537772ms] [ERROR] Failed to load resource: the server responded with a status of 400 () @ https://challenges.cloudflare.com/cdn-cgi/challenge-platform/h/g/fo/1197279624:1788707334:Txm0ocitY3JTXxkcL5r3OGSsr15drffiIs-d_ujGMYU/a36ecb713883d87b/Ntno1ew.Y60OYrwbh3nKfMc49fZfdpBNfeMBTJ4ulyc-1788711559-1.2.1.1-KFLgwLWZv195EsXgss5CGtDOKZ.pq1ijoH3E9bsI4wrASsBW6Dzky4QfBo0tw8Vd:0
[  547951ms] Blocked a frame with origin "https://challenges.cloudflare.com" from accessing a frame with origin "http://localhost:3000".  The frame requesting access has a protocol of "https", the frame being accessed has a protocol of "http". Protocols must match.

    at unknown (https://challenges.cloudflare.com/cdn-cgi/challenge-platform/h/g/turnstile/f/av0/rchMD6GO6k44Q_VieeKmTbjzyxNOKNs7bF_wksK0_YjCuM-1788711559-1.3.1.1-NRZCYscrittFPv3iljIv07Ks06hrD7UTXgDgfvy8rHg/zubze/0x4AAAAAADV3ju2YEd8uiR-k/dark/fbE/failure_retry/flexible?lang=auto:1:50762)
    at rA (https://challenges.cloudflare.com/cdn-cgi/challenge-platform/h/g/turnstile/f/av0/rchMD6GO6k44Q_VieeKmTbjzyxNOKNs7bF_wksK0_YjCuM-1788711559-1.3.1.1-NRZCYscrittFPv3iljIv07Ks06hrD7UTXgDgfvy8rHg/zubze/0x4AAAAAADV3ju2YEd8uiR-k/dark/fbE/failure_retry/flexible?lang=auto:1:123426)
    at r4 (https://challenges.cloudflare.com/cdn-cgi/challenge-platform/h/g/turnstile/f/av0/rchMD6GO6k44Q_VieeKmTbjzyxNOKNs7bF_wksK0_YjCuM-1788711559-1.3.1.1-NRZCYscrittFPv3iljIv07Ks06hrD7UTXgDgfvy8rHg/zubze/0x4AAAAAADV3ju2YEd8uiR-k/dark/fbE/failure_retry/flexible?lang=auto:1:250988)
    at unknown (https://challenges.cloudflare.com/cdn-cgi/challenge-platform/h/g/turnstile/f/av0/rchMD6GO6k44Q_VieeKmTbjzyxNOKNs7bF_wksK0_YjCuM-1788711559-1.3.1.1-NRZCYscrittFPv3iljIv07Ks06hrD7UTXgDgfvy8rHg/zubze/0x4AAAAAADV3ju2YEd8uiR-k/dark/fbE/failure_retry/flexible?lang=auto:1:50312)
    at rA (https://challenges.cloudflare.com/cdn-cgi/challenge-platform/h/g/turnstile/f/av0/rchMD6GO6k44Q_VieeKmTbjzyxNOKNs7bF_wksK0_YjCuM-1788711559-1.3.1.1-NRZCYscrittFPv3iljIv07Ks06hrD7UTXgDgfvy8rHg/zubze/0x4AAAAAADV3ju2YEd8uiR-k/dark/fbE/failure_retry/flexible?lang=auto:1:123426)
    at PgLsR (https://challenges.cloudflare.com/cdn-cgi/challenge-platform/h/g/turnstile/f/av0/rchMD6GO6k44Q_VieeKmTbjzyxNOKNs7bF_wksK0_YjCuM-1788711559-1.3.1.1-NRZCYscrittFPv3iljIv07Ks06hrD7UTXgDgfvy8rHg/zubze/0x4AAAAAADV3ju2YEd8uiR-k/dark/fbE/failure_retry/flexible?lang=auto:1:125538)
    at Q (https://challenges.cloudflare.com/cdn-cgi/challenge-platform/h/g/turnstile/f/av0/rchMD6GO6k44Q_VieeKmTbjzyxNOKNs7bF_wksK0_YjCuM-1788711559-1.3.1.1-NRZCYscrittFPv3iljIv07Ks06hrD7UTXgDgfvy8rHg/zubze/0x4AAAAAADV3ju2YEd8uiR-k/dark/fbE/failure_retry/flexible?lang=auto:1:133916)
    at uRkyn (https://challenges.cloudflare.com/cdn-cgi/challenge-platform/h/g/turnstile/f/av0/rchMD6GO6k44Q_VieeKmTbjzyxNOKNs7bF_wksK0_YjCuM-1788711559-1.3.1.1-NRZCYscrittFPv3iljIv07Ks06hrD7UTXgDgfvy8rHg/zubze/0x4AAAAAADV3ju2YEd8uiR-k/dark/fbE/failure_retry/flexible?lang=auto:1:239275)
    at rf (https://challenges.cloudflare.com/cdn-cgi/challenge-platform/h/g/turnstile/f/av0/rchMD6GO6k44Q_VieeKmTbjzyxNOKNs7bF_wksK0_YjCuM-1788711559-1.3.1.1-NRZCYscrittFPv3iljIv07Ks06hrD7UTXgDgfvy8rHg/zubze/0x4AAAAAADV3ju2YEd8uiR-k/dark/fbE/failure_retry/flexible?lang=auto:1:246536)
    at rl (https://challenges.cloudflare.com/cdn-cgi/challenge-platform/h/g/turnstile/f/av0/rchMD6GO6k44Q_VieeKmTbjzyxNOKNs7bF_wksK0_YjCuM-1788711559-1.3.1.1-NRZCYscrittFPv3iljIv07Ks06hrD7UTXgDgfvy8rHg/zubze/0x4AAAAAADV3ju2YEd8uiR-k/dark/fbE/failure_retry/flexible?lang=auto:1:241439)
[  548119ms] [ERROR] Failed to load resource: the server responded with a status of 400 () @ https://challenges.cloudflare.com/cdn-cgi/challenge-platform/h/g/fo/1197279624:1788707334:Txm0ocitY3JTXxkcL5r3OGSsr15drffiIs-d_ujGMYU/a36ecbb16833d87b/DTgHcoi55nrfcjyI3ms61JZ91fjzqAeryi7ayMHsuZY-1788711570-1.2.1.1-2OyI6VrF2eS3NlbWxNFLrdzZV9yMtwOjouA.D2oxzFIe7kOBDTeuwSAP8iTOJ8vZ:0
[  558221ms] Blocked a frame with origin "https://challenges.cloudflare.com" from accessing a frame with origin "http://localhost:3000".  The frame requesting access has a protocol of "https", the frame being accessed has a protocol of "http". Protocols must match.

    at unknown (https://challenges.cloudflare.com/cdn-cgi/challenge-platform/h/g/turnstile/f/av0/rchpIwhA_wyfocQFh2H8WvqSj2dkgfUW85AYT2n4nAJW9U-1788711570-1.3.1.1-gaKLO7Y9NIFkX1UiKzn3psqC2WIj7.N.Qxmuks.kpho/zubze/0x4AAAAAADV3ju2YEd8uiR-k/dark/fbE/failure_retry/flexible?lang=auto:1:49897)
    at rA (https://challenges.cloudflare.com/cdn-cgi/challenge-platform/h/g/turnstile/f/av0/rchpIwhA_wyfocQFh2H8WvqSj2dkgfUW85AYT2n4nAJW9U-1788711570-1.3.1.1-gaKLO7Y9NIFkX1UiKzn3psqC2WIj7.N.Qxmuks.kpho/zubze/0x4AAAAAADV3ju2YEd8uiR-k/dark/fbE/failure_retry/flexible?lang=auto:1:186156)
    at r4 (https://challenges.cloudflare.com/cdn-cgi/challenge-platform/h/g/turnstile/f/av0/rchpIwhA_wyfocQFh2H8WvqSj2dkgfUW85AYT2n4nAJW9U-1788711570-1.3.1.1-gaKLO7Y9NIFkX1UiKzn3psqC2WIj7.N.Qxmuks.kpho/zubze/0x4AAAAAADV3ju2YEd8uiR-k/dark/fbE/failure_retry/flexible?lang=auto:1:239604)
    at unknown (https://challenges.cloudflare.com/cdn-cgi/challenge-platform/h/g/turnstile/f/av0/rchpIwhA_wyfocQFh2H8WvqSj2dkgfUW85AYT2n4nAJW9U-1788711570-1.3.1.1-gaKLO7Y9NIFkX1UiKzn3psqC2WIj7.N.Qxmuks.kpho/zubze/0x4AAAAAADV3ju2YEd8uiR-k/dark/fbE/failure_retry/flexible?lang=auto:1:49447)
    at rA (https://challenges.cloudflare.com/cdn-cgi/challenge-platform/h/g/turnstile/f/av0/rchpIwhA_wyfocQFh2H8WvqSj2dkgfUW85AYT2n4nAJW9U-1788711570-1.3.1.1-gaKLO7Y9NIFkX1UiKzn3psqC2WIj7.N.Qxmuks.kpho/zubze/0x4AAAAAADV3ju2YEd8uiR-k/dark/fbE/failure_retry/flexible?lang=auto:1:186156)
    at Q (https://challenges.cloudflare.com/cdn-cgi/challenge-platform/h/g/turnstile/f/av0/rchpIwhA_wyfocQFh2H8WvqSj2dkgfUW85AYT2n4nAJW9U-1788711570-1.3.1.1-gaKLO7Y9NIFkX1UiKzn3psqC2WIj7.N.Qxmuks.kpho/zubze/0x4AAAAAADV3ju2YEd8uiR-k/dark/fbE/failure_retry/flexible?lang=auto:1:72367)
    at rf (https://challenges.cloudflare.com/cdn-cgi/challenge-platform/h/g/turnstile/f/av0/rchpIwhA_wyfocQFh2H8WvqSj2dkgfUW85AYT2n4nAJW9U-1788711570-1.3.1.1-gaKLO7Y9NIFkX1UiKzn3psqC2WIj7.N.Qxmuks.kpho/zubze/0x4AAAAAADV3ju2YEd8uiR-k/dark/fbE/failure_retry/flexible?lang=auto:1:196583)
    at fERkd (https://challenges.cloudflare.com/cdn-cgi/challenge-platform/h/g/turnstile/f/av0/rchpIwhA_wyfocQFh2H8WvqSj2dkgfUW85AYT2n4nAJW9U-1788711570-1.3.1.1-gaKLO7Y9NIFkX1UiKzn3psqC2WIj7.N.Qxmuks.kpho/zubze/0x4AAAAAADV3ju2YEd8uiR-k/dark/fbE/failure_retry/flexible?lang=auto:1:189894)
    at rl (https://challenges.cloudflare.com/cdn-cgi/challenge-platform/h/g/turnstile/f/av0/rchpIwhA_wyfocQFh2H8WvqSj2dkgfUW85AYT2n4nAJW9U-1788711570-1.3.1.1-gaKLO7Y9NIFkX1UiKzn3psqC2WIj7.N.Qxmuks.kpho/zubze/0x4AAAAAADV3ju2YEd8uiR-k/dark/fbE/failure_retry/flexible?lang=auto:1:191980)
[  558374ms] [ERROR] Failed to load resource: the server responded with a status of 400 () @ https://challenges.cloudflare.com/cdn-cgi/challenge-platform/h/g/fo/1197279624:1788707334:Txm0ocitY3JTXxkcL5r3OGSsr15drffiIs-d_ujGMYU/a36ecbf1fee7d87b/63aTP1QVWZO4fEVCYpHl9KS38PbFqc2MSVvG5_p15fc-1788711580-1.2.1.1-garBPeuKySuKFkpKoka6xTN43LGp1HGPQbH7v27ha8DvwU8Rve05UyCtEPTwUaUQ:0
[  568487ms] Blocked a frame with origin "https://challenges.cloudflare.com" from accessing a frame with origin "http://localhost:3000".  The frame requesting access has a protocol of "https", the frame being accessed has a protocol of "http". Protocols must match.

    at unknown (https://challenges.cloudflare.com/cdn-cgi/challenge-platform/h/g/turnstile/f/av0/rchhIjtkD745naFOLz5orRAXQ_pLkyoMhPbFv6tIgFre0s-1788711580-1.3.1.1-25Aj4zvOCAMnS2mFUaTxgndjMI8JmL5aigIw1y29v3o/zubze/0x4AAAAAADV3ju2YEd8uiR-k/dark/fbE/failure_retry/flexible?lang=auto:1:49913)
    at Hr (https://challenges.cloudflare.com/cdn-cgi/challenge-platform/h/g/turnstile/f/av0/rchhIjtkD745naFOLz5orRAXQ_pLkyoMhPbFv6tIgFre0s-1788711580-1.3.1.1-25Aj4zvOCAMnS2mFUaTxgndjMI8JmL5aigIw1y29v3o/zubze/0x4AAAAAADV3ju2YEd8uiR-k/dark/fbE/failure_retry/flexible?lang=auto:1:210065)
    at uBVum (https://challenges.cloudflare.com/cdn-cgi/challenge-platform/h/g/turnstile/f/av0/rchhIjtkD745naFOLz5orRAXQ_pLkyoMhPbFv6tIgFre0s-1788711580-1.3.1.1-25Aj4zvOCAMnS2mFUaTxgndjMI8JmL5aigIw1y29v3o/zubze/0x4AAAAAADV3ju2YEd8uiR-k/dark/fbE/failure_retry/flexible?lang=auto:1:78532)
    at H4 (https://challenges.cloudflare.com/cdn-cgi/challenge-platform/h/g/turnstile/f/av0/rchhIjtkD745naFOLz5orRAXQ_pLkyoMhPbFv6tIgFre0s-1788711580-1.3.1.1-25Aj4zvOCAMnS2mFUaTxgndjMI8JmL5aigIw1y29v3o/zubze/0x4AAAAAADV3ju2YEd8uiR-k/dark/fbE/failure_retry/flexible?lang=auto:1:79877)
    at unknown (https://challenges.cloudflare.com/cdn-cgi/challenge-platform/h/g/turnstile/f/av0/rchhIjtkD745naFOLz5orRAXQ_pLkyoMhPbFv6tIgFre0s-1788711580-1.3.1.1-25Aj4zvOCAMnS2mFUaTxgndjMI8JmL5aigIw1y29v3o/zubze/0x4AAAAAADV3ju2YEd8uiR-k/dark/fbE/failure_retry/flexible?lang=auto:1:49463)
    at Hr (https://challenges.cloudflare.com/cdn-cgi/challenge-platform/h/g/turnstile/f/av0/rchhIjtkD745naFOLz5orRAXQ_pLkyoMhPbFv6tIgFre0s-1788711580-1.3.1.1-25Aj4zvOCAMnS2mFUaTxgndjMI8JmL5aigIw1y29v3o/zubze/0x4AAAAAADV3ju2YEd8uiR-k/dark/fbE/failure_retry/flexible?lang=auto:1:210065)
    at D (https://challenges.cloudflare.com/cdn-cgi/challenge-platform/h/g/turnstile/f/av0/rchhIjtkD745naFOLz5orRAXQ_pLkyoMhPbFv6tIgFre0s-1788711580-1.3.1.1-25Aj4zvOCAMnS2mFUaTxgndjMI8JmL5aigIw1y29v3o/zubze/0x4AAAAAADV3ju2YEd8uiR-k/dark/fbE/failure_retry/flexible?lang=auto:1:179398)
    at He (https://challenges.cloudflare.com/cdn-cgi/challenge-platform/h/g/turnstile/f/av0/rchhIjtkD745naFOLz5orRAXQ_pLkyoMhPbFv6tIgFre0s-1788711580-1.3.1.1-25Aj4zvOCAMnS2mFUaTxgndjMI8JmL5aigIw1y29v3o/zubze/0x4AAAAAADV3ju2YEd8uiR-k/dark/fbE/failure_retry/flexible?lang=auto:1:150426)
    at Hx (https://challenges.cloudflare.com/cdn-cgi/challenge-platform/h/g/turnstile/f/av0/rchhIjtkD745naFOLz5orRAXQ_pLkyoMhPbFv6tIgFre0s-1788711580-1.3.1.1-25Aj4zvOCAMnS2mFUaTxgndjMI8JmL5aigIw1y29v3o/zubze/0x4AAAAAADV3ju2YEd8uiR-k/dark/fbE/failure_retry/flexible?lang=auto:1:148652)
[  568635ms] [ERROR] Failed to load resource: the server responded with a status of 400 () @ https://challenges.cloudflare.com/cdn-cgi/challenge-platform/h/g/fo/1197279624:1788707334:Txm0ocitY3JTXxkcL5r3OGSsr15drffiIs-d_ujGMYU/a36ecc320eb1d87b/rAA1YHgZOSI0vxyEh2U9tkilFmyYGra9iXr6ZwpYgSE-1788711590-1.2.1.1-8Y.NukooJ19GVSouDMvuC8KeiItSVfkD_7TIc69Y45XiMiMAeK.W.HxX8sge0JmV:0
[  578746ms] Blocked a frame with origin "https://challenges.cloudflare.com" from accessing a frame with origin "http://localhost:3000".  The frame requesting access has a protocol of "https", the frame being accessed has a protocol of "http". Protocols must match.

    at unknown (https://challenges.cloudflare.com/cdn-cgi/challenge-platform/h/g/turnstile/f/av0/rch6aVakmlL8I4r0n5Rx8IVOIJqobMzrlhAlepJqGvymSc-1788711590-1.3.1.1-oM5DmA4fVVt7L8_mtDTIVNn6akysCAP2190j1awx2GQ/zubze/0x4AAAAAADV3ju2YEd8uiR-k/dark/fbE/failure_retry/flexible?lang=auto:1:48710)
    at rA (https://challenges.cloudflare.com/cdn-cgi/challenge-platform/h/g/turnstile/f/av0/rch6aVakmlL8I4r0n5Rx8IVOIJqobMzrlhAlepJqGvymSc-1788711590-1.3.1.1-oM5DmA4fVVt7L8_mtDTIVNn6akysCAP2190j1awx2GQ/zubze/0x4AAAAAADV3ju2YEd8uiR-k/dark/fbE/failure_retry/flexible?lang=auto:1:53476)
    at VsnZU (https://challenges.cloudflare.com/cdn-cgi/challenge-platform/h/g/turnstile/f/av0/rch6aVakmlL8I4r0n5Rx8IVOIJqobMzrlhAlepJqGvymSc-1788711590-1.3.1.1-oM5DmA4fVVt7L8_mtDTIVNn6akysCAP2190j1awx2GQ/zubze/0x4AAAAAADV3ju2YEd8uiR-k/dark/fbE/failure_retry/flexible?lang=auto:1:56201)
    at r4 (https://challenges.cloudflare.com/cdn-cgi/challenge-platform/h/g/turnstile/f/av0/rch6aVakmlL8I4r0n5Rx8IVOIJqobMzrlhAlepJqGvymSc-1788711590-1.3.1.1-oM5DmA4fVVt7L8_mtDTIVNn6akysCAP2190j1awx2GQ/zubze/0x4AAAAAADV3ju2YEd8uiR-k/dark/fbE/failure_retry/flexible?lang=auto:1:57395)
    at unknown (https://challenges.cloudflare.com/cdn-cgi/challenge-platform/h/g/turnstile/f/av0/rch6aVakmlL8I4r0n5Rx8IVOIJqobMzrlhAlepJqGvymSc-1788711590-1.3.1.1-oM5DmA4fVVt7L8_mtDTIVNn6akysCAP2190j1awx2GQ/zubze/0x4AAAAAADV3ju2YEd8uiR-k/dark/fbE/failure_retry/flexible?lang=auto:1:48260)
    at rA (https://challenges.cloudflare.com/cdn-cgi/challenge-platform/h/g/turnstile/f/av0/rch6aVakmlL8I4r0n5Rx8IVOIJqobMzrlhAlepJqGvymSc-1788711590-1.3.1.1-oM5DmA4fVVt7L8_mtDTIVNn6akysCAP2190j1awx2GQ/zubze/0x4AAAAAADV3ju2YEd8uiR-k/dark/fbE/failure_retry/flexible?lang=auto:1:53476)
    at kEKKl (https://challenges.cloudflare.com/cdn-cgi/challenge-platform/h/g/turnstile/f/av0/rch6aVakmlL8I4r0n5Rx8IVOIJqobMzrlhAlepJqGvymSc-1788711590-1.3.1.1-oM5DmA4fVVt7L8_mtDTIVNn6akysCAP2190j1awx2GQ/zubze/0x4AAAAAADV3ju2YEd8uiR-k/dark/fbE/failure_retry/flexible?lang=auto:1:119306)
    at Q (https://challenges.cloudflare.com/cdn-cgi/challenge-platform/h/g/turnstile/f/av0/rch6aVakmlL8I4r0n5Rx8IVOIJqobMzrlhAlepJqGvymSc-1788711590-1.3.1.1-oM5DmA4fVVt7L8_mtDTIVNn6akysCAP2190j1awx2GQ/zubze/0x4AAAAAADV3ju2YEd8uiR-k/dark/fbE/failure_retry/flexible?lang=auto:1:127911)
    at rf (https://challenges.cloudflare.com/cdn-cgi/challenge-platform/h/g/turnstile/f/av0/rch6aVakmlL8I4r0n5Rx8IVOIJqobMzrlhAlepJqGvymSc-1788711590-1.3.1.1-oM5DmA4fVVt7L8_mtDTIVNn6akysCAP2190j1awx2GQ/zubze/0x4AAAAAADV3ju2YEd8uiR-k/dark/fbE/failure_retry/flexible?lang=auto:1:162082)
    at sAhpF (https://challenges.cloudflare.com/cdn-cgi/challenge-platform/h/g/turnstile/f/av0/rch6aVakmlL8I4r0n5Rx8IVOIJqobMzrlhAlepJqGvymSc-1788711590-1.3.1.1-oM5DmA4fVVt7L8_mtDTIVNn6akysCAP2190j1awx2GQ/zubze/0x4AAAAAADV3ju2YEd8uiR-k/dark/fbE/failure_retry/flexible?lang=auto:1:153633)
    at rl (https://challenges.cloudflare.com/cdn-cgi/challenge-platform/h/g/turnstile/f/av0/rch6aVakmlL8I4r0n5Rx8IVOIJqobMzrlhAlepJqGvymSc-1788711590-1.3.1.1-oM5DmA4fVVt7L8_mtDTIVNn6akysCAP2190j1awx2GQ/zubze/0x4AAAAAADV3ju2YEd8uiR-k/dark/fbE/failure_retry/flexible?lang=auto:1:155936)
[  578891ms] [ERROR] Failed to load resource: the server responded with a status of 400 () @ https://challenges.cloudflare.com/cdn-cgi/challenge-platform/h/g/fo/1197279624:1788707334:Txm0ocitY3JTXxkcL5r3OGSsr15drffiIs-d_ujGMYU/a36ecc72486fd87b/I13vqSFA78rQJnTms4LS3.OaA2lkE.W_QICDamjiK_c-1788711601-1.2.1.1-kQF_.aODhNPaw6DMuTkK5IPUMoi6P9Y4WuiVEAS7bjnTshp9D_VDO5Eri_Ih69oi:0
[  588979ms] Blocked a frame with origin "https://challenges.cloudflare.com" from accessing a frame with origin "http://localhost:3000".  The frame requesting access has a protocol of "https", the frame being accessed has a protocol of "http". Protocols must match.

    at unknown (https://challenges.cloudflare.com/cdn-cgi/challenge-platform/h/g/turnstile/f/av0/rchrKOgc.ejBtcsmaHanoWXlpYyE2loYlpthsxsLCZ2Z4c-1788711601-1.3.1.1-0PxIwPUZb.dd0qZ_5iuapawVUZI5_DfTpzemSzqlCfE/zubze/0x4AAAAAADV3ju2YEd8uiR-k/dark/fbE/failure_retry/flexible?lang=auto:1:49171)
    at rA (https://challenges.cloudflare.com/cdn-cgi/challenge-platform/h/g/turnstile/f/av0/rchrKOgc.ejBtcsmaHanoWXlpYyE2loYlpthsxsLCZ2Z4c-1788711601-1.3.1.1-0PxIwPUZb.dd0qZ_5iuapawVUZI5_DfTpzemSzqlCfE/zubze/0x4AAAAAADV3ju2YEd8uiR-k/dark/fbE/failure_retry/flexible?lang=auto:1:77792)
    at r4 (https://challenges.cloudflare.com/cdn-cgi/challenge-platform/h/g/turnstile/f/av0/rchrKOgc.ejBtcsmaHanoWXlpYyE2loYlpthsxsLCZ2Z4c-1788711601-1.3.1.1-0PxIwPUZb.dd0qZ_5iuapawVUZI5_DfTpzemSzqlCfE/zubze/0x4AAAAAADV3ju2YEd8uiR-k/dark/fbE/failure_retry/flexible?lang=auto:1:180779)
    at unknown (https://challenges.cloudflare.com/cdn-cgi/challenge-platform/h/g/turnstile/f/av0/rchrKOgc.ejBtcsmaHanoWXlpYyE2loYlpthsxsLCZ2Z4c-1788711601-1.3.1.1-0PxIwPUZb.dd0qZ_5iuapawVUZI5_DfTpzemSzqlCfE/zubze/0x4AAAAAADV3ju2YEd8uiR-k/dark/fbE/failure_retry/flexible?lang=auto:1:48721)
    at rA (https://challenges.cloudflare.com/cdn-cgi/challenge-platform/h/g/turnstile/f/av0/rchrKOgc.ejBtcsmaHanoWXlpYyE2loYlpthsxsLCZ2Z4c-1788711601-1.3.1.1-0PxIwPUZb.dd0qZ_5iuapawVUZI5_DfTpzemSzqlCfE/zubze/0x4AAAAAADV3ju2YEd8uiR-k/dark/fbE/failure_retry/flexible?lang=auto:1:77792)
    at QYJqx (https://challenges.cloudflare.com/cdn-cgi/challenge-platform/h/g/turnstile/f/av0/rchrKOgc.ejBtcsmaHanoWXlpYyE2loYlpthsxsLCZ2Z4c-1788711601-1.3.1.1-0PxIwPUZb.dd0qZ_5iuapawVUZI5_DfTpzemSzqlCfE/zubze/0x4AAAAAADV3ju2YEd8uiR-k/dark/fbE/failure_retry/flexible?lang=auto:1:162000)
    at Q (https://challenges.cloudflare.com/cdn-cgi/challenge-platform/h/g/turnstile/f/av0/rchrKOgc.ejBtcsmaHanoWXlpYyE2loYlpthsxsLCZ2Z4c-1788711601-1.3.1.1-0PxIwPUZb.dd0qZ_5iuapawVUZI5_DfTpzemSzqlCfE/zubze/0x4AAAAAADV3ju2YEd8uiR-k/dark/fbE/failure_retry/flexible?lang=auto:1:170568)
    at rf (https://challenges.cloudflare.com/cdn-cgi/challenge-platform/h/g/turnstile/f/av0/rchrKOgc.ejBtcsmaHanoWXlpYyE2loYlpthsxsLCZ2Z4c-1788711601-1.3.1.1-0PxIwPUZb.dd0qZ_5iuapawVUZI5_DfTpzemSzqlCfE/zubze/0x4AAAAAADV3ju2YEd8uiR-k/dark/fbE/failure_retry/flexible?lang=auto:1:232034)
    at rl (https://challenges.cloudflare.com/cdn-cgi/challenge-platform/h/g/turnstile/f/av0/rchrKOgc.ejBtcsmaHanoWXlpYyE2loYlpthsxsLCZ2Z4c-1788711601-1.3.1.1-0PxIwPUZb.dd0qZ_5iuapawVUZI5_DfTpzemSzqlCfE/zubze/0x4AAAAAADV3ju2YEd8uiR-k/dark/fbE/failure_retry/flexible?lang=auto:1:230781)
[  589129ms] [ERROR] Failed to load resource: the server responded with a status of 400 () @ https://challenges.cloudflare.com/cdn-cgi/challenge-platform/h/g/fo/1197279624:1788707334:Txm0ocitY3JTXxkcL5r3OGSsr15drffiIs-d_ujGMYU/a36eccb23925d87b/VZeowe9I4j6sqp3MRMCst59kNHAo9lQ2QyBRgqEBKBY-1788711611-1.2.1.1-bIYf32RtC8QbYgAVLtrC5xWoZdofqow1E2jbf7aHmKFxgQ3tP9olc.P6gqrTKRqp:0
[  599218ms] Blocked a frame with origin "https://challenges.cloudflare.com" from accessing a frame with origin "http://localhost:3000".  The frame requesting access has a protocol of "https", the frame being accessed has a protocol of "http". Protocols must match.

    at unknown (https://challenges.cloudflare.com/cdn-cgi/challenge-platform/h/g/turnstile/f/av0/rch_tm7.yCNmLpl1FB2tPEMbwe90k1hkCuO2y7dr6.ruZU-1788711611-1.3.1.1-eVoYz_zzjs.h0MO2WS6fs1P3RUQrnGEBywq8_tUW9hs/zubze/0x4AAAAAADV3ju2YEd8uiR-k/dark/fbE/failure_retry/flexible?lang=auto:1:49432)
    at Hr (https://challenges.cloudflare.com/cdn-cgi/challenge-platform/h/g/turnstile/f/av0/rch_tm7.yCNmLpl1FB2tPEMbwe90k1hkCuO2y7dr6.ruZU-1788711611-1.3.1.1-eVoYz_zzjs.h0MO2WS6fs1P3RUQrnGEBywq8_tUW9hs/zubze/0x4AAAAAADV3ju2YEd8uiR-k/dark/fbE/failure_retry/flexible?lang=auto:1:235725)
    at SjttC (https://challenges.cloudflare.com/cdn-cgi/challenge-platform/h/g/turnstile/f/av0/rch_tm7.yCNmLpl1FB2tPEMbwe90k1hkCuO2y7dr6.ruZU-1788711611-1.3.1.1-eVoYz_zzjs.h0MO2WS6fs1P3RUQrnGEBywq8_tUW9hs/zubze/0x4AAAAAADV3ju2YEd8uiR-k/dark/fbE/failure_retry/flexible?lang=auto:1:238220)
    at H4 (https://challenges.cloudflare.com/cdn-cgi/challenge-platform/h/g/turnstile/f/av0/rch_tm7.yCNmLpl1FB2tPEMbwe90k1hkCuO2y7dr6.ruZU-1788711611-1.3.1.1-eVoYz_zzjs.h0MO2WS6fs1P3RUQrnGEBywq8_tUW9hs/zubze/0x4AAAAAADV3ju2YEd8uiR-k/dark/fbE/failure_retry/flexible?lang=auto:1:239595)
    at unknown (https://challenges.cloudflare.com/cdn-cgi/challenge-platform/h/g/turnstile/f/av0/rch_tm7.yCNmLpl1FB2tPEMbwe90k1hkCuO2y7dr6.ruZU-1788711611-1.3.1.1-eVoYz_zzjs.h0MO2WS6fs1P3RUQrnGEBywq8_tUW9hs/zubze/0x4AAAAAADV3ju2YEd8uiR-k/dark/fbE/failure_retry/flexible?lang=auto:1:48982)
    at Hr (https://challenges.cloudflare.com/cdn-cgi/challenge-platform/h/g/turnstile/f/av0/rch_tm7.yCNmLpl1FB2tPEMbwe90k1hkCuO2y7dr6.ruZU-1788711611-1.3.1.1-eVoYz_zzjs.h0MO2WS6fs1P3RUQrnGEBywq8_tUW9hs/zubze/0x4AAAAAADV3ju2YEd8uiR-k/dark/fbE/failure_retry/flexible?lang=auto:1:235725)
    at cAUdC (https://challenges.cloudflare.com/cdn-cgi/challenge-platform/h/g/turnstile/f/av0/rch_tm7.yCNmLpl1FB2tPEMbwe90k1hkCuO2y7dr6.ruZU-1788711611-1.3.1.1-eVoYz_zzjs.h0MO2WS6fs1P3RUQrnGEBywq8_tUW9hs/zubze/0x4AAAAAADV3ju2YEd8uiR-k/dark/fbE/failure_retry/flexible?lang=auto:1:76400)
    at D (https://challenges.cloudflare.com/cdn-cgi/challenge-platform/h/g/turnstile/f/av0/rch_tm7.yCNmLpl1FB2tPEMbwe90k1hkCuO2y7dr6.ruZU-1788711611-1.3.1.1-eVoYz_zzjs.h0MO2WS6fs1P3RUQrnGEBywq8_tUW9hs/zubze/0x4AAAAAADV3ju2YEd8uiR-k/dark/fbE/failure_retry/flexible?lang=auto:1:79448)
    at OsWSQ (https://challenges.cloudflare.com/cdn-cgi/challenge-platform/h/g/turnstile/f/av0/rch_tm7.yCNmLpl1FB2tPEMbwe90k1hkCuO2y7dr6.ruZU-1788711611-1.3.1.1-eVoYz_zzjs.h0MO2WS6fs1P3RUQrnGEBywq8_tUW9hs/zubze/0x4AAAAAADV3ju2YEd8uiR-k/dark/fbE/failure_retry/flexible?lang=auto:1:123280)
    at He (https://challenges.cloudflare.com/cdn-cgi/challenge-platform/h/g/turnstile/f/av0/rch_tm7.yCNmLpl1FB2tPEMbwe90k1hkCuO2y7dr6.ruZU-1788711611-1.3.1.1-eVoYz_zzjs.h0MO2WS6fs1P3RUQrnGEBywq8_tUW9hs/zubze/0x4AAAAAADV3ju2YEd8uiR-k/dark/fbE/failure_retry/flexible?lang=auto:1:127424)
    at Hx (https://challenges.cloudflare.com/cdn-cgi/challenge-platform/h/g/turnstile/f/av0/rch_tm7.yCNmLpl1FB2tPEMbwe90k1hkCuO2y7dr6.ruZU-1788711611-1.3.1.1-eVoYz_zzjs.h0MO2WS6fs1P3RUQrnGEBywq8_tUW9hs/zubze/0x4AAAAAADV3ju2YEd8uiR-k/dark/fbE/failure_retry/flexible?lang=auto:1:125964)
[  599360ms] [ERROR] Failed to load resource: the server responded with a status of 400 () @ https://challenges.cloudflare.com/cdn-cgi/challenge-platform/h/g/fo/1197279624:1788707334:Txm0ocitY3JTXxkcL5r3OGSsr15drffiIs-d_ujGMYU/a36eccf23d13d87b/kU.VJVgIWzz2P..91RqgPPpCs7_k7XwSO3B.OG901DM-1788711621-1.2.1.1-SiG_rt690.mLyGzt4noSI8Tknezk6qzlKQSjG4x8NTYqtdz4JBkDvTztUdg_TkU1:0
[  609487ms] Blocked a frame with origin "https://challenges.cloudflare.com" from accessing a frame with origin "http://localhost:3000".  The frame requesting access has a protocol of "https", the frame being accessed has a protocol of "http". Protocols must match.

    at unknown (https://challenges.cloudflare.com/cdn-cgi/challenge-platform/h/g/turnstile/f/av0/rchgGzX_ceEJ1q0vl8JGB2wqGGocYMY6IZoQf2dp8l2I0Q-1788711621-1.3.1.1-vKDXMppUCa4BXR0MKLgUrK20K0EOuyI3HPR8SyV2SfU/zubze/0x4AAAAAADV3ju2YEd8uiR-k/dark/fbE/failure_retry/flexible?lang=auto:1:49851)
    at Hr (https://challenges.cloudflare.com/cdn-cgi/challenge-platform/h/g/turnstile/f/av0/rchgGzX_ceEJ1q0vl8JGB2wqGGocYMY6IZoQf2dp8l2I0Q-1788711621-1.3.1.1-vKDXMppUCa4BXR0MKLgUrK20K0EOuyI3HPR8SyV2SfU/zubze/0x4AAAAAADV3ju2YEd8uiR-k/dark/fbE/failure_retry/flexible?lang=auto:1:250072)
    at rAdMS (https://challenges.cloudflare.com/cdn-cgi/challenge-platform/h/g/turnstile/f/av0/rchgGzX_ceEJ1q0vl8JGB2wqGGocYMY6IZoQf2dp8l2I0Q-1788711621-1.3.1.1-vKDXMppUCa4BXR0MKLgUrK20K0EOuyI3HPR8SyV2SfU/zubze/0x4AAAAAADV3ju2YEd8uiR-k/dark/fbE/failure_retry/flexible?lang=auto:1:114476)
    at H4 (https://challenges.cloudflare.com/cdn-cgi/challenge-platform/h/g/turnstile/f/av0/rchgGzX_ceEJ1q0vl8JGB2wqGGocYMY6IZoQf2dp8l2I0Q-1788711621-1.3.1.1-vKDXMppUCa4BXR0MKLgUrK20K0EOuyI3HPR8SyV2SfU/zubze/0x4AAAAAADV3ju2YEd8uiR-k/dark/fbE/failure_retry/flexible?lang=auto:1:115893)
    at unknown (https://challenges.cloudflare.com/cdn-cgi/challenge-platform/h/g/turnstile/f/av0/rchgGzX_ceEJ1q0vl8JGB2wqGGocYMY6IZoQf2dp8l2I0Q-1788711621-1.3.1.1-vKDXMppUCa4BXR0MKLgUrK20K0EOuyI3HPR8SyV2SfU/zubze/0x4AAAAAADV3ju2YEd8uiR-k/dark/fbE/failure_retry/flexible?lang=auto:1:49401)
    at Hr (https://challenges.cloudflare.com/cdn-cgi/challenge-platform/h/g/turnstile/f/av0/rchgGzX_ceEJ1q0vl8JGB2wqGGocYMY6IZoQf2dp8l2I0Q-1788711621-1.3.1.1-vKDXMppUCa4BXR0MKLgUrK20K0EOuyI3HPR8SyV2SfU/zubze/0x4AAAAAADV3ju2YEd8uiR-k/dark/fbE/failure_retry/flexible?lang=auto:1:250072)
    at VLaLG (https://challenges.cloudflare.com/cdn-cgi/challenge-platform/h/g/turnstile/f/av0/rchgGzX_ceEJ1q0vl8JGB2wqGGocYMY6IZoQf2dp8l2I0Q-1788711621-1.3.1.1-vKDXMppUCa4BXR0MKLgUrK20K0EOuyI3HPR8SyV2SfU/zubze/0x4AAAAAADV3ju2YEd8uiR-k/dark/fbE/failure_retry/flexible?lang=auto:1:121720)
    at D (https://challenges.cloudflare.com/cdn-cgi/challenge-platform/h/g/turnstile/f/av0/rchgGzX_ceEJ1q0vl8JGB2wqGGocYMY6IZoQf2dp8l2I0Q-1788711621-1.3.1.1-vKDXMppUCa4BXR0MKLgUrK20K0EOuyI3HPR8SyV2SfU/zubze/0x4AAAAAADV3ju2YEd8uiR-k/dark/fbE/failure_retry/flexible?lang=auto:1:130334)
    at He (https://challenges.cloudflare.com/cdn-cgi/challenge-platform/h/g/turnstile/f/av0/rchgGzX_ceEJ1q0vl8JGB2wqGGocYMY6IZoQf2dp8l2I0Q-1788711621-1.3.1.1-vKDXMppUCa4BXR0MKLgUrK20K0EOuyI3HPR8SyV2SfU/zubze/0x4AAAAAADV3ju2YEd8uiR-k/dark/fbE/failure_retry/flexible?lang=auto:1:107603)
    at Hx (https://challenges.cloudflare.com/cdn-cgi/challenge-platform/h/g/turnstile/f/av0/rchgGzX_ceEJ1q0vl8JGB2wqGGocYMY6IZoQf2dp8l2I0Q-1788711621-1.3.1.1-vKDXMppUCa4BXR0MKLgUrK20K0EOuyI3HPR8SyV2SfU/zubze/0x4AAAAAADV3ju2YEd8uiR-k/dark/fbE/failure_retry/flexible?lang=auto:1:106342)
[  609721ms] [ERROR] Failed to load resource: the server responded with a status of 400 () @ https://challenges.cloudflare.com/cdn-cgi/challenge-platform/h/g/fo/1197279624:1788707334:Txm0ocitY3JTXxkcL5r3OGSsr15drffiIs-d_ujGMYU/a36ecd322897d87b/OtsDHS_Jiny1wDzbAQUWpeLkt3EOM_nWNmYtmxXVjw8-1788711631-1.2.1.1-F3gsv6GWnSb.ZB3Gnj.MGjcOKp3qAUgWT1xaXCiEie59SqRaB9_tg9JFiXriImVC:0
[  619803ms] Blocked a frame with origin "https://challenges.cloudflare.com" from accessing a frame with origin "http://localhost:3000".  The frame requesting access has a protocol of "https", the frame being accessed has a protocol of "http". Protocols must match.

    at unknown (https://challenges.cloudflare.com/cdn-cgi/challenge-platform/h/g/turnstile/f/av0/rchzWej4.Ig2ThNQ9mDWUth_SEXzIAO.iIc1Urg.DcpRAQ-1788711631-1.3.1.1-roZuIbz7EFFKlCTZFAoXC8rIOEzI70OVikjHrMQOXuE/zubze/0x4AAAAAADV3ju2YEd8uiR-k/dark/fbE/failure_retry/flexible?lang=auto:1:49497)
    at Hr (https://challenges.cloudflare.com/cdn-cgi/challenge-platform/h/g/turnstile/f/av0/rchzWej4.Ig2ThNQ9mDWUth_SEXzIAO.iIc1Urg.DcpRAQ-1788711631-1.3.1.1-roZuIbz7EFFKlCTZFAoXC8rIOEzI70OVikjHrMQOXuE/zubze/0x4AAAAAADV3ju2YEd8uiR-k/dark/fbE/failure_retry/flexible?lang=auto:1:71611)
    at H4 (https://challenges.cloudflare.com/cdn-cgi/challenge-platform/h/g/turnstile/f/av0/rchzWej4.Ig2ThNQ9mDWUth_SEXzIAO.iIc1Urg.DcpRAQ-1788711631-1.3.1.1-roZuIbz7EFFKlCTZFAoXC8rIOEzI70OVikjHrMQOXuE/zubze/0x4AAAAAADV3ju2YEd8uiR-k/dark/fbE/failure_retry/flexible?lang=auto:1:130720)
    at unknown (https://challenges.cloudflare.com/cdn-cgi/challenge-platform/h/g/turnstile/f/av0/rchzWej4.Ig2ThNQ9mDWUth_SEXzIAO.iIc1Urg.DcpRAQ-1788711631-1.3.1.1-roZuIbz7EFFKlCTZFAoXC8rIOEzI70OVikjHrMQOXuE/zubze/0x4AAAAAADV3ju2YEd8uiR-k/dark/fbE/failure_retry/flexible?lang=auto:1:49047)
    at Hr (https://challenges.cloudflare.com/cdn-cgi/challenge-platform/h/g/turnstile/f/av0/rchzWej4.Ig2ThNQ9mDWUth_SEXzIAO.iIc1Urg.DcpRAQ-1788711631-1.3.1.1-roZuIbz7EFFKlCTZFAoXC8rIOEzI70OVikjHrMQOXuE/zubze/0x4AAAAAADV3ju2YEd8uiR-k/dark/fbE/failure_retry/flexible?lang=auto:1:71611)
    at pjdqh (https://challenges.cloudflare.com/cdn-cgi/challenge-platform/h/g/turnstile/f/av0/rchzWej4.Ig2ThNQ9mDWUth_SEXzIAO.iIc1Urg.DcpRAQ-1788711631-1.3.1.1-roZuIbz7EFFKlCTZFAoXC8rIOEzI70OVikjHrMQOXuE/zubze/0x4AAAAAADV3ju2YEd8uiR-k/dark/fbE/failure_retry/flexible?lang=auto:1:163186)
    at D (https://challenges.cloudflare.com/cdn-cgi/challenge-platform/h/g/turnstile/f/av0/rchzWej4.Ig2ThNQ9mDWUth_SEXzIAO.iIc1Urg.DcpRAQ-1788711631-1.3.1.1-roZuIbz7EFFKlCTZFAoXC8rIOEzI70OVikjHrMQOXuE/zubze/0x4AAAAAADV3ju2YEd8uiR-k/dark/fbE/failure_retry/flexible?lang=auto:1:171497)
    at He (https://challenges.cloudflare.com/cdn-cgi/challenge-platform/h/g/turnstile/f/av0/rchzWej4.Ig2ThNQ9mDWUth_SEXzIAO.iIc1Urg.DcpRAQ-1788711631-1.3.1.1-roZuIbz7EFFKlCTZFAoXC8rIOEzI70OVikjHrMQOXuE/zubze/0x4AAAAAADV3ju2YEd8uiR-k/dark/fbE/failure_retry/flexible?lang=auto:1:66058)
    at Hx (https://challenges.cloudflare.com/cdn-cgi/challenge-platform/h/g/turnstile/f/av0/rchzWej4.Ig2ThNQ9mDWUth_SEXzIAO.iIc1Urg.DcpRAQ-1788711631-1.3.1.1-roZuIbz7EFFKlCTZFAoXC8rIOEzI70OVikjHrMQOXuE/zubze/0x4AAAAAADV3ju2YEd8uiR-k/dark/fbE/failure_retry/flexible?lang=auto:1:64513)
[  619948ms] [ERROR] Failed to load resource: the server responded with a status of 400 () @ https://challenges.cloudflare.com/cdn-cgi/challenge-platform/h/g/fo/1197279624:1788707334:Txm0ocitY3JTXxkcL5r3OGSsr15drffiIs-d_ujGMYU/a36ecd72ef97d87b/T5s0Gh7q9Qtvob99pjGUB4By8fMQdpl_qJ.1kkBt6ks-1788711642-1.2.1.1-5VjMPLzIbKHLXNfWDKObp5GVlz8K.jlZwAB3sT958H94CZxT01AiC0qzufBnkAqK:0
[  621300ms] [LOG] %cssr:success%c Vite server hmr 25 files 
      background: #2ecc71;
      border-radius: 0.5em;
      color: white;
      font-weight: bold;
      padding: 2px 0.5em;
      in 25.06ms 
  at vite_node_entry_default (node_modules/.pnpm/@nuxt+vite-builder@3.21.2_@types+node@26.1.1_magicast@0.5.2_nuxt@3.21.2_@emnapi+core@1._a4b3153523cf62a7d8205505e2d0041e/node_modules/@nuxt/vite-builder/dist/vite-node-entry.mjs)
  at process.processTicksAndRejections (node:internal/process/task_queues)
  at async Object.renderToString (node_modules/.pnpm/vue-bundle-renderer@2.2.0/node_modules/vue-bundle-renderer/dist/runtime.mjs)
 @ http://localhost:3000/_nuxt/node_modules/.pnpm/consola@3.4.2/node_modules/consola/dist/browser.mjs?v=4a573216:47
[  621314ms] [INFO] <Suspense> is an experimental feature and its API will likely change. @ http://localhost:3000/_nuxt/node_modules/.pnpm/@vue+runtime-core@3.5.33/node_modules/@vue/runtime-core/dist/runtime-core.esm-bundler.js?v=4a573216:7239
[  621345ms] [LOG] %c[Vercel Web Analytics]%c Debug mode is enabled by default in development. No requests will be sent to the server. color: rgb(120, 120, 120) color: inherit @ https://va.vercel-scripts.com/v1/script.debug.js:0
[  621345ms] [LOG] %c[Vercel Web Analytics]%c Running queued event color: rgb(120, 120, 120) color: inherit pageview {route: /contact/partner, path: /contact/partner} @ https://va.vercel-scripts.com/v1/script.debug.js:0
[  621346ms] [LOG] %c[Vercel Web Analytics]%c [view] http://localhost:3000/contact/partner color: rgb(120, 120, 120) color: inherit {o: http://localhost:3000/contact/partner, sv: 0.1.3, sdkn: @vercel/analytics/nuxt, sdkv: 2.0.1, ts: 1788711643604} /_vercel/insights/view @ https://va.vercel-scripts.com/v1/script.debug.js:0
[  621360ms] [LOG] ✨ %cNuxt DevTools %c Press Shift + Option + D to open DevTools color: black; border-radius: 3px 0 0 3px; padding: 2px 2px 1px 10px; background: #00DC82 border-radius: 0 3px 3px 0; padding: 2px 10px 1px 2px; background: #00DC8220  @ http://localhost:3000/_nuxt/node_modules/.pnpm/@nuxt+devtools@3.2.4_supports-color@10.2.2_vite@7.3.2_@types+node@26.1.1_jiti@2.6.1_ter_28972f42c82fd27b0e3f96c17cda5782/node_modules/@nuxt/devtools/dist/runtime/plugins/devtools.client.js?v=4a573216:51
[  621441ms] Blocked a frame with origin "https://challenges.cloudflare.com" from accessing a frame with origin "http://localhost:3000".  The frame requesting access has a protocol of "https", the frame being accessed has a protocol of "http". Protocols must match.

    at unknown (https://challenges.cloudflare.com/cdn-cgi/challenge-platform/h/g/turnstile/f/av0/rch/n9tgo/0x4AAAAAADV3ju2YEd8uiR-k/dark/fbE/new/flexible?lang=auto:1:49766)
    at Hr (https://challenges.cloudflare.com/cdn-cgi/challenge-platform/h/g/turnstile/f/av0/rch/n9tgo/0x4AAAAAADV3ju2YEd8uiR-k/dark/fbE/new/flexible?lang=auto:1:178942)
    at siymK (https://challenges.cloudflare.com/cdn-cgi/challenge-platform/h/g/turnstile/f/av0/rch/n9tgo/0x4AAAAAADV3ju2YEd8uiR-k/dark/fbE/new/flexible?lang=auto:1:133587)
    at H4 (https://challenges.cloudflare.com/cdn-cgi/challenge-platform/h/g/turnstile/f/av0/rch/n9tgo/0x4AAAAAADV3ju2YEd8uiR-k/dark/fbE/new/flexible?lang=auto:1:134743)
    at unknown (https://challenges.cloudflare.com/cdn-cgi/challenge-platform/h/g/turnstile/f/av0/rch/n9tgo/0x4AAAAAADV3ju2YEd8uiR-k/dark/fbE/new/flexible?lang=auto:1:49316)
    at Hr (https://challenges.cloudflare.com/cdn-cgi/challenge-platform/h/g/turnstile/f/av0/rch/n9tgo/0x4AAAAAADV3ju2YEd8uiR-k/dark/fbE/new/flexible?lang=auto:1:178942)
    at D (https://challenges.cloudflare.com/cdn-cgi/challenge-platform/h/g/turnstile/f/av0/rch/n9tgo/0x4AAAAAADV3ju2YEd8uiR-k/dark/fbE/new/flexible?lang=auto:1:95262)
    at EnLzj (https://challenges.cloudflare.com/cdn-cgi/challenge-platform/h/g/turnstile/f/av0/rch/n9tgo/0x4AAAAAADV3ju2YEd8uiR-k/dark/fbE/new/flexible?lang=auto:1:207095)
    at He (https://challenges.cloudflare.com/cdn-cgi/challenge-platform/h/g/turnstile/f/av0/rch/n9tgo/0x4AAAAAADV3ju2YEd8uiR-k/dark/fbE/new/flexible?lang=auto:1:215309)
    at Hx (https://challenges.cloudflare.com/cdn-cgi/challenge-platform/h/g/turnstile/f/av0/rch/n9tgo/0x4AAAAAADV3ju2YEd8uiR-k/dark/fbE/new/flexible?lang=auto:1:209887)
[  621586ms] [ERROR] Failed to load resource: the server responded with a status of 400 () @ https://challenges.cloudflare.com/cdn-cgi/challenge-platform/h/g/fo/1197279624:1788707334:Txm0ocitY3JTXxkcL5r3OGSsr15drffiIs-d_ujGMYU/a36ecd7d2b0cd87b/zRfZe.pkrAr3YTJRqQijcf3iqUGLf_uClecTVvSqzFU-1788711643-1.2.1.1-TdKXeK9oGWvTfrN57Myl.Dk15wwVZH7TQiZ9EalYw8GlNBuR2VFLYT0cWWLy1UH7:0
[  631687ms] Blocked a frame with origin "https://challenges.cloudflare.com" from accessing a frame with origin "http://localhost:3000".  The frame requesting access has a protocol of "https", the frame being accessed has a protocol of "http". Protocols must match.

    at unknown (https://challenges.cloudflare.com/cdn-cgi/challenge-platform/h/g/turnstile/f/av0/rchOwe5DvufgllyEijJ.Ug7zepxwyAPu024rH1LkfvuSBA-1788711643-1.3.1.1-7LpfIUjCO9u6y0wkztwzsv9C9PRkgYjQ6pv.EbDm1k8/n9tgo/0x4AAAAAADV3ju2YEd8uiR-k/dark/fbE/failure_retry/flexible?lang=auto:1:48494)
    at Hr (https://challenges.cloudflare.com/cdn-cgi/challenge-platform/h/g/turnstile/f/av0/rchOwe5DvufgllyEijJ.Ug7zepxwyAPu024rH1LkfvuSBA-1788711643-1.3.1.1-7LpfIUjCO9u6y0wkztwzsv9C9PRkgYjQ6pv.EbDm1k8/n9tgo/0x4AAAAAADV3ju2YEd8uiR-k/dark/fbE/failure_retry/flexible?lang=auto:1:58640)
    at cGMSc (https://challenges.cloudflare.com/cdn-cgi/challenge-platform/h/g/turnstile/f/av0/rchOwe5DvufgllyEijJ.Ug7zepxwyAPu024rH1LkfvuSBA-1788711643-1.3.1.1-7LpfIUjCO9u6y0wkztwzsv9C9PRkgYjQ6pv.EbDm1k8/n9tgo/0x4AAAAAADV3ju2YEd8uiR-k/dark/fbE/failure_retry/flexible?lang=auto:1:96073)
    at H4 (https://challenges.cloudflare.com/cdn-cgi/challenge-platform/h/g/turnstile/f/av0/rchOwe5DvufgllyEijJ.Ug7zepxwyAPu024rH1LkfvuSBA-1788711643-1.3.1.1-7LpfIUjCO9u6y0wkztwzsv9C9PRkgYjQ6pv.EbDm1k8/n9tgo/0x4AAAAAADV3ju2YEd8uiR-k/dark/fbE/failure_retry/flexible?lang=auto:1:97114)
    at unknown (https://challenges.cloudflare.com/cdn-cgi/challenge-platform/h/g/turnstile/f/av0/rchOwe5DvufgllyEijJ.Ug7zepxwyAPu024rH1LkfvuSBA-1788711643-1.3.1.1-7LpfIUjCO9u6y0wkztwzsv9C9PRkgYjQ6pv.EbDm1k8/n9tgo/0x4AAAAAADV3ju2YEd8uiR-k/dark/fbE/failure_retry/flexible?lang=auto:1:48044)
    at Hr (https://challenges.cloudflare.com/cdn-cgi/challenge-platform/h/g/turnstile/f/av0/rchOwe5DvufgllyEijJ.Ug7zepxwyAPu024rH1LkfvuSBA-1788711643-1.3.1.1-7LpfIUjCO9u6y0wkztwzsv9C9PRkgYjQ6pv.EbDm1k8/n9tgo/0x4AAAAAADV3ju2YEd8uiR-k/dark/fbE/failure_retry/flexible?lang=auto:1:58640)
    at D (https://challenges.cloudflare.com/cdn-cgi/challenge-platform/h/g/turnstile/f/av0/rchOwe5DvufgllyEijJ.Ug7zepxwyAPu024rH1LkfvuSBA-1788711643-1.3.1.1-7LpfIUjCO9u6y0wkztwzsv9C9PRkgYjQ6pv.EbDm1k8/n9tgo/0x4AAAAAADV3ju2YEd8uiR-k/dark/fbE/failure_retry/flexible?lang=auto:1:102395)
    at qnDwl (https://challenges.cloudflare.com/cdn-cgi/challenge-platform/h/g/turnstile/f/av0/rchOwe5DvufgllyEijJ.Ug7zepxwyAPu024rH1LkfvuSBA-1788711643-1.3.1.1-7LpfIUjCO9u6y0wkztwzsv9C9PRkgYjQ6pv.EbDm1k8/n9tgo/0x4AAAAAADV3ju2YEd8uiR-k/dark/fbE/failure_retry/flexible?lang=auto:1:131099)
    at He (https://challenges.cloudflare.com/cdn-cgi/challenge-platform/h/g/turnstile/f/av0/rchOwe5DvufgllyEijJ.Ug7zepxwyAPu024rH1LkfvuSBA-1788711643-1.3.1.1-7LpfIUjCO9u6y0wkztwzsv9C9PRkgYjQ6pv.EbDm1k8/n9tgo/0x4AAAAAADV3ju2YEd8uiR-k/dark/fbE/failure_retry/flexible?lang=auto:1:139380)
    at Hx (https://challenges.cloudflare.com/cdn-cgi/challenge-platform/h/g/turnstile/f/av0/rchOwe5DvufgllyEijJ.Ug7zepxwyAPu024rH1LkfvuSBA-1788711643-1.3.1.1-7LpfIUjCO9u6y0wkztwzsv9C9PRkgYjQ6pv.EbDm1k8/n9tgo/0x4AAAAAADV3ju2YEd8uiR-k/dark/fbE/failure_retry/flexible?lang=auto:1:133312)
[  631830ms] [ERROR] Failed to load resource: the server responded with a status of 400 () @ https://challenges.cloudflare.com/cdn-cgi/challenge-platform/h/g/fo/1197279624:1788707334:Txm0ocitY3JTXxkcL5r3OGSsr15drffiIs-d_ujGMYU/a36ecdbd293fd87b/X8RBTwToK1ld7K5nednEEC2PTlc6mffBMCnY32s9Vd8-1788711653-1.2.1.1-lAa6trVhftlkZQJmTAEvSYMFowzDEp5Bvxbv4auM0rnJ3kpUOckzF0PWIk7WHQNo:0
[  637133ms] [ERROR] WebSocket connection to 'ws://localhost:3000/_nuxt/?token=49mIP6XD1Wg6' failed: The network connection was lost. @ :0
[  637133ms] [LOG] [vite] server connection lost. Polling for restart... @ http://localhost:3000/_nuxt/@vite/client:864
[  641929ms] Blocked a frame with origin "https://challenges.cloudflare.com" from accessing a frame with origin "http://localhost:3000".  The frame requesting access has a protocol of "https", the frame being accessed has a protocol of "http". Protocols must match.

    at unknown (https://challenges.cloudflare.com/cdn-cgi/challenge-platform/h/g/turnstile/f/av0/rch8Rzp6jM_p2FuIQQ2AfZSqJPp0Oe7Gth0CWGZN4F4jwM-1788711653-1.3.1.1-xNNbTeMYuxeWd2_PklxdbjoxMJlh.xobJSmwI866K3E/n9tgo/0x4AAAAAADV3ju2YEd8uiR-k/dark/fbE/failure_retry/flexible?lang=auto:1:50047)
    at rA (https://challenges.cloudflare.com/cdn-cgi/challenge-platform/h/g/turnstile/f/av0/rch8Rzp6jM_p2FuIQQ2AfZSqJPp0Oe7Gth0CWGZN4F4jwM-1788711653-1.3.1.1-xNNbTeMYuxeWd2_PklxdbjoxMJlh.xobJSmwI866K3E/n9tgo/0x4AAAAAADV3ju2YEd8uiR-k/dark/fbE/failure_retry/flexible?lang=auto:1:202975)
    at zpGHG (https://challenges.cloudflare.com/cdn-cgi/challenge-platform/h/g/turnstile/f/av0/rch8Rzp6jM_p2FuIQQ2AfZSqJPp0Oe7Gth0CWGZN4F4jwM-1788711653-1.3.1.1-xNNbTeMYuxeWd2_PklxdbjoxMJlh.xobJSmwI866K3E/n9tgo/0x4AAAAAADV3ju2YEd8uiR-k/dark/fbE/failure_retry/flexible?lang=auto:1:118389)
    at r4 (https://challenges.cloudflare.com/cdn-cgi/challenge-platform/h/g/turnstile/f/av0/rch8Rzp6jM_p2FuIQQ2AfZSqJPp0Oe7Gth0CWGZN4F4jwM-1788711653-1.3.1.1-xNNbTeMYuxeWd2_PklxdbjoxMJlh.xobJSmwI866K3E/n9tgo/0x4AAAAAADV3ju2YEd8uiR-k/dark/fbE/failure_retry/flexible?lang=auto:1:119717)
    at unknown (https://challenges.cloudflare.com/cdn-cgi/challenge-platform/h/g/turnstile/f/av0/rch8Rzp6jM_p2FuIQQ2AfZSqJPp0Oe7Gth0CWGZN4F4jwM-1788711653-1.3.1.1-xNNbTeMYuxeWd2_PklxdbjoxMJlh.xobJSmwI866K3E/n9tgo/0x4AAAAAADV3ju2YEd8uiR-k/dark/fbE/failure_retry/flexible?lang=auto:1:49597)
    at rA (https://challenges.cloudflare.com/cdn-cgi/challenge-platform/h/g/turnstile/f/av0/rch8Rzp6jM_p2FuIQQ2AfZSqJPp0Oe7Gth0CWGZN4F4jwM-1788711653-1.3.1.1-xNNbTeMYuxeWd2_PklxdbjoxMJlh.xobJSmwI866K3E/n9tgo/0x4AAAAAADV3ju2YEd8uiR-k/dark/fbE/failure_retry/flexible?lang=auto:1:202975)
    at Q (https://challenges.cloudflare.com/cdn-cgi/challenge-platform/h/g/turnstile/f/av0/rch8Rzp6jM_p2FuIQQ2AfZSqJPp0Oe7Gth0CWGZN4F4jwM-1788711653-1.3.1.1-xNNbTeMYuxeWd2_PklxdbjoxMJlh.xobJSmwI866K3E/n9tgo/0x4AAAAAADV3ju2YEd8uiR-k/dark/fbE/failure_retry/flexible?lang=auto:1:174878)
    at NtNgx (https://challenges.cloudflare.com/cdn-cgi/challenge-platform/h/g/turnstile/f/av0/rch8Rzp6jM_p2FuIQQ2AfZSqJPp0Oe7Gth0CWGZN4F4jwM-1788711653-1.3.1.1-xNNbTeMYuxeWd2_PklxdbjoxMJlh.xobJSmwI866K3E/n9tgo/0x4AAAAAADV3ju2YEd8uiR-k/dark/fbE/failure_retry/flexible?lang=auto:1:129302)
    at rf (https://challenges.cloudflare.com/cdn-cgi/challenge-platform/h/g/turnstile/f/av0/rch8Rzp6jM_p2FuIQQ2AfZSqJPp0Oe7Gth0CWGZN4F4jwM-1788711653-1.3.1.1-xNNbTeMYuxeWd2_PklxdbjoxMJlh.xobJSmwI866K3E/n9tgo/0x4AAAAAADV3ju2YEd8uiR-k/dark/fbE/failure_retry/flexible?lang=auto:1:136930)
    at rl (https://challenges.cloudflare.com/cdn-cgi/challenge-platform/h/g/turnstile/f/av0/rch8Rzp6jM_p2FuIQQ2AfZSqJPp0Oe7Gth0CWGZN4F4jwM-1788711653-1.3.1.1-xNNbTeMYuxeWd2_PklxdbjoxMJlh.xobJSmwI866K3E/n9tgo/0x4AAAAAADV3ju2YEd8uiR-k/dark/fbE/failure_retry/flexible?lang=auto:1:131573)
[  642081ms] [ERROR] Failed to load resource: the server responded with a status of 400 () @ https://challenges.cloudflare.com/cdn-cgi/challenge-platform/h/g/fo/1197279624:1788707334:Txm0ocitY3JTXxkcL5r3OGSsr15drffiIs-d_ujGMYU/a36ecdfd2d79d87b/aw4Z5d5uHtu_dvIaeTL1nqDMyTvBU2wgtnmXNQkce4k-1788711664-1.2.1.1-ILijiIpagc89NYtlU1hHP7Qz4bYPF8he0bUTbTsmuTvVpgtSXFNz2c.qLnIIuSmF:0
[  652725ms] Blocked a frame with origin "https://challenges.cloudflare.com" from accessing a frame with origin "http://localhost:3000".  The frame requesting access has a protocol of "https", the frame being accessed has a protocol of "http". Protocols must match.

    at unknown (https://challenges.cloudflare.com/cdn-cgi/challenge-platform/h/g/turnstile/f/av0/rchQK8DW7nb7uPx2_W7R4mRrb_uwF4_vWSPNz6JCcv.Rjo-1788711664-1.3.1.1-knF5DrJMftjd3GFYEPc86PKaaKwKArhbiniIz8MjPRU/n9tgo/0x4AAAAAADV3ju2YEd8uiR-k/dark/fbE/failure_retry/flexible?lang=auto:1:49718)
    at HP (https://challenges.cloudflare.com/cdn-cgi/challenge-platform/h/g/turnstile/f/av0/rchQK8DW7nb7uPx2_W7R4mRrb_uwF4_vWSPNz6JCcv.Rjo-1788711664-1.3.1.1-knF5DrJMftjd3GFYEPc86PKaaKwKArhbiniIz8MjPRU/n9tgo/0x4AAAAAADV3ju2YEd8uiR-k/dark/fbE/failure_retry/flexible?lang=auto:1:208212)
    at H5 (https://challenges.cloudflare.com/cdn-cgi/challenge-platform/h/g/turnstile/f/av0/rchQK8DW7nb7uPx2_W7R4mRrb_uwF4_vWSPNz6JCcv.Rjo-1788711664-1.3.1.1-knF5DrJMftjd3GFYEPc86PKaaKwKArhbiniIz8MjPRU/n9tgo/0x4AAAAAADV3ju2YEd8uiR-k/dark/fbE/failure_retry/flexible?lang=auto:1:127813)
    at unknown (https://challenges.cloudflare.com/cdn-cgi/challenge-platform/h/g/turnstile/f/av0/rchQK8DW7nb7uPx2_W7R4mRrb_uwF4_vWSPNz6JCcv.Rjo-1788711664-1.3.1.1-knF5DrJMftjd3GFYEPc86PKaaKwKArhbiniIz8MjPRU/n9tgo/0x4AAAAAADV3ju2YEd8uiR-k/dark/fbE/failure_retry/flexible?lang=auto:1:49268)
    at HP (https://challenges.cloudflare.com/cdn-cgi/challenge-platform/h/g/turnstile/f/av0/rchQK8DW7nb7uPx2_W7R4mRrb_uwF4_vWSPNz6JCcv.Rjo-1788711664-1.3.1.1-knF5DrJMftjd3GFYEPc86PKaaKwKArhbiniIz8MjPRU/n9tgo/0x4AAAAAADV3ju2YEd8uiR-k/dark/fbE/failure_retry/flexible?lang=auto:1:208212)
    at flVeF (https://challenges.cloudflare.com/cdn-cgi/challenge-platform/h/g/turnstile/f/av0/rchQK8DW7nb7uPx2_W7R4mRrb_uwF4_vWSPNz6JCcv.Rjo-1788711664-1.3.1.1-knF5DrJMftjd3GFYEPc86PKaaKwKArhbiniIz8MjPRU/n9tgo/0x4AAAAAADV3ju2YEd8uiR-k/dark/fbE/failure_retry/flexible?lang=auto:1:91391)
    at J0 (https://challenges.cloudflare.com/cdn-cgi/challenge-platform/h/g/turnstile/f/av0/rchQK8DW7nb7uPx2_W7R4mRrb_uwF4_vWSPNz6JCcv.Rjo-1788711664-1.3.1.1-knF5DrJMftjd3GFYEPc86PKaaKwKArhbiniIz8MjPRU/n9tgo/0x4AAAAAADV3ju2YEd8uiR-k/dark/fbE/failure_retry/flexible?lang=auto:1:92879)
    at He (https://challenges.cloudflare.com/cdn-cgi/challenge-platform/h/g/turnstile/f/av0/rchQK8DW7nb7uPx2_W7R4mRrb_uwF4_vWSPNz6JCcv.Rjo-1788711664-1.3.1.1-knF5DrJMftjd3GFYEPc86PKaaKwKArhbiniIz8MjPRU/n9tgo/0x4AAAAAADV3ju2YEd8uiR-k/dark/fbE/failure_retry/flexible?lang=auto:1:229115)
    at Hx (https://challenges.cloudflare.com/cdn-cgi/challenge-platform/h/g/turnstile/f/av0/rchQK8DW7nb7uPx2_W7R4mRrb_uwF4_vWSPNz6JCcv.Rjo-1788711664-1.3.1.1-knF5DrJMftjd3GFYEPc86PKaaKwKArhbiniIz8MjPRU/n9tgo/0x4AAAAAADV3ju2YEd8uiR-k/dark/fbE/failure_retry/flexible?lang=auto:1:224982)
[  652876ms] [ERROR] Failed to load resource: the server responded with a status of 400 () @ https://challenges.cloudflare.com/cdn-cgi/challenge-platform/h/g/fo/1197279624:1788707334:Txm0ocitY3JTXxkcL5r3OGSsr15drffiIs-d_ujGMYU/a36ece3e4d4bd87b/zQdAAyKi7cvMJCEWbVBzokUHYTWfAshKOMfTQuvOjh8-1788711674-1.2.1.1-D9Bcae3pXOjC5bj1wzn.XJxC8dQZoWkh7ssHTymM6PTM2Zj9f4v3.Gb9grdsT72a:0
[  662995ms] Blocked a frame with origin "https://challenges.cloudflare.com" from accessing a frame with origin "http://localhost:3000".  The frame requesting access has a protocol of "https", the frame being accessed has a protocol of "http". Protocols must match.

    at unknown (https://challenges.cloudflare.com/cdn-cgi/challenge-platform/h/g/turnstile/f/av0/rchVn6pLhgOlWxwQ2a1KALDoOJgo7YLMSM1VW_1TxnFw0w-1788711674-1.3.1.1-Soxwotmv4b_KSocDniqypYtAC1GAhpxbAb6p9q8dfdo/n9tgo/0x4AAAAAADV3ju2YEd8uiR-k/dark/fbE/failure_retry/flexible?lang=auto:1:50265)
    at Hr (https://challenges.cloudflare.com/cdn-cgi/challenge-platform/h/g/turnstile/f/av0/rchVn6pLhgOlWxwQ2a1KALDoOJgo7YLMSM1VW_1TxnFw0w-1788711674-1.3.1.1-Soxwotmv4b_KSocDniqypYtAC1GAhpxbAb6p9q8dfdo/n9tgo/0x4AAAAAADV3ju2YEd8uiR-k/dark/fbE/failure_retry/flexible?lang=auto:1:56052)
    at xwTUq (https://challenges.cloudflare.com/cdn-cgi/challenge-platform/h/g/turnstile/f/av0/rchVn6pLhgOlWxwQ2a1KALDoOJgo7YLMSM1VW_1TxnFw0w-1788711674-1.3.1.1-Soxwotmv4b_KSocDniqypYtAC1GAhpxbAb6p9q8dfdo/n9tgo/0x4AAAAAADV3ju2YEd8uiR-k/dark/fbE/failure_retry/flexible?lang=auto:1:186841)
    at H4 (https://challenges.cloudflare.com/cdn-cgi/challenge-platform/h/g/turnstile/f/av0/rchVn6pLhgOlWxwQ2a1KALDoOJgo7YLMSM1VW_1TxnFw0w-1788711674-1.3.1.1-Soxwotmv4b_KSocDniqypYtAC1GAhpxbAb6p9q8dfdo/n9tgo/0x4AAAAAADV3ju2YEd8uiR-k/dark/fbE/failure_retry/flexible?lang=auto:1:187934)
    at unknown (https://challenges.cloudflare.com/cdn-cgi/challenge-platform/h/g/turnstile/f/av0/rchVn6pLhgOlWxwQ2a1KALDoOJgo7YLMSM1VW_1TxnFw0w-1788711674-1.3.1.1-Soxwotmv4b_KSocDniqypYtAC1GAhpxbAb6p9q8dfdo/n9tgo/0x4AAAAAADV3ju2YEd8uiR-k/dark/fbE/failure_retry/flexible?lang=auto:1:49815)
    at Hr (https://challenges.cloudflare.com/cdn-cgi/challenge-platform/h/g/turnstile/f/av0/rchVn6pLhgOlWxwQ2a1KALDoOJgo7YLMSM1VW_1TxnFw0w-1788711674-1.3.1.1-Soxwotmv4b_KSocDniqypYtAC1GAhpxbAb6p9q8dfdo/n9tgo/0x4AAAAAADV3ju2YEd8uiR-k/dark/fbE/failure_retry/flexible?lang=auto:1:56052)
    at D (https://challenges.cloudflare.com/cdn-cgi/challenge-platform/h/g/turnstile/f/av0/rchVn6pLhgOlWxwQ2a1KALDoOJgo7YLMSM1VW_1TxnFw0w-1788711674-1.3.1.1-Soxwotmv4b_KSocDniqypYtAC1GAhpxbAb6p9q8dfdo/n9tgo/0x4AAAAAADV3ju2YEd8uiR-k/dark/fbE/failure_retry/flexible?lang=auto:1:244222)
    at He (https://challenges.cloudflare.com/cdn-cgi/challenge-platform/h/g/turnstile/f/av0/rchVn6pLhgOlWxwQ2a1KALDoOJgo7YLMSM1VW_1TxnFw0w-1788711674-1.3.1.1-Soxwotmv4b_KSocDniqypYtAC1GAhpxbAb6p9q8dfdo/n9tgo/0x4AAAAAADV3ju2YEd8uiR-k/dark/fbE/failure_retry/flexible?lang=auto:1:182490)
    at Hx (https://challenges.cloudflare.com/cdn-cgi/challenge-platform/h/g/turnstile/f/av0/rchVn6pLhgOlWxwQ2a1KALDoOJgo7YLMSM1VW_1TxnFw0w-1788711674-1.3.1.1-Soxwotmv4b_KSocDniqypYtAC1GAhpxbAb6p9q8dfdo/n9tgo/0x4AAAAAADV3ju2YEd8uiR-k/dark/fbE/failure_retry/flexible?lang=auto:1:177537)
[  663141ms] [ERROR] Failed to load resource: the server responded with a status of 400 () @ https://challenges.cloudflare.com/cdn-cgi/challenge-platform/h/g/fo/1197279624:1788707334:Txm0ocitY3JTXxkcL5r3OGSsr15drffiIs-d_ujGMYU/a36ece80df66d87b/iNlNNCmvQMC5PcDs5gd7OpCOZo_sreSGBiaaoSiYZpY-1788711685-1.2.1.1-nFQQpamVp0MvkK5wITvPmbPCjW7IO0La_qJHAlpFWOmGEWHbUGJ8GRU9FSPnzqQl:0
[  673227ms] Blocked a frame with origin "https://challenges.cloudflare.com" from accessing a frame with origin "http://localhost:3000".  The frame requesting access has a protocol of "https", the frame being accessed has a protocol of "http". Protocols must match.

    at unknown (https://challenges.cloudflare.com/cdn-cgi/challenge-platform/h/g/turnstile/f/av0/rchxU3j1dx4tVtBOaI2TaOrJfylp4fcvxpSi7prdNt1fD0-1788711685-1.3.1.1-8XPdDD1SuBbG6WxoVLPY4S_W6nqAbYzQX8FVqck6nMo/n9tgo/0x4AAAAAADV3ju2YEd8uiR-k/dark/fbE/failure_retry/flexible?lang=auto:1:49114)
    at Hr (https://challenges.cloudflare.com/cdn-cgi/challenge-platform/h/g/turnstile/f/av0/rchxU3j1dx4tVtBOaI2TaOrJfylp4fcvxpSi7prdNt1fD0-1788711685-1.3.1.1-8XPdDD1SuBbG6WxoVLPY4S_W6nqAbYzQX8FVqck6nMo/n9tgo/0x4AAAAAADV3ju2YEd8uiR-k/dark/fbE/failure_retry/flexible?lang=auto:1:221793)
    at AmvTP (https://challenges.cloudflare.com/cdn-cgi/challenge-platform/h/g/turnstile/f/av0/rchxU3j1dx4tVtBOaI2TaOrJfylp4fcvxpSi7prdNt1fD0-1788711685-1.3.1.1-8XPdDD1SuBbG6WxoVLPY4S_W6nqAbYzQX8FVqck6nMo/n9tgo/0x4AAAAAADV3ju2YEd8uiR-k/dark/fbE/failure_retry/flexible?lang=auto:1:85827)
    at H4 (https://challenges.cloudflare.com/cdn-cgi/challenge-platform/h/g/turnstile/f/av0/rchxU3j1dx4tVtBOaI2TaOrJfylp4fcvxpSi7prdNt1fD0-1788711685-1.3.1.1-8XPdDD1SuBbG6WxoVLPY4S_W6nqAbYzQX8FVqck6nMo/n9tgo/0x4AAAAAADV3ju2YEd8uiR-k/dark/fbE/failure_retry/flexible?lang=auto:1:87026)
    at unknown (https://challenges.cloudflare.com/cdn-cgi/challenge-platform/h/g/turnstile/f/av0/rchxU3j1dx4tVtBOaI2TaOrJfylp4fcvxpSi7prdNt1fD0-1788711685-1.3.1.1-8XPdDD1SuBbG6WxoVLPY4S_W6nqAbYzQX8FVqck6nMo/n9tgo/0x4AAAAAADV3ju2YEd8uiR-k/dark/fbE/failure_retry/flexible?lang=auto:1:48664)
    at Hr (https://challenges.cloudflare.com/cdn-cgi/challenge-platform/h/g/turnstile/f/av0/rchxU3j1dx4tVtBOaI2TaOrJfylp4fcvxpSi7prdNt1fD0-1788711685-1.3.1.1-8XPdDD1SuBbG6WxoVLPY4S_W6nqAbYzQX8FVqck6nMo/n9tgo/0x4AAAAAADV3ju2YEd8uiR-k/dark/fbE/failure_retry/flexible?lang=auto:1:221793)
    at D (https://challenges.cloudflare.com/cdn-cgi/challenge-platform/h/g/turnstile/f/av0/rchxU3j1dx4tVtBOaI2TaOrJfylp4fcvxpSi7prdNt1fD0-1788711685-1.3.1.1-8XPdDD1SuBbG6WxoVLPY4S_W6nqAbYzQX8FVqck6nMo/n9tgo/0x4AAAAAADV3ju2YEd8uiR-k/dark/fbE/failure_retry/flexible?lang=auto:1:190696)
    at He (https://challenges.cloudflare.com/cdn-cgi/challenge-platform/h/g/turnstile/f/av0/rchxU3j1dx4tVtBOaI2TaOrJfylp4fcvxpSi7prdNt1fD0-1788711685-1.3.1.1-8XPdDD1SuBbG6WxoVLPY4S_W6nqAbYzQX8FVqck6nMo/n9tgo/0x4AAAAAADV3ju2YEd8uiR-k/dark/fbE/failure_retry/flexible?lang=auto:1:147673)
    at Hx (https://challenges.cloudflare.com/cdn-cgi/challenge-platform/h/g/turnstile/f/av0/rchxU3j1dx4tVtBOaI2TaOrJfylp4fcvxpSi7prdNt1fD0-1788711685-1.3.1.1-8XPdDD1SuBbG6WxoVLPY4S_W6nqAbYzQX8FVqck6nMo/n9tgo/0x4AAAAAADV3ju2YEd8uiR-k/dark/fbE/failure_retry/flexible?lang=auto:1:142340)
[  673374ms] [ERROR] Failed to load resource: the server responded with a status of 400 () @ https://challenges.cloudflare.com/cdn-cgi/challenge-platform/h/g/fo/1197279624:1788707334:Txm0ocitY3JTXxkcL5r3OGSsr15drffiIs-d_ujGMYU/a36ecec0db6dd87b/0EHAx6cPQz40ZHXyF4Utb77bU1vZ46N0oYR2MfOnNhg-1788711695-1.2.1.1-WRd7yjNUmhkonBCpfCgCpKHxf_.7JruR8SC6ZekO_XO36XEojnzDyhkfBT7RRPb3:0
[  683450ms] Blocked a frame with origin "https://challenges.cloudflare.com" from accessing a frame with origin "http://localhost:3000".  The frame requesting access has a protocol of "https", the frame being accessed has a protocol of "http". Protocols must match.

    at unknown (https://challenges.cloudflare.com/cdn-cgi/challenge-platform/h/g/turnstile/f/av0/rch3u9baaHnTGM.cPsgX95Suk.HlAVO_a7mZfEzGGT9jqY-1788711695-1.3.1.1-4X6sDWEpcMf6UJjsi7pFKQSDiGkHvmEzYvq46r01e_Q/n9tgo/0x4AAAAAADV3ju2YEd8uiR-k/dark/fbE/failure_retry/flexible?lang=auto:1:49880)
    at rA (https://challenges.cloudflare.com/cdn-cgi/challenge-platform/h/g/turnstile/f/av0/rch3u9baaHnTGM.cPsgX95Suk.HlAVO_a7mZfEzGGT9jqY-1788711695-1.3.1.1-4X6sDWEpcMf6UJjsi7pFKQSDiGkHvmEzYvq46r01e_Q/n9tgo/0x4AAAAAADV3ju2YEd8uiR-k/dark/fbE/failure_retry/flexible?lang=auto:1:122929)
    at r4 (https://challenges.cloudflare.com/cdn-cgi/challenge-platform/h/g/turnstile/f/av0/rch3u9baaHnTGM.cPsgX95Suk.HlAVO_a7mZfEzGGT9jqY-1788711695-1.3.1.1-4X6sDWEpcMf6UJjsi7pFKQSDiGkHvmEzYvq46r01e_Q/n9tgo/0x4AAAAAADV3ju2YEd8uiR-k/dark/fbE/failure_retry/flexible?lang=auto:1:216690)
    at unknown (https://challenges.cloudflare.com/cdn-cgi/challenge-platform/h/g/turnstile/f/av0/rch3u9baaHnTGM.cPsgX95Suk.HlAVO_a7mZfEzGGT9jqY-1788711695-1.3.1.1-4X6sDWEpcMf6UJjsi7pFKQSDiGkHvmEzYvq46r01e_Q/n9tgo/0x4AAAAAADV3ju2YEd8uiR-k/dark/fbE/failure_retry/flexible?lang=auto:1:49430)
    at rA (https://challenges.cloudflare.com/cdn-cgi/challenge-platform/h/g/turnstile/f/av0/rch3u9baaHnTGM.cPsgX95Suk.HlAVO_a7mZfEzGGT9jqY-1788711695-1.3.1.1-4X6sDWEpcMf6UJjsi7pFKQSDiGkHvmEzYvq46r01e_Q/n9tgo/0x4AAAAAADV3ju2YEd8uiR-k/dark/fbE/failure_retry/flexible?lang=auto:1:122929)
    at Q (https://challenges.cloudflare.com/cdn-cgi/challenge-platform/h/g/turnstile/f/av0/rch3u9baaHnTGM.cPsgX95Suk.HlAVO_a7mZfEzGGT9jqY-1788711695-1.3.1.1-4X6sDWEpcMf6UJjsi7pFKQSDiGkHvmEzYvq46r01e_Q/n9tgo/0x4AAAAAADV3ju2YEd8uiR-k/dark/fbE/failure_retry/flexible?lang=auto:1:196950)
    at rf (https://challenges.cloudflare.com/cdn-cgi/challenge-platform/h/g/turnstile/f/av0/rch3u9baaHnTGM.cPsgX95Suk.HlAVO_a7mZfEzGGT9jqY-1788711695-1.3.1.1-4X6sDWEpcMf6UJjsi7pFKQSDiGkHvmEzYvq46r01e_Q/n9tgo/0x4AAAAAADV3ju2YEd8uiR-k/dark/fbE/failure_retry/flexible?lang=auto:1:141947)
    at rl (https://challenges.cloudflare.com/cdn-cgi/challenge-platform/h/g/turnstile/f/av0/rch3u9baaHnTGM.cPsgX95Suk.HlAVO_a7mZfEzGGT9jqY-1788711695-1.3.1.1-4X6sDWEpcMf6UJjsi7pFKQSDiGkHvmEzYvq46r01e_Q/n9tgo/0x4AAAAAADV3ju2YEd8uiR-k/dark/fbE/failure_retry/flexible?lang=auto:1:140705)
[  683596ms] [ERROR] Failed to load resource: the server responded with a status of 400 () @ https://challenges.cloudflare.com/cdn-cgi/challenge-platform/h/g/fo/1197279624:1788707334:Txm0ocitY3JTXxkcL5r3OGSsr15drffiIs-d_ujGMYU/a36ecf00bd49d87b/Z9ay8GAZ4ESPVtyKaOPB4Ze5q.VWPqUW_pSIIeeE59Y-1788711705-1.2.1.1-FM2efOhxN0jqG9qzZf8n4K3BzDZTRltg.BgLUHGL6_dOi_p4LYft7X8EdDQi.Z.E:0
[  693688ms] Blocked a frame with origin "https://challenges.cloudflare.com" from accessing a frame with origin "http://localhost:3000".  The frame requesting access has a protocol of "https", the frame being accessed has a protocol of "http". Protocols must match.

    at unknown (https://challenges.cloudflare.com/cdn-cgi/challenge-platform/h/g/turnstile/f/av0/rchwl33c3YV_XFv8F2ttt4wSPB4_piH25JcuxiVEIy3dTg-1788711705-1.3.1.1-tNMvH9aSLfEW5hwFEZwOoxR9scUvdEtrG.w0MYnqdJA/n9tgo/0x4AAAAAADV3ju2YEd8uiR-k/dark/fbE/failure_retry/flexible?lang=auto:1:50901)
    at rA (https://challenges.cloudflare.com/cdn-cgi/challenge-platform/h/g/turnstile/f/av0/rchwl33c3YV_XFv8F2ttt4wSPB4_piH25JcuxiVEIy3dTg-1788711705-1.3.1.1-tNMvH9aSLfEW5hwFEZwOoxR9scUvdEtrG.w0MYnqdJA/n9tgo/0x4AAAAAADV3ju2YEd8uiR-k/dark/fbE/failure_retry/flexible?lang=auto:1:242835)
    at r4 (https://challenges.cloudflare.com/cdn-cgi/challenge-platform/h/g/turnstile/f/av0/rchwl33c3YV_XFv8F2ttt4wSPB4_piH25JcuxiVEIy3dTg-1788711705-1.3.1.1-tNMvH9aSLfEW5hwFEZwOoxR9scUvdEtrG.w0MYnqdJA/n9tgo/0x4AAAAAADV3ju2YEd8uiR-k/dark/fbE/failure_retry/flexible?lang=auto:1:133786)
    at unknown (https://challenges.cloudflare.com/cdn-cgi/challenge-platform/h/g/turnstile/f/av0/rchwl33c3YV_XFv8F2ttt4wSPB4_piH25JcuxiVEIy3dTg-1788711705-1.3.1.1-tNMvH9aSLfEW5hwFEZwOoxR9scUvdEtrG.w0MYnqdJA/n9tgo/0x4AAAAAADV3ju2YEd8uiR-k/dark/fbE/failure_retry/flexible?lang=auto:1:50451)
    at rA (https://challenges.cloudflare.com/cdn-cgi/challenge-platform/h/g/turnstile/f/av0/rchwl33c3YV_XFv8F2ttt4wSPB4_piH25JcuxiVEIy3dTg-1788711705-1.3.1.1-tNMvH9aSLfEW5hwFEZwOoxR9scUvdEtrG.w0MYnqdJA/n9tgo/0x4AAAAAADV3ju2YEd8uiR-k/dark/fbE/failure_retry/flexible?lang=auto:1:242835)
    at Q (https://challenges.cloudflare.com/cdn-cgi/challenge-platform/h/g/turnstile/f/av0/rchwl33c3YV_XFv8F2ttt4wSPB4_piH25JcuxiVEIy3dTg-1788711705-1.3.1.1-tNMvH9aSLfEW5hwFEZwOoxR9scUvdEtrG.w0MYnqdJA/n9tgo/0x4AAAAAADV3ju2YEd8uiR-k/dark/fbE/failure_retry/flexible?lang=auto:1:204776)
    at rf (https://challenges.cloudflare.com/cdn-cgi/challenge-platform/h/g/turnstile/f/av0/rchwl33c3YV_XFv8F2ttt4wSPB4_piH25JcuxiVEIy3dTg-1788711705-1.3.1.1-tNMvH9aSLfEW5hwFEZwOoxR9scUvdEtrG.w0MYnqdJA/n9tgo/0x4AAAAAADV3ju2YEd8uiR-k/dark/fbE/failure_retry/flexible?lang=auto:1:82187)
    at rl (https://challenges.cloudflare.com/cdn-cgi/challenge-platform/h/g/turnstile/f/av0/rchwl33c3YV_XFv8F2ttt4wSPB4_piH25JcuxiVEIy3dTg-1788711705-1.3.1.1-tNMvH9aSLfEW5hwFEZwOoxR9scUvdEtrG.w0MYnqdJA/n9tgo/0x4AAAAAADV3ju2YEd8uiR-k/dark/fbE/failure_retry/flexible?lang=auto:1:79933)
[  693834ms] [ERROR] Failed to load resource: the server responded with a status of 400 () @ https://challenges.cloudflare.com/cdn-cgi/challenge-platform/h/g/fo/1197279624:1788707334:Txm0ocitY3JTXxkcL5r3OGSsr15drffiIs-d_ujGMYU/a36ecf409800d87b/vx3D3wwUR5AI5asb_jLS7T_UjHmw9unKZAy51ww.e80-1788711715-1.2.1.1-56tsYv_BW4g.5A4GZy7JrygqMGu8x4MgA0FlyMiJ2I1qEtO8O1oZSmNgZPuyT2rp:0
[  704105ms] Blocked a frame with origin "https://challenges.cloudflare.com" from accessing a frame with origin "http://localhost:3000".  The frame requesting access has a protocol of "https", the frame being accessed has a protocol of "http". Protocols must match.

    at unknown (https://challenges.cloudflare.com/cdn-cgi/challenge-platform/h/g/turnstile/f/av0/rchaqN_9Czoqhn.C5NZB9Xjh2iX_0qiGujKZeqf0DSwSCo-1788711715-1.3.1.1-4PWWlhFYjyGsLEauRX.RdgWM.kQhoPifNg5wUoDeKts/n9tgo/0x4AAAAAADV3ju2YEd8uiR-k/dark/fbE/failure_retry/flexible?lang=auto:1:49171)
    at rA (https://challenges.cloudflare.com/cdn-cgi/challenge-platform/h/g/turnstile/f/av0/rchaqN_9Czoqhn.C5NZB9Xjh2iX_0qiGujKZeqf0DSwSCo-1788711715-1.3.1.1-4PWWlhFYjyGsLEauRX.RdgWM.kQhoPifNg5wUoDeKts/n9tgo/0x4AAAAAADV3ju2YEd8uiR-k/dark/fbE/failure_retry/flexible?lang=auto:1:77792)
    at r4 (https://challenges.cloudflare.com/cdn-cgi/challenge-platform/h/g/turnstile/f/av0/rchaqN_9Czoqhn.C5NZB9Xjh2iX_0qiGujKZeqf0DSwSCo-1788711715-1.3.1.1-4PWWlhFYjyGsLEauRX.RdgWM.kQhoPifNg5wUoDeKts/n9tgo/0x4AAAAAADV3ju2YEd8uiR-k/dark/fbE/failure_retry/flexible?lang=auto:1:180779)
    at unknown (https://challenges.cloudflare.com/cdn-cgi/challenge-platform/h/g/turnstile/f/av0/rchaqN_9Czoqhn.C5NZB9Xjh2iX_0qiGujKZeqf0DSwSCo-1788711715-1.3.1.1-4PWWlhFYjyGsLEauRX.RdgWM.kQhoPifNg5wUoDeKts/n9tgo/0x4AAAAAADV3ju2YEd8uiR-k/dark/fbE/failure_retry/flexible?lang=auto:1:48721)
    at rA (https://challenges.cloudflare.com/cdn-cgi/challenge-platform/h/g/turnstile/f/av0/rchaqN_9Czoqhn.C5NZB9Xjh2iX_0qiGujKZeqf0DSwSCo-1788711715-1.3.1.1-4PWWlhFYjyGsLEauRX.RdgWM.kQhoPifNg5wUoDeKts/n9tgo/0x4AAAAAADV3ju2YEd8uiR-k/dark/fbE/failure_retry/flexible?lang=auto:1:77792)
    at QYJqx (https://challenges.cloudflare.com/cdn-cgi/challenge-platform/h/g/turnstile/f/av0/rchaqN_9Czoqhn.C5NZB9Xjh2iX_0qiGujKZeqf0DSwSCo-1788711715-1.3.1.1-4PWWlhFYjyGsLEauRX.RdgWM.kQhoPifNg5wUoDeKts/n9tgo/0x4AAAAAADV3ju2YEd8uiR-k/dark/fbE/failure_retry/flexible?lang=auto:1:162000)
    at Q (https://challenges.cloudflare.com/cdn-cgi/challenge-platform/h/g/turnstile/f/av0/rchaqN_9Czoqhn.C5NZB9Xjh2iX_0qiGujKZeqf0DSwSCo-1788711715-1.3.1.1-4PWWlhFYjyGsLEauRX.RdgWM.kQhoPifNg5wUoDeKts/n9tgo/0x4AAAAAADV3ju2YEd8uiR-k/dark/fbE/failure_retry/flexible?lang=auto:1:170568)
    at rf (https://challenges.cloudflare.com/cdn-cgi/challenge-platform/h/g/turnstile/f/av0/rchaqN_9Czoqhn.C5NZB9Xjh2iX_0qiGujKZeqf0DSwSCo-1788711715-1.3.1.1-4PWWlhFYjyGsLEauRX.RdgWM.kQhoPifNg5wUoDeKts/n9tgo/0x4AAAAAADV3ju2YEd8uiR-k/dark/fbE/failure_retry/flexible?lang=auto:1:232034)
    at rl (https://challenges.cloudflare.com/cdn-cgi/challenge-platform/h/g/turnstile/f/av0/rchaqN_9Czoqhn.C5NZB9Xjh2iX_0qiGujKZeqf0DSwSCo-1788711715-1.3.1.1-4PWWlhFYjyGsLEauRX.RdgWM.kQhoPifNg5wUoDeKts/n9tgo/0x4AAAAAADV3ju2YEd8uiR-k/dark/fbE/failure_retry/flexible?lang=auto:1:230781)
[  704254ms] [ERROR] Failed to load resource: the server responded with a status of 400 () @ https://challenges.cloudflare.com/cdn-cgi/challenge-platform/h/g/fo/1197279624:1788707334:Txm0ocitY3JTXxkcL5r3OGSsr15drffiIs-d_ujGMYU/a36ecf80983cd87b/4DIakfKNlMOHf1GBMUXYIwF7GL_fKGixU1kN4yFXCKY-1788711726-1.2.1.1-sESitVKHVEQINA2CU6s9HTInX4phUIrqLm7C.DPPwr3gEzh80U5_qvF2ApSBp..z:0
[  714414ms] Blocked a frame with origin "https://challenges.cloudflare.com" from accessing a frame with origin "http://localhost:3000".  The frame requesting access has a protocol of "https", the frame being accessed has a protocol of "http". Protocols must match.

    at unknown (https://challenges.cloudflare.com/cdn-cgi/challenge-platform/h/g/turnstile/f/av0/rchfd3yYh4zJNwFwxDW6YW6UA7uaGeeRaA0JXoUZ8G8Lk8-1788711726-1.3.1.1-..C6BxTUQXybig7NZNH9XHD1TsHfdvBE6cn4WU.cj0k/n9tgo/0x4AAAAAADV3ju2YEd8uiR-k/dark/fbE/failure_retry/flexible?lang=auto:1:50901)
    at rA (https://challenges.cloudflare.com/cdn-cgi/challenge-platform/h/g/turnstile/f/av0/rchfd3yYh4zJNwFwxDW6YW6UA7uaGeeRaA0JXoUZ8G8Lk8-1788711726-1.3.1.1-..C6BxTUQXybig7NZNH9XHD1TsHfdvBE6cn4WU.cj0k/n9tgo/0x4AAAAAADV3ju2YEd8uiR-k/dark/fbE/failure_retry/flexible?lang=auto:1:242835)
    at r4 (https://challenges.cloudflare.com/cdn-cgi/challenge-platform/h/g/turnstile/f/av0/rchfd3yYh4zJNwFwxDW6YW6UA7uaGeeRaA0JXoUZ8G8Lk8-1788711726-1.3.1.1-..C6BxTUQXybig7NZNH9XHD1TsHfdvBE6cn4WU.cj0k/n9tgo/0x4AAAAAADV3ju2YEd8uiR-k/dark/fbE/failure_retry/flexible?lang=auto:1:133786)
    at unknown (https://challenges.cloudflare.com/cdn-cgi/challenge-platform/h/g/turnstile/f/av0/rchfd3yYh4zJNwFwxDW6YW6UA7uaGeeRaA0JXoUZ8G8Lk8-1788711726-1.3.1.1-..C6BxTUQXybig7NZNH9XHD1TsHfdvBE6cn4WU.cj0k/n9tgo/0x4AAAAAADV3ju2YEd8uiR-k/dark/fbE/failure_retry/flexible?lang=auto:1:50451)
    at rA (https://challenges.cloudflare.com/cdn-cgi/challenge-platform/h/g/turnstile/f/av0/rchfd3yYh4zJNwFwxDW6YW6UA7uaGeeRaA0JXoUZ8G8Lk8-1788711726-1.3.1.1-..C6BxTUQXybig7NZNH9XHD1TsHfdvBE6cn4WU.cj0k/n9tgo/0x4AAAAAADV3ju2YEd8uiR-k/dark/fbE/failure_retry/flexible?lang=auto:1:242835)
    at Q (https://challenges.cloudflare.com/cdn-cgi/challenge-platform/h/g/turnstile/f/av0/rchfd3yYh4zJNwFwxDW6YW6UA7uaGeeRaA0JXoUZ8G8Lk8-1788711726-1.3.1.1-..C6BxTUQXybig7NZNH9XHD1TsHfdvBE6cn4WU.cj0k/n9tgo/0x4AAAAAADV3ju2YEd8uiR-k/dark/fbE/failure_retry/flexible?lang=auto:1:204776)
    at rf (https://challenges.cloudflare.com/cdn-cgi/challenge-platform/h/g/turnstile/f/av0/rchfd3yYh4zJNwFwxDW6YW6UA7uaGeeRaA0JXoUZ8G8Lk8-1788711726-1.3.1.1-..C6BxTUQXybig7NZNH9XHD1TsHfdvBE6cn4WU.cj0k/n9tgo/0x4AAAAAADV3ju2YEd8uiR-k/dark/fbE/failure_retry/flexible?lang=auto:1:82187)
    at rl (https://challenges.cloudflare.com/cdn-cgi/challenge-platform/h/g/turnstile/f/av0/rchfd3yYh4zJNwFwxDW6YW6UA7uaGeeRaA0JXoUZ8G8Lk8-1788711726-1.3.1.1-..C6BxTUQXybig7NZNH9XHD1TsHfdvBE6cn4WU.cj0k/n9tgo/0x4AAAAAADV3ju2YEd8uiR-k/dark/fbE/failure_retry/flexible?lang=auto:1:79933)
[  714559ms] [ERROR] Failed to load resource: the server responded with a status of 400 () @ https://challenges.cloudflare.com/cdn-cgi/challenge-platform/h/g/fo/1197279624:1788707334:Txm0ocitY3JTXxkcL5r3OGSsr15drffiIs-d_ujGMYU/a36ecfc1dc91d87b/.uuOrKqU3dE6rj15pX0XRAgAfpow00xFbE9ZKhauDKM-1788711736-1.2.1.1-efSB.ZAiNCJb4j8oEPEm837dmmrujnks2dsSo84p9DeJd39gyE66b8_dXgLAWBH_:0
[  724568ms] [ERROR] Unable to post message to https://challenges.cloudflare.com. Recipient has origin http://localhost:3000.
 @ https://challenges.cloudflare.com/turnstile/v0/g/330e41bb475c/api.js:1
[  724671ms] Blocked a frame with origin "https://challenges.cloudflare.com" from accessing a frame with origin "http://localhost:3000".  The frame requesting access has a protocol of "https", the frame being accessed has a protocol of "http". Protocols must match.

    at unknown (https://challenges.cloudflare.com/cdn-cgi/challenge-platform/h/g/turnstile/f/av0/rchSPSa_CHKYovNQsS.uViBTfo4dV1JkHmCXHuibNvJvb0-1788711736-1.3.1.1-SosRaOhGTfsscYamBuO3tprkc.9ADdwT5kfYBIDkL.Q/n9tgo/0x4AAAAAADV3ju2YEd8uiR-k/dark/fbE/failure_retry/flexible?lang=auto:1:49497)
    at Hr (https://challenges.cloudflare.com/cdn-cgi/challenge-platform/h/g/turnstile/f/av0/rchSPSa_CHKYovNQsS.uViBTfo4dV1JkHmCXHuibNvJvb0-1788711736-1.3.1.1-SosRaOhGTfsscYamBuO3tprkc.9ADdwT5kfYBIDkL.Q/n9tgo/0x4AAAAAADV3ju2YEd8uiR-k/dark/fbE/failure_retry/flexible?lang=auto:1:122089)
    at kuRIz (https://challenges.cloudflare.com/cdn-cgi/challenge-platform/h/g/turnstile/f/av0/rchSPSa_CHKYovNQsS.uViBTfo4dV1JkHmCXHuibNvJvb0-1788711736-1.3.1.1-SosRaOhGTfsscYamBuO3tprkc.9ADdwT5kfYBIDkL.Q/n9tgo/0x4AAAAAADV3ju2YEd8uiR-k/dark/fbE/failure_retry/flexible?lang=auto:1:136673)
    at H4 (https://challenges.cloudflare.com/cdn-cgi/challenge-platform/h/g/turnstile/f/av0/rchSPSa_CHKYovNQsS.uViBTfo4dV1JkHmCXHuibNvJvb0-1788711736-1.3.1.1-SosRaOhGTfsscYamBuO3tprkc.9ADdwT5kfYBIDkL.Q/n9tgo/0x4AAAAAADV3ju2YEd8uiR-k/dark/fbE/failure_retry/flexible?lang=auto:1:138028)
    at unknown (https://challenges.cloudflare.com/cdn-cgi/challenge-platform/h/g/turnstile/f/av0/rchSPSa_CHKYovNQsS.uViBTfo4dV1JkHmCXHuibNvJvb0-1788711736-1.3.1.1-SosRaOhGTfsscYamBuO3tprkc.9ADdwT5kfYBIDkL.Q/n9tgo/0x4AAAAAADV3ju2YEd8uiR-k/dark/fbE/failure_retry/flexible?lang=auto:1:49047)
    at Hr (https://challenges.cloudflare.com/cdn-cgi/challenge-platform/h/g/turnstile/f/av0/rchSPSa_CHKYovNQsS.uViBTfo4dV1JkHmCXHuibNvJvb0-1788711736-1.3.1.1-SosRaOhGTfsscYamBuO3tprkc.9ADdwT5kfYBIDkL.Q/n9tgo/0x4AAAAAADV3ju2YEd8uiR-k/dark/fbE/failure_retry/flexible?lang=auto:1:122089)
    at CHwzj (https://challenges.cloudflare.com/cdn-cgi/challenge-platform/h/g/turnstile/f/av0/rchSPSa_CHKYovNQsS.uViBTfo4dV1JkHmCXHuibNvJvb0-1788711736-1.3.1.1-SosRaOhGTfsscYamBuO3tprkc.9ADdwT5kfYBIDkL.Q/n9tgo/0x4AAAAAADV3ju2YEd8uiR-k/dark/fbE/failure_retry/flexible?lang=auto:1:99469)
    at D (https://challenges.cloudflare.com/cdn-cgi/challenge-platform/h/g/turnstile/f/av0/rchSPSa_CHKYovNQsS.uViBTfo4dV1JkHmCXHuibNvJvb0-1788711736-1.3.1.1-SosRaOhGTfsscYamBuO3tprkc.9ADdwT5kfYBIDkL.Q/n9tgo/0x4AAAAAADV3ju2YEd8uiR-k/dark/fbE/failure_retry/flexible?lang=auto:1:107800)
    at He (https://challenges.cloudflare.com/cdn-cgi/challenge-platform/h/g/turnstile/f/av0/rchSPSa_CHKYovNQsS.uViBTfo4dV1JkHmCXHuibNvJvb0-1788711736-1.3.1.1-SosRaOhGTfsscYamBuO3tprkc.9ADdwT5kfYBIDkL.Q/n9tgo/0x4AAAAAADV3ju2YEd8uiR-k/dark/fbE/failure_retry/flexible?lang=auto:1:86242)
    at Hx (https://challenges.cloudflare.com/cdn-cgi/challenge-platform/h/g/turnstile/f/av0/rchSPSa_CHKYovNQsS.uViBTfo4dV1JkHmCXHuibNvJvb0-1788711736-1.3.1.1-SosRaOhGTfsscYamBuO3tprkc.9ADdwT5kfYBIDkL.Q/n9tgo/0x4AAAAAADV3ju2YEd8uiR-k/dark/fbE/failure_retry/flexible?lang=auto:1:81388)
[  724821ms] [ERROR] Failed to load resource: the server responded with a status of 400 () @ https://challenges.cloudflare.com/cdn-cgi/challenge-platform/h/g/fo/1197279624:1788707334:Txm0ocitY3JTXxkcL5r3OGSsr15drffiIs-d_ujGMYU/a36ed0021d06d87b/Jp0YtASs.1qc0XdoUzn7Jsiw2fZxzpmNIJN415iZyUI-1788711746-1.2.1.1-2LAEbTnLjyjPkbMRMiPBmQs4MqqGYDO_NdUMdRWHWcr6SFzToIk78XJgU.VkU4iY:0
[  734930ms] Blocked a frame with origin "https://challenges.cloudflare.com" from accessing a frame with origin "http://localhost:3000".  The frame requesting access has a protocol of "https", the frame being accessed has a protocol of "http". Protocols must match.

    at unknown (https://challenges.cloudflare.com/cdn-cgi/challenge-platform/h/g/turnstile/f/av0/rchH9DfdIijvObsnP_l8I5hXLartfUyd.P48KSV1bruqeA-1788711746-1.3.1.1-pPhIidZNce9MiHvMhffhwZRJwwg.9qIHCVEkEr1CLhc/n9tgo/0x4AAAAAADV3ju2YEd8uiR-k/dark/fbE/failure_retry/flexible?lang=auto:1:49714)
    at Hr (https://challenges.cloudflare.com/cdn-cgi/challenge-platform/h/g/turnstile/f/av0/rchH9DfdIijvObsnP_l8I5hXLartfUyd.P48KSV1bruqeA-1788711746-1.3.1.1-pPhIidZNce9MiHvMhffhwZRJwwg.9qIHCVEkEr1CLhc/n9tgo/0x4AAAAAADV3ju2YEd8uiR-k/dark/fbE/failure_retry/flexible?lang=auto:1:187646)
    at Nzgve (https://challenges.cloudflare.com/cdn-cgi/challenge-platform/h/g/turnstile/f/av0/rchH9DfdIijvObsnP_l8I5hXLartfUyd.P48KSV1bruqeA-1788711746-1.3.1.1-pPhIidZNce9MiHvMhffhwZRJwwg.9qIHCVEkEr1CLhc/n9tgo/0x4AAAAAADV3ju2YEd8uiR-k/dark/fbE/failure_retry/flexible?lang=auto:1:241187)
    at H4 (https://challenges.cloudflare.com/cdn-cgi/challenge-platform/h/g/turnstile/f/av0/rchH9DfdIijvObsnP_l8I5hXLartfUyd.P48KSV1bruqeA-1788711746-1.3.1.1-pPhIidZNce9MiHvMhffhwZRJwwg.9qIHCVEkEr1CLhc/n9tgo/0x4AAAAAADV3ju2YEd8uiR-k/dark/fbE/failure_retry/flexible?lang=auto:1:242423)
    at unknown (https://challenges.cloudflare.com/cdn-cgi/challenge-platform/h/g/turnstile/f/av0/rchH9DfdIijvObsnP_l8I5hXLartfUyd.P48KSV1bruqeA-1788711746-1.3.1.1-pPhIidZNce9MiHvMhffhwZRJwwg.9qIHCVEkEr1CLhc/n9tgo/0x4AAAAAADV3ju2YEd8uiR-k/dark/fbE/failure_retry/flexible?lang=auto:1:49264)
    at Hr (https://challenges.cloudflare.com/cdn-cgi/challenge-platform/h/g/turnstile/f/av0/rchH9DfdIijvObsnP_l8I5hXLartfUyd.P48KSV1bruqeA-1788711746-1.3.1.1-pPhIidZNce9MiHvMhffhwZRJwwg.9qIHCVEkEr1CLhc/n9tgo/0x4AAAAAADV3ju2YEd8uiR-k/dark/fbE/failure_retry/flexible?lang=auto:1:187646)
    at D (https://challenges.cloudflare.com/cdn-cgi/challenge-platform/h/g/turnstile/f/av0/rchH9DfdIijvObsnP_l8I5hXLartfUyd.P48KSV1bruqeA-1788711746-1.3.1.1-pPhIidZNce9MiHvMhffhwZRJwwg.9qIHCVEkEr1CLhc/n9tgo/0x4AAAAAADV3ju2YEd8uiR-k/dark/fbE/failure_retry/flexible?lang=auto:1:96753)
    at dodUI (https://challenges.cloudflare.com/cdn-cgi/challenge-platform/h/g/turnstile/f/av0/rchH9DfdIijvObsnP_l8I5hXLartfUyd.P48KSV1bruqeA-1788711746-1.3.1.1-pPhIidZNce9MiHvMhffhwZRJwwg.9qIHCVEkEr1CLhc/n9tgo/0x4AAAAAADV3ju2YEd8uiR-k/dark/fbE/failure_retry/flexible?lang=auto:1:192042)
    at He (https://challenges.cloudflare.com/cdn-cgi/challenge-platform/h/g/turnstile/f/av0/rchH9DfdIijvObsnP_l8I5hXLartfUyd.P48KSV1bruqeA-1788711746-1.3.1.1-pPhIidZNce9MiHvMhffhwZRJwwg.9qIHCVEkEr1CLhc/n9tgo/0x4AAAAAADV3ju2YEd8uiR-k/dark/fbE/failure_retry/flexible?lang=auto:1:198911)
    at Hx (https://challenges.cloudflare.com/cdn-cgi/challenge-platform/h/g/turnstile/f/av0/rchH9DfdIijvObsnP_l8I5hXLartfUyd.P48KSV1bruqeA-1788711746-1.3.1.1-pPhIidZNce9MiHvMhffhwZRJwwg.9qIHCVEkEr1CLhc/n9tgo/0x4AAAAAADV3ju2YEd8uiR-k/dark/fbE/failure_retry/flexible?lang=auto:1:194135)
[  735075ms] [ERROR] Failed to load resource: the server responded with a status of 400 () @ https://challenges.cloudflare.com/cdn-cgi/challenge-platform/h/g/fo/1197279624:1788707334:Txm0ocitY3JTXxkcL5r3OGSsr15drffiIs-d_ujGMYU/a36ed0424f14d87b/ax6Skor8aPa.41d_GQwd9Buvo.pH6h3gunxBOczxmuA-1788711757-1.2.1.1-kkRVtWl5ofjJ2uv8W9vIgPxvf_euT7nZB__SmAGe3_gsplLxeJ3OD3vy0HFygviX:0
[  745194ms] Blocked a frame with origin "https://challenges.cloudflare.com" from accessing a frame with origin "http://localhost:3000".  The frame requesting access has a protocol of "https", the frame being accessed has a protocol of "http". Protocols must match.

    at unknown (https://challenges.cloudflare.com/cdn-cgi/challenge-platform/h/g/turnstile/f/av0/rch51.Q1uDS5aA4fX_jq2kRTxQfr.9dXNvIeE7Lp2eF3LQ-1788711757-1.3.1.1-5Hd3sEcU4vyuzKxgm7VLZOOfULp2ng.hCmqXaY1qSoE/n9tgo/0x4AAAAAADV3ju2YEd8uiR-k/dark/fbE/failure_retry/flexible?lang=auto:1:50280)
    at Hr (https://challenges.cloudflare.com/cdn-cgi/challenge-platform/h/g/turnstile/f/av0/rch51.Q1uDS5aA4fX_jq2kRTxQfr.9dXNvIeE7Lp2eF3LQ-1788711757-1.3.1.1-5Hd3sEcU4vyuzKxgm7VLZOOfULp2ng.hCmqXaY1qSoE/n9tgo/0x4AAAAAADV3ju2YEd8uiR-k/dark/fbE/failure_retry/flexible?lang=auto:1:222676)
    at H4 (https://challenges.cloudflare.com/cdn-cgi/challenge-platform/h/g/turnstile/f/av0/rch51.Q1uDS5aA4fX_jq2kRTxQfr.9dXNvIeE7Lp2eF3LQ-1788711757-1.3.1.1-5Hd3sEcU4vyuzKxgm7VLZOOfULp2ng.hCmqXaY1qSoE/n9tgo/0x4AAAAAADV3ju2YEd8uiR-k/dark/fbE/failure_retry/flexible?lang=auto:1:89670)
    at unknown (https://challenges.cloudflare.com/cdn-cgi/challenge-platform/h/g/turnstile/f/av0/rch51.Q1uDS5aA4fX_jq2kRTxQfr.9dXNvIeE7Lp2eF3LQ-1788711757-1.3.1.1-5Hd3sEcU4vyuzKxgm7VLZOOfULp2ng.hCmqXaY1qSoE/n9tgo/0x4AAAAAADV3ju2YEd8uiR-k/dark/fbE/failure_retry/flexible?lang=auto:1:49830)
    at Hr (https://challenges.cloudflare.com/cdn-cgi/challenge-platform/h/g/turnstile/f/av0/rch51.Q1uDS5aA4fX_jq2kRTxQfr.9dXNvIeE7Lp2eF3LQ-1788711757-1.3.1.1-5Hd3sEcU4vyuzKxgm7VLZOOfULp2ng.hCmqXaY1qSoE/n9tgo/0x4AAAAAADV3ju2YEd8uiR-k/dark/fbE/failure_retry/flexible?lang=auto:1:222676)
    at D (https://challenges.cloudflare.com/cdn-cgi/challenge-platform/h/g/turnstile/f/av0/rch51.Q1uDS5aA4fX_jq2kRTxQfr.9dXNvIeE7Lp2eF3LQ-1788711757-1.3.1.1-5Hd3sEcU4vyuzKxgm7VLZOOfULp2ng.hCmqXaY1qSoE/n9tgo/0x4AAAAAADV3ju2YEd8uiR-k/dark/fbE/failure_retry/flexible?lang=auto:1:72478)
    at TbWEe (https://challenges.cloudflare.com/cdn-cgi/challenge-platform/h/g/turnstile/f/av0/rch51.Q1uDS5aA4fX_jq2kRTxQfr.9dXNvIeE7Lp2eF3LQ-1788711757-1.3.1.1-5Hd3sEcU4vyuzKxgm7VLZOOfULp2ng.hCmqXaY1qSoE/n9tgo/0x4AAAAAADV3ju2YEd8uiR-k/dark/fbE/failure_retry/flexible?lang=auto:1:228529)
    at He (https://challenges.cloudflare.com/cdn-cgi/challenge-platform/h/g/turnstile/f/av0/rch51.Q1uDS5aA4fX_jq2kRTxQfr.9dXNvIeE7Lp2eF3LQ-1788711757-1.3.1.1-5Hd3sEcU4vyuzKxgm7VLZOOfULp2ng.hCmqXaY1qSoE/n9tgo/0x4AAAAAADV3ju2YEd8uiR-k/dark/fbE/failure_retry/flexible?lang=auto:1:236808)
    at sXEKM (https://challenges.cloudflare.com/cdn-cgi/challenge-platform/h/g/turnstile/f/av0/rch51.Q1uDS5aA4fX_jq2kRTxQfr.9dXNvIeE7Lp2eF3LQ-1788711757-1.3.1.1-5Hd3sEcU4vyuzKxgm7VLZOOfULp2ng.hCmqXaY1qSoE/n9tgo/0x4AAAAAADV3ju2YEd8uiR-k/dark/fbE/failure_retry/flexible?lang=auto:1:228763)
    at Hx (https://challenges.cloudflare.com/cdn-cgi/challenge-platform/h/g/turnstile/f/av0/rch51.Q1uDS5aA4fX_jq2kRTxQfr.9dXNvIeE7Lp2eF3LQ-1788711757-1.3.1.1-5Hd3sEcU4vyuzKxgm7VLZOOfULp2ng.hCmqXaY1qSoE/n9tgo/0x4AAAAAADV3ju2YEd8uiR-k/dark/fbE/failure_retry/flexible?lang=auto:1:230886)
[  745357ms] [ERROR] Failed to load resource: the server responded with a status of 400 () @ https://challenges.cloudflare.com/cdn-cgi/challenge-platform/h/g/fo/1197279624:1788707334:Txm0ocitY3JTXxkcL5r3OGSsr15drffiIs-d_ujGMYU/a36ed0825d9dd87b/GuTjQfijcA1X5J_lHCbbeBDqGnNhpIwdxmQDwxU1v4I-1788711767-1.2.1.1-Bx8QYzWufWo1uMnO9XQJ64aiAuyZF4yynX3ol3e0A9qhgh5Pv8MWX.KPfYsaK7XS:0
[  755467ms] Blocked a frame with origin "https://challenges.cloudflare.com" from accessing a frame with origin "http://localhost:3000".  The frame requesting access has a protocol of "https", the frame being accessed has a protocol of "http". Protocols must match.

    at unknown (https://challenges.cloudflare.com/cdn-cgi/challenge-platform/h/g/turnstile/f/av0/rch7eiZ5JKcYe5NKAz6A8JgZ8BQHW0dKZkKVsn0x3HdJT0-1788711767-1.3.1.1-t2_oY0ynm9VZRJM1st8x0PmVxgXspg5PTbbJ6gtROI0/n9tgo/0x4AAAAAADV3ju2YEd8uiR-k/dark/fbE/failure_retry/flexible?lang=auto:1:50031)
    at Hr (https://challenges.cloudflare.com/cdn-cgi/challenge-platform/h/g/turnstile/f/av0/rch7eiZ5JKcYe5NKAz6A8JgZ8BQHW0dKZkKVsn0x3HdJT0-1788711767-1.3.1.1-t2_oY0ynm9VZRJM1st8x0PmVxgXspg5PTbbJ6gtROI0/n9tgo/0x4AAAAAADV3ju2YEd8uiR-k/dark/fbE/failure_retry/flexible?lang=auto:1:195007)
    at Zjfhf (https://challenges.cloudflare.com/cdn-cgi/challenge-platform/h/g/turnstile/f/av0/rch7eiZ5JKcYe5NKAz6A8JgZ8BQHW0dKZkKVsn0x3HdJT0-1788711767-1.3.1.1-t2_oY0ynm9VZRJM1st8x0PmVxgXspg5PTbbJ6gtROI0/n9tgo/0x4AAAAAADV3ju2YEd8uiR-k/dark/fbE/failure_retry/flexible?lang=auto:1:145150)
    at H4 (https://challenges.cloudflare.com/cdn-cgi/challenge-platform/h/g/turnstile/f/av0/rch7eiZ5JKcYe5NKAz6A8JgZ8BQHW0dKZkKVsn0x3HdJT0-1788711767-1.3.1.1-t2_oY0ynm9VZRJM1st8x0PmVxgXspg5PTbbJ6gtROI0/n9tgo/0x4AAAAAADV3ju2YEd8uiR-k/dark/fbE/failure_retry/flexible?lang=auto:1:146302)
    at unknown (https://challenges.cloudflare.com/cdn-cgi/challenge-platform/h/g/turnstile/f/av0/rch7eiZ5JKcYe5NKAz6A8JgZ8BQHW0dKZkKVsn0x3HdJT0-1788711767-1.3.1.1-t2_oY0ynm9VZRJM1st8x0PmVxgXspg5PTbbJ6gtROI0/n9tgo/0x4AAAAAADV3ju2YEd8uiR-k/dark/fbE/failure_retry/flexible?lang=auto:1:49581)
    at Hr (https://challenges.cloudflare.com/cdn-cgi/challenge-platform/h/g/turnstile/f/av0/rch7eiZ5JKcYe5NKAz6A8JgZ8BQHW0dKZkKVsn0x3HdJT0-1788711767-1.3.1.1-t2_oY0ynm9VZRJM1st8x0PmVxgXspg5PTbbJ6gtROI0/n9tgo/0x4AAAAAADV3ju2YEd8uiR-k/dark/fbE/failure_retry/flexible?lang=auto:1:195007)
    at D (https://challenges.cloudflare.com/cdn-cgi/challenge-platform/h/g/turnstile/f/av0/rch7eiZ5JKcYe5NKAz6A8JgZ8BQHW0dKZkKVsn0x3HdJT0-1788711767-1.3.1.1-t2_oY0ynm9VZRJM1st8x0PmVxgXspg5PTbbJ6gtROI0/n9tgo/0x4AAAAAADV3ju2YEd8uiR-k/dark/fbE/failure_retry/flexible?lang=auto:1:117863)
    at He (https://challenges.cloudflare.com/cdn-cgi/challenge-platform/h/g/turnstile/f/av0/rch7eiZ5JKcYe5NKAz6A8JgZ8BQHW0dKZkKVsn0x3HdJT0-1788711767-1.3.1.1-t2_oY0ynm9VZRJM1st8x0PmVxgXspg5PTbbJ6gtROI0/n9tgo/0x4AAAAAADV3ju2YEd8uiR-k/dark/fbE/failure_retry/flexible?lang=auto:1:217482)
    at hAMso (https://challenges.cloudflare.com/cdn-cgi/challenge-platform/h/g/turnstile/f/av0/rch7eiZ5JKcYe5NKAz6A8JgZ8BQHW0dKZkKVsn0x3HdJT0-1788711767-1.3.1.1-t2_oY0ynm9VZRJM1st8x0PmVxgXspg5PTbbJ6gtROI0/n9tgo/0x4AAAAAADV3ju2YEd8uiR-k/dark/fbE/failure_retry/flexible?lang=auto:1:214124)
    at Hx (https://challenges.cloudflare.com/cdn-cgi/challenge-platform/h/g/turnstile/f/av0/rch7eiZ5JKcYe5NKAz6A8JgZ8BQHW0dKZkKVsn0x3HdJT0-1788711767-1.3.1.1-t2_oY0ynm9VZRJM1st8x0PmVxgXspg5PTbbJ6gtROI0/n9tgo/0x4AAAAAADV3ju2YEd8uiR-k/dark/fbE/failure_retry/flexible?lang=auto:1:215941)
[  755617ms] [ERROR] Failed to load resource: the server responded with a status of 400 () @ https://challenges.cloudflare.com/cdn-cgi/challenge-platform/h/g/fo/1197279624:1788707334:Txm0ocitY3JTXxkcL5r3OGSsr15drffiIs-d_ujGMYU/a36ed0c2a848d87b/SMWyWgAuNf3NOrQ3PQWBEg4G6Ohq9CbbfX9tVuG81N4-1788711777-1.2.1.1-zAIhYIuY5aeCMdkwBsq.BwXO_BIkPW2TGZRBB5u6mtTJzNQ5vaV1m6mI049pF4WY:0
[  765722ms] Blocked a frame with origin "https://challenges.cloudflare.com" from accessing a frame with origin "http://localhost:3000".  The frame requesting access has a protocol of "https", the frame being accessed has a protocol of "http". Protocols must match.

    at unknown (https://challenges.cloudflare.com/cdn-cgi/challenge-platform/h/g/turnstile/f/av0/rchVzNWDrp_ciuoQoaom628wuPSRbfDdyrj4lENHPcAULY-1788711777-1.3.1.1-LEQkf3I2SLatAMPuCR9t3qixnqJCvH4RjpOaOKZ098M/n9tgo/0x4AAAAAADV3ju2YEd8uiR-k/dark/fbE/failure_retry/flexible?lang=auto:1:49198)
    at Hr (https://challenges.cloudflare.com/cdn-cgi/challenge-platform/h/g/turnstile/f/av0/rchVzNWDrp_ciuoQoaom628wuPSRbfDdyrj4lENHPcAULY-1788711777-1.3.1.1-LEQkf3I2SLatAMPuCR9t3qixnqJCvH4RjpOaOKZ098M/n9tgo/0x4AAAAAADV3ju2YEd8uiR-k/dark/fbE/failure_retry/flexible?lang=auto:1:76250)
    at H4 (https://challenges.cloudflare.com/cdn-cgi/challenge-platform/h/g/turnstile/f/av0/rchVzNWDrp_ciuoQoaom628wuPSRbfDdyrj4lENHPcAULY-1788711777-1.3.1.1-LEQkf3I2SLatAMPuCR9t3qixnqJCvH4RjpOaOKZ098M/n9tgo/0x4AAAAAADV3ju2YEd8uiR-k/dark/fbE/failure_retry/flexible?lang=auto:1:233303)
    at unknown (https://challenges.cloudflare.com/cdn-cgi/challenge-platform/h/g/turnstile/f/av0/rchVzNWDrp_ciuoQoaom628wuPSRbfDdyrj4lENHPcAULY-1788711777-1.3.1.1-LEQkf3I2SLatAMPuCR9t3qixnqJCvH4RjpOaOKZ098M/n9tgo/0x4AAAAAADV3ju2YEd8uiR-k/dark/fbE/failure_retry/flexible?lang=auto:1:48748)
    at Hr (https://challenges.cloudflare.com/cdn-cgi/challenge-platform/h/g/turnstile/f/av0/rchVzNWDrp_ciuoQoaom628wuPSRbfDdyrj4lENHPcAULY-1788711777-1.3.1.1-LEQkf3I2SLatAMPuCR9t3qixnqJCvH4RjpOaOKZ098M/n9tgo/0x4AAAAAADV3ju2YEd8uiR-k/dark/fbE/failure_retry/flexible?lang=auto:1:76250)
    at D (https://challenges.cloudflare.com/cdn-cgi/challenge-platform/h/g/turnstile/f/av0/rchVzNWDrp_ciuoQoaom628wuPSRbfDdyrj4lENHPcAULY-1788711777-1.3.1.1-LEQkf3I2SLatAMPuCR9t3qixnqJCvH4RjpOaOKZ098M/n9tgo/0x4AAAAAADV3ju2YEd8uiR-k/dark/fbE/failure_retry/flexible?lang=auto:1:185256)
    at He (https://challenges.cloudflare.com/cdn-cgi/challenge-platform/h/g/turnstile/f/av0/rchVzNWDrp_ciuoQoaom628wuPSRbfDdyrj4lENHPcAULY-1788711777-1.3.1.1-LEQkf3I2SLatAMPuCR9t3qixnqJCvH4RjpOaOKZ098M/n9tgo/0x4AAAAAADV3ju2YEd8uiR-k/dark/fbE/failure_retry/flexible?lang=auto:1:148539)
    at QDmua (https://challenges.cloudflare.com/cdn-cgi/challenge-platform/h/g/turnstile/f/av0/rchVzNWDrp_ciuoQoaom628wuPSRbfDdyrj4lENHPcAULY-1788711777-1.3.1.1-LEQkf3I2SLatAMPuCR9t3qixnqJCvH4RjpOaOKZ098M/n9tgo/0x4AAAAAADV3ju2YEd8uiR-k/dark/fbE/failure_retry/flexible?lang=auto:1:140430)
    at Hx (https://challenges.cloudflare.com/cdn-cgi/challenge-platform/h/g/turnstile/f/av0/rchVzNWDrp_ciuoQoaom628wuPSRbfDdyrj4lENHPcAULY-1788711777-1.3.1.1-LEQkf3I2SLatAMPuCR9t3qixnqJCvH4RjpOaOKZ098M/n9tgo/0x4AAAAAADV3ju2YEd8uiR-k/dark/fbE/failure_retry/flexible?lang=auto:1:142469)
[  765870ms] [ERROR] Failed to load resource: the server responded with a status of 400 () @ https://challenges.cloudflare.com/cdn-cgi/challenge-platform/h/g/fo/1197279624:1788707334:Txm0ocitY3JTXxkcL5r3OGSsr15drffiIs-d_ujGMYU/a36ed102ca21d87b/xA5bujELmzZw9dyj5VWVSav1RRYjnPaMsx5iVRUQWs8-1788711787-1.2.1.1-mIgN1056MnqvVi1zjF.2nCOVYq0LCsvTluDCM_.W0oeOgVyVll7vX4oQVqCofOl9:0
[  775989ms] Blocked a frame with origin "https://challenges.cloudflare.com" from accessing a frame with origin "http://localhost:3000".  The frame requesting access has a protocol of "https", the frame being accessed has a protocol of "http". Protocols must match.

    at unknown (https://challenges.cloudflare.com/cdn-cgi/challenge-platform/h/g/turnstile/f/av0/rchQkDHYRb1XqwL9EplMRxzLWKnBpTa9_As4FmG4KcMmh8-1788711787-1.3.1.1-Uy6U22mk2I9jiBKykfwKCQzfuPkwoKLarIXuitfZ2cc/n9tgo/0x4AAAAAADV3ju2YEd8uiR-k/dark/fbE/failure_retry/flexible?lang=auto:1:48678)
    at rA (https://challenges.cloudflare.com/cdn-cgi/challenge-platform/h/g/turnstile/f/av0/rchQkDHYRb1XqwL9EplMRxzLWKnBpTa9_As4FmG4KcMmh8-1788711787-1.3.1.1-Uy6U22mk2I9jiBKykfwKCQzfuPkwoKLarIXuitfZ2cc/n9tgo/0x4AAAAAADV3ju2YEd8uiR-k/dark/fbE/failure_retry/flexible?lang=auto:1:73600)
    at r4 (https://challenges.cloudflare.com/cdn-cgi/challenge-platform/h/g/turnstile/f/av0/rchQkDHYRb1XqwL9EplMRxzLWKnBpTa9_As4FmG4KcMmh8-1788711787-1.3.1.1-Uy6U22mk2I9jiBKykfwKCQzfuPkwoKLarIXuitfZ2cc/n9tgo/0x4AAAAAADV3ju2YEd8uiR-k/dark/fbE/failure_retry/flexible?lang=auto:1:58290)
    at unknown (https://challenges.cloudflare.com/cdn-cgi/challenge-platform/h/g/turnstile/f/av0/rchQkDHYRb1XqwL9EplMRxzLWKnBpTa9_As4FmG4KcMmh8-1788711787-1.3.1.1-Uy6U22mk2I9jiBKykfwKCQzfuPkwoKLarIXuitfZ2cc/n9tgo/0x4AAAAAADV3ju2YEd8uiR-k/dark/fbE/failure_retry/flexible?lang=auto:1:48228)
    at rA (https://challenges.cloudflare.com/cdn-cgi/challenge-platform/h/g/turnstile/f/av0/rchQkDHYRb1XqwL9EplMRxzLWKnBpTa9_As4FmG4KcMmh8-1788711787-1.3.1.1-Uy6U22mk2I9jiBKykfwKCQzfuPkwoKLarIXuitfZ2cc/n9tgo/0x4AAAAAADV3ju2YEd8uiR-k/dark/fbE/failure_retry/flexible?lang=auto:1:73600)
    at xUvBk (https://challenges.cloudflare.com/cdn-cgi/challenge-platform/h/g/turnstile/f/av0/rchQkDHYRb1XqwL9EplMRxzLWKnBpTa9_As4FmG4KcMmh8-1788711787-1.3.1.1-Uy6U22mk2I9jiBKykfwKCQzfuPkwoKLarIXuitfZ2cc/n9tgo/0x4AAAAAADV3ju2YEd8uiR-k/dark/fbE/failure_retry/flexible?lang=auto:1:160243)
    at Q (https://challenges.cloudflare.com/cdn-cgi/challenge-platform/h/g/turnstile/f/av0/rchQkDHYRb1XqwL9EplMRxzLWKnBpTa9_As4FmG4KcMmh8-1788711787-1.3.1.1-Uy6U22mk2I9jiBKykfwKCQzfuPkwoKLarIXuitfZ2cc/n9tgo/0x4AAAAAADV3ju2YEd8uiR-k/dark/fbE/failure_retry/flexible?lang=auto:1:170155)
    at MGBJL (https://challenges.cloudflare.com/cdn-cgi/challenge-platform/h/g/turnstile/f/av0/rchQkDHYRb1XqwL9EplMRxzLWKnBpTa9_As4FmG4KcMmh8-1788711787-1.3.1.1-Uy6U22mk2I9jiBKykfwKCQzfuPkwoKLarIXuitfZ2cc/n9tgo/0x4AAAAAADV3ju2YEd8uiR-k/dark/fbE/failure_retry/flexible?lang=auto:1:136900)
    at rf (https://challenges.cloudflare.com/cdn-cgi/challenge-platform/h/g/turnstile/f/av0/rchQkDHYRb1XqwL9EplMRxzLWKnBpTa9_As4FmG4KcMmh8-1788711787-1.3.1.1-Uy6U22mk2I9jiBKykfwKCQzfuPkwoKLarIXuitfZ2cc/n9tgo/0x4AAAAAADV3ju2YEd8uiR-k/dark/fbE/failure_retry/flexible?lang=auto:1:144458)
    at rl (https://challenges.cloudflare.com/cdn-cgi/challenge-platform/h/g/turnstile/f/av0/rchQkDHYRb1XqwL9EplMRxzLWKnBpTa9_As4FmG4KcMmh8-1788711787-1.3.1.1-Uy6U22mk2I9jiBKykfwKCQzfuPkwoKLarIXuitfZ2cc/n9tgo/0x4AAAAAADV3ju2YEd8uiR-k/dark/fbE/failure_retry/flexible?lang=auto:1:139129)
[  776136ms] [ERROR] Failed to load resource: the server responded with a status of 400 () @ https://challenges.cloudflare.com/cdn-cgi/challenge-platform/h/g/fo/1197279624:1788707334:Txm0ocitY3JTXxkcL5r3OGSsr15drffiIs-d_ujGMYU/a36ed142eea5d87b/GzjUuPBoKw6fjEaEWmDOyKEdlsdmrhC.Jf5GDE2aKAw-1788711798-1.2.1.1-ykO6eFYA.C8_UgBf5c8_ivTScEVVWiZ4gf_SKvY7aCQ_UI8TQGV.r34S5MYx5loy:0
[  786233ms] Blocked a frame with origin "https://challenges.cloudflare.com" from accessing a frame with origin "http://localhost:3000".  The frame requesting access has a protocol of "https", the frame being accessed has a protocol of "http". Protocols must match.

    at unknown (https://challenges.cloudflare.com/cdn-cgi/challenge-platform/h/g/turnstile/f/av0/rch7kX7qWVmFYbdn_NwiyhnHbUatCKqfSCmf2xyC8btk5M-1788711798-1.3.1.1-XRwxMxs1BIdnuFabNCbCdiAMnDaZpk8Q3wd2Ctyajpw/n9tgo/0x4AAAAAADV3ju2YEd8uiR-k/dark/fbE/failure_retry/flexible?lang=auto:1:48632)
    at Hr (https://challenges.cloudflare.com/cdn-cgi/challenge-platform/h/g/turnstile/f/av0/rch7kX7qWVmFYbdn_NwiyhnHbUatCKqfSCmf2xyC8btk5M-1788711798-1.3.1.1-XRwxMxs1BIdnuFabNCbCdiAMnDaZpk8Q3wd2Ctyajpw/n9tgo/0x4AAAAAADV3ju2YEd8uiR-k/dark/fbE/failure_retry/flexible?lang=auto:1:147875)
    at H4 (https://challenges.cloudflare.com/cdn-cgi/challenge-platform/h/g/turnstile/f/av0/rch7kX7qWVmFYbdn_NwiyhnHbUatCKqfSCmf2xyC8btk5M-1788711798-1.3.1.1-XRwxMxs1BIdnuFabNCbCdiAMnDaZpk8Q3wd2Ctyajpw/n9tgo/0x4AAAAAADV3ju2YEd8uiR-k/dark/fbE/failure_retry/flexible?lang=auto:1:105557)
    at unknown (https://challenges.cloudflare.com/cdn-cgi/challenge-platform/h/g/turnstile/f/av0/rch7kX7qWVmFYbdn_NwiyhnHbUatCKqfSCmf2xyC8btk5M-1788711798-1.3.1.1-XRwxMxs1BIdnuFabNCbCdiAMnDaZpk8Q3wd2Ctyajpw/n9tgo/0x4AAAAAADV3ju2YEd8uiR-k/dark/fbE/failure_retry/flexible?lang=auto:1:48182)
    at Hr (https://challenges.cloudflare.com/cdn-cgi/challenge-platform/h/g/turnstile/f/av0/rch7kX7qWVmFYbdn_NwiyhnHbUatCKqfSCmf2xyC8btk5M-1788711798-1.3.1.1-XRwxMxs1BIdnuFabNCbCdiAMnDaZpk8Q3wd2Ctyajpw/n9tgo/0x4AAAAAADV3ju2YEd8uiR-k/dark/fbE/failure_retry/flexible?lang=auto:1:147875)
    at D (https://challenges.cloudflare.com/cdn-cgi/challenge-platform/h/g/turnstile/f/av0/rch7kX7qWVmFYbdn_NwiyhnHbUatCKqfSCmf2xyC8btk5M-1788711798-1.3.1.1-XRwxMxs1BIdnuFabNCbCdiAMnDaZpk8Q3wd2Ctyajpw/n9tgo/0x4AAAAAADV3ju2YEd8uiR-k/dark/fbE/failure_retry/flexible?lang=auto:1:234564)
    at He (https://challenges.cloudflare.com/cdn-cgi/challenge-platform/h/g/turnstile/f/av0/rch7kX7qWVmFYbdn_NwiyhnHbUatCKqfSCmf2xyC8btk5M-1788711798-1.3.1.1-XRwxMxs1BIdnuFabNCbCdiAMnDaZpk8Q3wd2Ctyajpw/n9tgo/0x4AAAAAADV3ju2YEd8uiR-k/dark/fbE/failure_retry/flexible?lang=auto:1:199955)
    at Hx (https://challenges.cloudflare.com/cdn-cgi/challenge-platform/h/g/turnstile/f/av0/rch7kX7qWVmFYbdn_NwiyhnHbUatCKqfSCmf2xyC8btk5M-1788711798-1.3.1.1-XRwxMxs1BIdnuFabNCbCdiAMnDaZpk8Q3wd2Ctyajpw/n9tgo/0x4AAAAAADV3ju2YEd8uiR-k/dark/fbE/failure_retry/flexible?lang=auto:1:198263)
[  786378ms] [ERROR] Failed to load resource: the server responded with a status of 400 () @ https://challenges.cloudflare.com/cdn-cgi/challenge-platform/h/g/fo/1197279624:1788707334:Txm0ocitY3JTXxkcL5r3OGSsr15drffiIs-d_ujGMYU/a36ed182f92fd87b/sVJFXVyta_hxDzMcOs4NB0AUHLTBHhS_BPKlInwrL3E-1788711808-1.2.1.1-UJtHPC8y9fGXKRfJ5Zinj97nOdBqSqpZO.gl7TFoxSSfemPZ3_WM8nb6NHlSwHWn:0
[  796483ms] Blocked a frame with origin "https://challenges.cloudflare.com" from accessing a frame with origin "http://localhost:3000".  The frame requesting access has a protocol of "https", the frame being accessed has a protocol of "http". Protocols must match.

    at unknown (https://challenges.cloudflare.com/cdn-cgi/challenge-platform/h/g/turnstile/f/av0/rchfWktBsraP9lSYdxsUjqwnVbF3PoPYGSJD_glRg2OXP4-1788711808-1.3.1.1-hdEc107xVtxlX5kVJgGltdmI3FoK_g.Y6hMx8JUhAwA/n9tgo/0x4AAAAAADV3ju2YEd8uiR-k/dark/fbE/failure_retry/flexible?lang=auto:1:49171)
    at rA (https://challenges.cloudflare.com/cdn-cgi/challenge-platform/h/g/turnstile/f/av0/rchfWktBsraP9lSYdxsUjqwnVbF3PoPYGSJD_glRg2OXP4-1788711808-1.3.1.1-hdEc107xVtxlX5kVJgGltdmI3FoK_g.Y6hMx8JUhAwA/n9tgo/0x4AAAAAADV3ju2YEd8uiR-k/dark/fbE/failure_retry/flexible?lang=auto:1:77792)
    at r4 (https://challenges.cloudflare.com/cdn-cgi/challenge-platform/h/g/turnstile/f/av0/rchfWktBsraP9lSYdxsUjqwnVbF3PoPYGSJD_glRg2OXP4-1788711808-1.3.1.1-hdEc107xVtxlX5kVJgGltdmI3FoK_g.Y6hMx8JUhAwA/n9tgo/0x4AAAAAADV3ju2YEd8uiR-k/dark/fbE/failure_retry/flexible?lang=auto:1:180779)
    at unknown (https://challenges.cloudflare.com/cdn-cgi/challenge-platform/h/g/turnstile/f/av0/rchfWktBsraP9lSYdxsUjqwnVbF3PoPYGSJD_glRg2OXP4-1788711808-1.3.1.1-hdEc107xVtxlX5kVJgGltdmI3FoK_g.Y6hMx8JUhAwA/n9tgo/0x4AAAAAADV3ju2YEd8uiR-k/dark/fbE/failure_retry/flexible?lang=auto:1:48721)
    at rA (https://challenges.cloudflare.com/cdn-cgi/challenge-platform/h/g/turnstile/f/av0/rchfWktBsraP9lSYdxsUjqwnVbF3PoPYGSJD_glRg2OXP4-1788711808-1.3.1.1-hdEc107xVtxlX5kVJgGltdmI3FoK_g.Y6hMx8JUhAwA/n9tgo/0x4AAAAAADV3ju2YEd8uiR-k/dark/fbE/failure_retry/flexible?lang=auto:1:77792)
    at QYJqx (https://challenges.cloudflare.com/cdn-cgi/challenge-platform/h/g/turnstile/f/av0/rchfWktBsraP9lSYdxsUjqwnVbF3PoPYGSJD_glRg2OXP4-1788711808-1.3.1.1-hdEc107xVtxlX5kVJgGltdmI3FoK_g.Y6hMx8JUhAwA/n9tgo/0x4AAAAAADV3ju2YEd8uiR-k/dark/fbE/failure_retry/flexible?lang=auto:1:162000)
    at Q (https://challenges.cloudflare.com/cdn-cgi/challenge-platform/h/g/turnstile/f/av0/rchfWktBsraP9lSYdxsUjqwnVbF3PoPYGSJD_glRg2OXP4-1788711808-1.3.1.1-hdEc107xVtxlX5kVJgGltdmI3FoK_g.Y6hMx8JUhAwA/n9tgo/0x4AAAAAADV3ju2YEd8uiR-k/dark/fbE/failure_retry/flexible?lang=auto:1:170568)
    at rf (https://challenges.cloudflare.com/cdn-cgi/challenge-platform/h/g/turnstile/f/av0/rchfWktBsraP9lSYdxsUjqwnVbF3PoPYGSJD_glRg2OXP4-1788711808-1.3.1.1-hdEc107xVtxlX5kVJgGltdmI3FoK_g.Y6hMx8JUhAwA/n9tgo/0x4AAAAAADV3ju2YEd8uiR-k/dark/fbE/failure_retry/flexible?lang=auto:1:232034)
    at rl (https://challenges.cloudflare.com/cdn-cgi/challenge-platform/h/g/turnstile/f/av0/rchfWktBsraP9lSYdxsUjqwnVbF3PoPYGSJD_glRg2OXP4-1788711808-1.3.1.1-hdEc107xVtxlX5kVJgGltdmI3FoK_g.Y6hMx8JUhAwA/n9tgo/0x4AAAAAADV3ju2YEd8uiR-k/dark/fbE/failure_retry/flexible?lang=auto:1:230781)
[  796632ms] [ERROR] Failed to load resource: the server responded with a status of 400 () @ https://challenges.cloudflare.com/cdn-cgi/challenge-platform/h/g/fo/1197279624:1788707334:Txm0ocitY3JTXxkcL5r3OGSsr15drffiIs-d_ujGMYU/a36ed1c30b36d87b/b5S.Sk9mFRSP.79yAAVN3B0dtcuDqDU3zEqAwUp.A7A-1788711818-1.2.1.1-goKVlbaD811hFOpc12aSA_UmR5bu4yl9kaC1ckRtFeXUMw0XvDHzxjgiaONn4Lsb:0
[  806773ms] Blocked a frame with origin "https://challenges.cloudflare.com" from accessing a frame with origin "http://localhost:3000".  The frame requesting access has a protocol of "https", the frame being accessed has a protocol of "http". Protocols must match.

    at unknown (https://challenges.cloudflare.com/cdn-cgi/challenge-platform/h/g/turnstile/f/av0/rcheZV5FMtxPtNJZjX1e9XzE.Wy7iLMvWECELQ97usi6oA-1788711818-1.3.1.1-NtcAzarFKSp.obJAHFJW6nbx.J.0PMF3vsv2cc16qeo/n9tgo/0x4AAAAAADV3ju2YEd8uiR-k/dark/fbE/failure_retry/flexible?lang=auto:1:50170)
    at Hr (https://challenges.cloudflare.com/cdn-cgi/challenge-platform/h/g/turnstile/f/av0/rcheZV5FMtxPtNJZjX1e9XzE.Wy7iLMvWECELQ97usi6oA-1788711818-1.3.1.1-NtcAzarFKSp.obJAHFJW6nbx.J.0PMF3vsv2cc16qeo/n9tgo/0x4AAAAAADV3ju2YEd8uiR-k/dark/fbE/failure_retry/flexible?lang=auto:1:246867)
    at MHGoZ (https://challenges.cloudflare.com/cdn-cgi/challenge-platform/h/g/turnstile/f/av0/rcheZV5FMtxPtNJZjX1e9XzE.Wy7iLMvWECELQ97usi6oA-1788711818-1.3.1.1-NtcAzarFKSp.obJAHFJW6nbx.J.0PMF3vsv2cc16qeo/n9tgo/0x4AAAAAADV3ju2YEd8uiR-k/dark/fbE/failure_retry/flexible?lang=auto:1:177012)
    at H4 (https://challenges.cloudflare.com/cdn-cgi/challenge-platform/h/g/turnstile/f/av0/rcheZV5FMtxPtNJZjX1e9XzE.Wy7iLMvWECELQ97usi6oA-1788711818-1.3.1.1-NtcAzarFKSp.obJAHFJW6nbx.J.0PMF3vsv2cc16qeo/n9tgo/0x4AAAAAADV3ju2YEd8uiR-k/dark/fbE/failure_retry/flexible?lang=auto:1:177993)
    at unknown (https://challenges.cloudflare.com/cdn-cgi/challenge-platform/h/g/turnstile/f/av0/rcheZV5FMtxPtNJZjX1e9XzE.Wy7iLMvWECELQ97usi6oA-1788711818-1.3.1.1-NtcAzarFKSp.obJAHFJW6nbx.J.0PMF3vsv2cc16qeo/n9tgo/0x4AAAAAADV3ju2YEd8uiR-k/dark/fbE/failure_retry/flexible?lang=auto:1:49720)
    at Hr (https://challenges.cloudflare.com/cdn-cgi/challenge-platform/h/g/turnstile/f/av0/rcheZV5FMtxPtNJZjX1e9XzE.Wy7iLMvWECELQ97usi6oA-1788711818-1.3.1.1-NtcAzarFKSp.obJAHFJW6nbx.J.0PMF3vsv2cc16qeo/n9tgo/0x4AAAAAADV3ju2YEd8uiR-k/dark/fbE/failure_retry/flexible?lang=auto:1:246867)
    at vnAFm (https://challenges.cloudflare.com/cdn-cgi/challenge-platform/h/g/turnstile/f/av0/rcheZV5FMtxPtNJZjX1e9XzE.Wy7iLMvWECELQ97usi6oA-1788711818-1.3.1.1-NtcAzarFKSp.obJAHFJW6nbx.J.0PMF3vsv2cc16qeo/n9tgo/0x4AAAAAADV3ju2YEd8uiR-k/dark/fbE/failure_retry/flexible?lang=auto:1:71266)
    at D (https://challenges.cloudflare.com/cdn-cgi/challenge-platform/h/g/turnstile/f/av0/rcheZV5FMtxPtNJZjX1e9XzE.Wy7iLMvWECELQ97usi6oA-1788711818-1.3.1.1-NtcAzarFKSp.obJAHFJW6nbx.J.0PMF3vsv2cc16qeo/n9tgo/0x4AAAAAADV3ju2YEd8uiR-k/dark/fbE/failure_retry/flexible?lang=auto:1:71686)
    at He (https://challenges.cloudflare.com/cdn-cgi/challenge-platform/h/g/turnstile/f/av0/rcheZV5FMtxPtNJZjX1e9XzE.Wy7iLMvWECELQ97usi6oA-1788711818-1.3.1.1-NtcAzarFKSp.obJAHFJW6nbx.J.0PMF3vsv2cc16qeo/n9tgo/0x4AAAAAADV3ju2YEd8uiR-k/dark/fbE/failure_retry/flexible?lang=auto:1:161240)
    at Hx (https://challenges.cloudflare.com/cdn-cgi/challenge-platform/h/g/turnstile/f/av0/rcheZV5FMtxPtNJZjX1e9XzE.Wy7iLMvWECELQ97usi6oA-1788711818-1.3.1.1-NtcAzarFKSp.obJAHFJW6nbx.J.0PMF3vsv2cc16qeo/n9tgo/0x4AAAAAADV3ju2YEd8uiR-k/dark/fbE/failure_retry/flexible?lang=auto:1:159216)
[  806915ms] [ERROR] Failed to load resource: the server responded with a status of 400 () @ https://challenges.cloudflare.com/cdn-cgi/challenge-platform/h/g/fo/1197279624:1788707334:Txm0ocitY3JTXxkcL5r3OGSsr15drffiIs-d_ujGMYU/a36ed2033fb5d87b/CAnhcjtzAjs40szzpTKm5FW7eYs6YicQOCmrJJSL6_4-1788711828-1.2.1.1-By2JFi2lCG8YiBejkPdOKwT4RuxUxG50f6QMnOoYWp6ruiZ_gHwxMD_w_0g6NV4r:0
[  817061ms] Blocked a frame with origin "https://challenges.cloudflare.com" from accessing a frame with origin "http://localhost:3000".  The frame requesting access has a protocol of "https", the frame being accessed has a protocol of "http". Protocols must match.

    at unknown (https://challenges.cloudflare.com/cdn-cgi/challenge-platform/h/g/turnstile/f/av0/rchTu1CJKFa.XYUUvsF1RF.O3IE_ukOWTc00RKqLXK_tyk-1788711828-1.3.1.1-Ml6rya58MCqmf_xtzACpXkrV6_7jdv4wF0n6vl7S7ZE/n9tgo/0x4AAAAAADV3ju2YEd8uiR-k/dark/fbE/failure_retry/flexible?lang=auto:1:50170)
    at Hr (https://challenges.cloudflare.com/cdn-cgi/challenge-platform/h/g/turnstile/f/av0/rchTu1CJKFa.XYUUvsF1RF.O3IE_ukOWTc00RKqLXK_tyk-1788711828-1.3.1.1-Ml6rya58MCqmf_xtzACpXkrV6_7jdv4wF0n6vl7S7ZE/n9tgo/0x4AAAAAADV3ju2YEd8uiR-k/dark/fbE/failure_retry/flexible?lang=auto:1:246867)
    at MHGoZ (https://challenges.cloudflare.com/cdn-cgi/challenge-platform/h/g/turnstile/f/av0/rchTu1CJKFa.XYUUvsF1RF.O3IE_ukOWTc00RKqLXK_tyk-1788711828-1.3.1.1-Ml6rya58MCqmf_xtzACpXkrV6_7jdv4wF0n6vl7S7ZE/n9tgo/0x4AAAAAADV3ju2YEd8uiR-k/dark/fbE/failure_retry/flexible?lang=auto:1:177012)
    at H4 (https://challenges.cloudflare.com/cdn-cgi/challenge-platform/h/g/turnstile/f/av0/rchTu1CJKFa.XYUUvsF1RF.O3IE_ukOWTc00RKqLXK_tyk-1788711828-1.3.1.1-Ml6rya58MCqmf_xtzACpXkrV6_7jdv4wF0n6vl7S7ZE/n9tgo/0x4AAAAAADV3ju2YEd8uiR-k/dark/fbE/failure_retry/flexible?lang=auto:1:177993)
    at unknown (https://challenges.cloudflare.com/cdn-cgi/challenge-platform/h/g/turnstile/f/av0/rchTu1CJKFa.XYUUvsF1RF.O3IE_ukOWTc00RKqLXK_tyk-1788711828-1.3.1.1-Ml6rya58MCqmf_xtzACpXkrV6_7jdv4wF0n6vl7S7ZE/n9tgo/0x4AAAAAADV3ju2YEd8uiR-k/dark/fbE/failure_retry/flexible?lang=auto:1:49720)
    at Hr (https://challenges.cloudflare.com/cdn-cgi/challenge-platform/h/g/turnstile/f/av0/rchTu1CJKFa.XYUUvsF1RF.O3IE_ukOWTc00RKqLXK_tyk-1788711828-1.3.1.1-Ml6rya58MCqmf_xtzACpXkrV6_7jdv4wF0n6vl7S7ZE/n9tgo/0x4AAAAAADV3ju2YEd8uiR-k/dark/fbE/failure_retry/flexible?lang=auto:1:246867)
    at vnAFm (https://challenges.cloudflare.com/cdn-cgi/challenge-platform/h/g/turnstile/f/av0/rchTu1CJKFa.XYUUvsF1RF.O3IE_ukOWTc00RKqLXK_tyk-1788711828-1.3.1.1-Ml6rya58MCqmf_xtzACpXkrV6_7jdv4wF0n6vl7S7ZE/n9tgo/0x4AAAAAADV3ju2YEd8uiR-k/dark/fbE/failure_retry/flexible?lang=auto:1:71266)
    at D (https://challenges.cloudflare.com/cdn-cgi/challenge-platform/h/g/turnstile/f/av0/rchTu1CJKFa.XYUUvsF1RF.O3IE_ukOWTc00RKqLXK_tyk-1788711828-1.3.1.1-Ml6rya58MCqmf_xtzACpXkrV6_7jdv4wF0n6vl7S7ZE/n9tgo/0x4AAAAAADV3ju2YEd8uiR-k/dark/fbE/failure_retry/flexible?lang=auto:1:71686)
    at He (https://challenges.cloudflare.com/cdn-cgi/challenge-platform/h/g/turnstile/f/av0/rchTu1CJKFa.XYUUvsF1RF.O3IE_ukOWTc00RKqLXK_tyk-1788711828-1.3.1.1-Ml6rya58MCqmf_xtzACpXkrV6_7jdv4wF0n6vl7S7ZE/n9tgo/0x4AAAAAADV3ju2YEd8uiR-k/dark/fbE/failure_retry/flexible?lang=auto:1:161240)
    at Hx (https://challenges.cloudflare.com/cdn-cgi/challenge-platform/h/g/turnstile/f/av0/rchTu1CJKFa.XYUUvsF1RF.O3IE_ukOWTc00RKqLXK_tyk-1788711828-1.3.1.1-Ml6rya58MCqmf_xtzACpXkrV6_7jdv4wF0n6vl7S7ZE/n9tgo/0x4AAAAAADV3ju2YEd8uiR-k/dark/fbE/failure_retry/flexible?lang=auto:1:159216)
[  817207ms] [ERROR] Failed to load resource: the server responded with a status of 400 () @ https://challenges.cloudflare.com/cdn-cgi/challenge-platform/h/g/fo/1197279624:1788707334:Txm0ocitY3JTXxkcL5r3OGSsr15drffiIs-d_ujGMYU/a36ed243b80dd87b/.UYlwKtLmzZuHV9V.3LEFQse_hEh_ErYAXeLFnxA3hI-1788711839-1.2.1.1-hsyfptefdS._21Fcflx3lIsoWayn0UxuebW44BngAN5Sb26.CmlmLMv.ySjW53hv:0
[  827292ms] Blocked a frame with origin "https://challenges.cloudflare.com" from accessing a frame with origin "http://localhost:3000".  The frame requesting access has a protocol of "https", the frame being accessed has a protocol of "http". Protocols must match.

    at unknown (https://challenges.cloudflare.com/cdn-cgi/challenge-platform/h/g/turnstile/f/av0/rch1EvPS6Jv9qfNiVHo5XeLJEBSgi9d1jufi9bisyMe4Ok-1788711839-1.3.1.1-RCbrdkU1jOwknNKtM25ct4Ra8lul8m1TREr.CVIXqrA/n9tgo/0x4AAAAAADV3ju2YEd8uiR-k/dark/fbE/failure_retry/flexible?lang=auto:1:49897)
    at rA (https://challenges.cloudflare.com/cdn-cgi/challenge-platform/h/g/turnstile/f/av0/rch1EvPS6Jv9qfNiVHo5XeLJEBSgi9d1jufi9bisyMe4Ok-1788711839-1.3.1.1-RCbrdkU1jOwknNKtM25ct4Ra8lul8m1TREr.CVIXqrA/n9tgo/0x4AAAAAADV3ju2YEd8uiR-k/dark/fbE/failure_retry/flexible?lang=auto:1:186156)
    at r4 (https://challenges.cloudflare.com/cdn-cgi/challenge-platform/h/g/turnstile/f/av0/rch1EvPS6Jv9qfNiVHo5XeLJEBSgi9d1jufi9bisyMe4Ok-1788711839-1.3.1.1-RCbrdkU1jOwknNKtM25ct4Ra8lul8m1TREr.CVIXqrA/n9tgo/0x4AAAAAADV3ju2YEd8uiR-k/dark/fbE/failure_retry/flexible?lang=auto:1:239604)
    at unknown (https://challenges.cloudflare.com/cdn-cgi/challenge-platform/h/g/turnstile/f/av0/rch1EvPS6Jv9qfNiVHo5XeLJEBSgi9d1jufi9bisyMe4Ok-1788711839-1.3.1.1-RCbrdkU1jOwknNKtM25ct4Ra8lul8m1TREr.CVIXqrA/n9tgo/0x4AAAAAADV3ju2YEd8uiR-k/dark/fbE/failure_retry/flexible?lang=auto:1:49447)
    at rA (https://challenges.cloudflare.com/cdn-cgi/challenge-platform/h/g/turnstile/f/av0/rch1EvPS6Jv9qfNiVHo5XeLJEBSgi9d1jufi9bisyMe4Ok-1788711839-1.3.1.1-RCbrdkU1jOwknNKtM25ct4Ra8lul8m1TREr.CVIXqrA/n9tgo/0x4AAAAAADV3ju2YEd8uiR-k/dark/fbE/failure_retry/flexible?lang=auto:1:186156)
    at Q (https://challenges.cloudflare.com/cdn-cgi/challenge-platform/h/g/turnstile/f/av0/rch1EvPS6Jv9qfNiVHo5XeLJEBSgi9d1jufi9bisyMe4Ok-1788711839-1.3.1.1-RCbrdkU1jOwknNKtM25ct4Ra8lul8m1TREr.CVIXqrA/n9tgo/0x4AAAAAADV3ju2YEd8uiR-k/dark/fbE/failure_retry/flexible?lang=auto:1:72367)
    at rf (https://challenges.cloudflare.com/cdn-cgi/challenge-platform/h/g/turnstile/f/av0/rch1EvPS6Jv9qfNiVHo5XeLJEBSgi9d1jufi9bisyMe4Ok-1788711839-1.3.1.1-RCbrdkU1jOwknNKtM25ct4Ra8lul8m1TREr.CVIXqrA/n9tgo/0x4AAAAAADV3ju2YEd8uiR-k/dark/fbE/failure_retry/flexible?lang=auto:1:196583)
    at fERkd (https://challenges.cloudflare.com/cdn-cgi/challenge-platform/h/g/turnstile/f/av0/rch1EvPS6Jv9qfNiVHo5XeLJEBSgi9d1jufi9bisyMe4Ok-1788711839-1.3.1.1-RCbrdkU1jOwknNKtM25ct4Ra8lul8m1TREr.CVIXqrA/n9tgo/0x4AAAAAADV3ju2YEd8uiR-k/dark/fbE/failure_retry/flexible?lang=auto:1:189894)
    at rl (https://challenges.cloudflare.com/cdn-cgi/challenge-platform/h/g/turnstile/f/av0/rch1EvPS6Jv9qfNiVHo5XeLJEBSgi9d1jufi9bisyMe4Ok-1788711839-1.3.1.1-RCbrdkU1jOwknNKtM25ct4Ra8lul8m1TREr.CVIXqrA/n9tgo/0x4AAAAAADV3ju2YEd8uiR-k/dark/fbE/failure_retry/flexible?lang=auto:1:191980)
[  827438ms] [ERROR] Failed to load resource: the server responded with a status of 400 () @ https://challenges.cloudflare.com/cdn-cgi/challenge-platform/h/g/fo/1197279624:1788707334:Txm0ocitY3JTXxkcL5r3OGSsr15drffiIs-d_ujGMYU/a36ed283aad9d87b/5bMGukMFuakTBXs6JCPg484s6zI2xgiscan71f7ETCU-1788711849-1.2.1.1-ueIv_nA0Fi3B7ofYkSNjxKoNT7HcrnzsjT_X1WjhK2VX2Xlo0omHc_Ar2wPyudzs:0
[  837541ms] Blocked a frame with origin "https://challenges.cloudflare.com" from accessing a frame with origin "http://localhost:3000".  The frame requesting access has a protocol of "https", the frame being accessed has a protocol of "http". Protocols must match.

    at unknown (https://challenges.cloudflare.com/cdn-cgi/challenge-platform/h/g/turnstile/f/av0/rchjs29zbwOAs4RodjZ5QPYp2BnR6gNaWhenzbFK_kHmUA-1788711849-1.3.1.1-CJ6sGdlk1YM3Odqz97JK_J.Bf_aDAW8QuRh98li21fE/n9tgo/0x4AAAAAADV3ju2YEd8uiR-k/dark/fbE/failure_retry/flexible?lang=auto:1:50213)
    at Hr (https://challenges.cloudflare.com/cdn-cgi/challenge-platform/h/g/turnstile/f/av0/rchjs29zbwOAs4RodjZ5QPYp2BnR6gNaWhenzbFK_kHmUA-1788711849-1.3.1.1-CJ6sGdlk1YM3Odqz97JK_J.Bf_aDAW8QuRh98li21fE/n9tgo/0x4AAAAAADV3ju2YEd8uiR-k/dark/fbE/failure_retry/flexible?lang=auto:1:191694)
    at H4 (https://challenges.cloudflare.com/cdn-cgi/challenge-platform/h/g/turnstile/f/av0/rchjs29zbwOAs4RodjZ5QPYp2BnR6gNaWhenzbFK_kHmUA-1788711849-1.3.1.1-CJ6sGdlk1YM3Odqz97JK_J.Bf_aDAW8QuRh98li21fE/n9tgo/0x4AAAAAADV3ju2YEd8uiR-k/dark/fbE/failure_retry/flexible?lang=auto:1:168900)
    at unknown (https://challenges.cloudflare.com/cdn-cgi/challenge-platform/h/g/turnstile/f/av0/rchjs29zbwOAs4RodjZ5QPYp2BnR6gNaWhenzbFK_kHmUA-1788711849-1.3.1.1-CJ6sGdlk1YM3Odqz97JK_J.Bf_aDAW8QuRh98li21fE/n9tgo/0x4AAAAAADV3ju2YEd8uiR-k/dark/fbE/failure_retry/flexible?lang=auto:1:49763)
    at Hr (https://challenges.cloudflare.com/cdn-cgi/challenge-platform/h/g/turnstile/f/av0/rchjs29zbwOAs4RodjZ5QPYp2BnR6gNaWhenzbFK_kHmUA-1788711849-1.3.1.1-CJ6sGdlk1YM3Odqz97JK_J.Bf_aDAW8QuRh98li21fE/n9tgo/0x4AAAAAADV3ju2YEd8uiR-k/dark/fbE/failure_retry/flexible?lang=auto:1:191694)
    at D (https://challenges.cloudflare.com/cdn-cgi/challenge-platform/h/g/turnstile/f/av0/rchjs29zbwOAs4RodjZ5QPYp2BnR6gNaWhenzbFK_kHmUA-1788711849-1.3.1.1-CJ6sGdlk1YM3Odqz97JK_J.Bf_aDAW8QuRh98li21fE/n9tgo/0x4AAAAAADV3ju2YEd8uiR-k/dark/fbE/failure_retry/flexible?lang=auto:1:104962)
    at tANYt (https://challenges.cloudflare.com/cdn-cgi/challenge-platform/h/g/turnstile/f/av0/rchjs29zbwOAs4RodjZ5QPYp2BnR6gNaWhenzbFK_kHmUA-1788711849-1.3.1.1-CJ6sGdlk1YM3Odqz97JK_J.Bf_aDAW8QuRh98li21fE/n9tgo/0x4AAAAAADV3ju2YEd8uiR-k/dark/fbE/failure_retry/flexible?lang=auto:1:209934)
    at He (https://challenges.cloudflare.com/cdn-cgi/challenge-platform/h/g/turnstile/f/av0/rchjs29zbwOAs4RodjZ5QPYp2BnR6gNaWhenzbFK_kHmUA-1788711849-1.3.1.1-CJ6sGdlk1YM3Odqz97JK_J.Bf_aDAW8QuRh98li21fE/n9tgo/0x4AAAAAADV3ju2YEd8uiR-k/dark/fbE/failure_retry/flexible?lang=auto:1:213402)
    at Hx (https://challenges.cloudflare.com/cdn-cgi/challenge-platform/h/g/turnstile/f/av0/rchjs29zbwOAs4RodjZ5QPYp2BnR6gNaWhenzbFK_kHmUA-1788711849-1.3.1.1-CJ6sGdlk1YM3Odqz97JK_J.Bf_aDAW8QuRh98li21fE/n9tgo/0x4AAAAAADV3ju2YEd8uiR-k/dark/fbE/failure_retry/flexible?lang=auto:1:212259)
[  837688ms] [ERROR] Failed to load resource: the server responded with a status of 400 () @ https://challenges.cloudflare.com/cdn-cgi/challenge-platform/h/g/fo/1197279624:1788707334:Txm0ocitY3JTXxkcL5r3OGSsr15drffiIs-d_ujGMYU/a36ed2c3bd8ad87b/0SY7Qf9nJu5dvxpmDg8gDLd9DHXBQ2IMGOCUQocbDYc-1788711859-1.2.1.1-G1FDV1XczpvjkgSk.RC9L_falDr6u0D5hjgr6uP9Bl2QT0PTquxQtRPGBT8a0yxe:0
[  847800ms] Blocked a frame with origin "https://challenges.cloudflare.com" from accessing a frame with origin "http://localhost:3000".  The frame requesting access has a protocol of "https", the frame being accessed has a protocol of "http". Protocols must match.

    at unknown (https://challenges.cloudflare.com/cdn-cgi/challenge-platform/h/g/turnstile/f/av0/rchASvF3sElLfVT5HYri8fgTgvIXD.JnQyD8g6FD1BeR3g-1788711859-1.3.1.1-ywBJ9D5Q.S__8TlVFHigOvnmH_WVVPpwzJu4HYqHsM8/n9tgo/0x4AAAAAADV3ju2YEd8uiR-k/dark/fbE/failure_retry/flexible?lang=auto:1:49720)
    at rA (https://challenges.cloudflare.com/cdn-cgi/challenge-platform/h/g/turnstile/f/av0/rchASvF3sElLfVT5HYri8fgTgvIXD.JnQyD8g6FD1BeR3g-1788711859-1.3.1.1-ywBJ9D5Q.S__8TlVFHigOvnmH_WVVPpwzJu4HYqHsM8/n9tgo/0x4AAAAAADV3ju2YEd8uiR-k/dark/fbE/failure_retry/flexible?lang=auto:1:192772)
    at r4 (https://challenges.cloudflare.com/cdn-cgi/challenge-platform/h/g/turnstile/f/av0/rchASvF3sElLfVT5HYri8fgTgvIXD.JnQyD8g6FD1BeR3g-1788711859-1.3.1.1-ywBJ9D5Q.S__8TlVFHigOvnmH_WVVPpwzJu4HYqHsM8/n9tgo/0x4AAAAAADV3ju2YEd8uiR-k/dark/fbE/failure_retry/flexible?lang=auto:1:255002)
    at unknown (https://challenges.cloudflare.com/cdn-cgi/challenge-platform/h/g/turnstile/f/av0/rchASvF3sElLfVT5HYri8fgTgvIXD.JnQyD8g6FD1BeR3g-1788711859-1.3.1.1-ywBJ9D5Q.S__8TlVFHigOvnmH_WVVPpwzJu4HYqHsM8/n9tgo/0x4AAAAAADV3ju2YEd8uiR-k/dark/fbE/failure_retry/flexible?lang=auto:1:49270)
    at rA (https://challenges.cloudflare.com/cdn-cgi/challenge-platform/h/g/turnstile/f/av0/rchASvF3sElLfVT5HYri8fgTgvIXD.JnQyD8g6FD1BeR3g-1788711859-1.3.1.1-ywBJ9D5Q.S__8TlVFHigOvnmH_WVVPpwzJu4HYqHsM8/n9tgo/0x4AAAAAADV3ju2YEd8uiR-k/dark/fbE/failure_retry/flexible?lang=auto:1:192772)
    at Q (https://challenges.cloudflare.com/cdn-cgi/challenge-platform/h/g/turnstile/f/av0/rchASvF3sElLfVT5HYri8fgTgvIXD.JnQyD8g6FD1BeR3g-1788711859-1.3.1.1-ywBJ9D5Q.S__8TlVFHigOvnmH_WVVPpwzJu4HYqHsM8/n9tgo/0x4AAAAAADV3ju2YEd8uiR-k/dark/fbE/failure_retry/flexible?lang=auto:1:113098)
    at lWaqb (https://challenges.cloudflare.com/cdn-cgi/challenge-platform/h/g/turnstile/f/av0/rchASvF3sElLfVT5HYri8fgTgvIXD.JnQyD8g6FD1BeR3g-1788711859-1.3.1.1-ywBJ9D5Q.S__8TlVFHigOvnmH_WVVPpwzJu4HYqHsM8/n9tgo/0x4AAAAAADV3ju2YEd8uiR-k/dark/fbE/failure_retry/flexible?lang=auto:1:231689)
    at rf (https://challenges.cloudflare.com/cdn-cgi/challenge-platform/h/g/turnstile/f/av0/rchASvF3sElLfVT5HYri8fgTgvIXD.JnQyD8g6FD1BeR3g-1788711859-1.3.1.1-ywBJ9D5Q.S__8TlVFHigOvnmH_WVVPpwzJu4HYqHsM8/n9tgo/0x4AAAAAADV3ju2YEd8uiR-k/dark/fbE/failure_retry/flexible?lang=auto:1:239776)
    at pLXav (https://challenges.cloudflare.com/cdn-cgi/challenge-platform/h/g/turnstile/f/av0/rchASvF3sElLfVT5HYri8fgTgvIXD.JnQyD8g6FD1BeR3g-1788711859-1.3.1.1-ywBJ9D5Q.S__8TlVFHigOvnmH_WVVPpwzJu4HYqHsM8/n9tgo/0x4AAAAAADV3ju2YEd8uiR-k/dark/fbE/failure_retry/flexible?lang=auto:1:232461)
    at rl (https://challenges.cloudflare.com/cdn-cgi/challenge-platform/h/g/turnstile/f/av0/rchASvF3sElLfVT5HYri8fgTgvIXD.JnQyD8g6FD1BeR3g-1788711859-1.3.1.1-ywBJ9D5Q.S__8TlVFHigOvnmH_WVVPpwzJu4HYqHsM8/n9tgo/0x4AAAAAADV3ju2YEd8uiR-k/dark/fbE/failure_retry/flexible?lang=auto:1:234858)
[  847970ms] [ERROR] Failed to load resource: the server responded with a status of 400 () @ https://challenges.cloudflare.com/cdn-cgi/challenge-platform/h/g/fo/1197279624:1788707334:Txm0ocitY3JTXxkcL5r3OGSsr15drffiIs-d_ujGMYU/a36ed303d866d87b/23RI4moh8a5YYEWKKRoRydhAgTZPR4HxJeAgc8kpUz8-1788711870-1.2.1.1-6ouDHy4X_EdlhmHkcOeZrDwc7HriSqZUc6hUPJKZF7ze77L86G1HF2c0LJ77N8vY:0
[  858130ms] Blocked a frame with origin "https://challenges.cloudflare.com" from accessing a frame with origin "http://localhost:3000".  The frame requesting access has a protocol of "https", the frame being accessed has a protocol of "http". Protocols must match.

    at unknown (https://challenges.cloudflare.com/cdn-cgi/challenge-platform/h/g/turnstile/f/av0/rchw3SF6wxc6JOKaTV0VZYsNV2KlPjAh1VVYLbWa3q7R7Q-1788711870-1.3.1.1-4g.PsDJ2oCRBY3VMsYrWKZ7evfIofok.QcAuc9rs0KA/n9tgo/0x4AAAAAADV3ju2YEd8uiR-k/dark/fbE/failure_retry/flexible?lang=auto:1:49770)
    at Hr (https://challenges.cloudflare.com/cdn-cgi/challenge-platform/h/g/turnstile/f/av0/rchw3SF6wxc6JOKaTV0VZYsNV2KlPjAh1VVYLbWa3q7R7Q-1788711870-1.3.1.1-4g.PsDJ2oCRBY3VMsYrWKZ7evfIofok.QcAuc9rs0KA/n9tgo/0x4AAAAAADV3ju2YEd8uiR-k/dark/fbE/failure_retry/flexible?lang=auto:1:78859)
    at rVPLJ (https://challenges.cloudflare.com/cdn-cgi/challenge-platform/h/g/turnstile/f/av0/rchw3SF6wxc6JOKaTV0VZYsNV2KlPjAh1VVYLbWa3q7R7Q-1788711870-1.3.1.1-4g.PsDJ2oCRBY3VMsYrWKZ7evfIofok.QcAuc9rs0KA/n9tgo/0x4AAAAAADV3ju2YEd8uiR-k/dark/fbE/failure_retry/flexible?lang=auto:1:242205)
    at H4 (https://challenges.cloudflare.com/cdn-cgi/challenge-platform/h/g/turnstile/f/av0/rchw3SF6wxc6JOKaTV0VZYsNV2KlPjAh1VVYLbWa3q7R7Q-1788711870-1.3.1.1-4g.PsDJ2oCRBY3VMsYrWKZ7evfIofok.QcAuc9rs0KA/n9tgo/0x4AAAAAADV3ju2YEd8uiR-k/dark/fbE/failure_retry/flexible?lang=auto:1:243699)
    at unknown (https://challenges.cloudflare.com/cdn-cgi/challenge-platform/h/g/turnstile/f/av0/rchw3SF6wxc6JOKaTV0VZYsNV2KlPjAh1VVYLbWa3q7R7Q-1788711870-1.3.1.1-4g.PsDJ2oCRBY3VMsYrWKZ7evfIofok.QcAuc9rs0KA/n9tgo/0x4AAAAAADV3ju2YEd8uiR-k/dark/fbE/failure_retry/flexible?lang=auto:1:49320)
    at Hr (https://challenges.cloudflare.com/cdn-cgi/challenge-platform/h/g/turnstile/f/av0/rchw3SF6wxc6JOKaTV0VZYsNV2KlPjAh1VVYLbWa3q7R7Q-1788711870-1.3.1.1-4g.PsDJ2oCRBY3VMsYrWKZ7evfIofok.QcAuc9rs0KA/n9tgo/0x4AAAAAADV3ju2YEd8uiR-k/dark/fbE/failure_retry/flexible?lang=auto:1:78859)
    at Lkeqk (https://challenges.cloudflare.com/cdn-cgi/challenge-platform/h/g/turnstile/f/av0/rchw3SF6wxc6JOKaTV0VZYsNV2KlPjAh1VVYLbWa3q7R7Q-1788711870-1.3.1.1-4g.PsDJ2oCRBY3VMsYrWKZ7evfIofok.QcAuc9rs0KA/n9tgo/0x4AAAAAADV3ju2YEd8uiR-k/dark/fbE/failure_retry/flexible?lang=auto:1:171229)
    at D (https://challenges.cloudflare.com/cdn-cgi/challenge-platform/h/g/turnstile/f/av0/rchw3SF6wxc6JOKaTV0VZYsNV2KlPjAh1VVYLbWa3q7R7Q-1788711870-1.3.1.1-4g.PsDJ2oCRBY3VMsYrWKZ7evfIofok.QcAuc9rs0KA/n9tgo/0x4AAAAAADV3ju2YEd8uiR-k/dark/fbE/failure_retry/flexible?lang=auto:1:180035)
    at TlHbf (https://challenges.cloudflare.com/cdn-cgi/challenge-platform/h/g/turnstile/f/av0/rchw3SF6wxc6JOKaTV0VZYsNV2KlPjAh1VVYLbWa3q7R7Q-1788711870-1.3.1.1-4g.PsDJ2oCRBY3VMsYrWKZ7evfIofok.QcAuc9rs0KA/n9tgo/0x4AAAAAADV3ju2YEd8uiR-k/dark/fbE/failure_retry/flexible?lang=auto:1:90521)
    at He (https://challenges.cloudflare.com/cdn-cgi/challenge-platform/h/g/turnstile/f/av0/rchw3SF6wxc6JOKaTV0VZYsNV2KlPjAh1VVYLbWa3q7R7Q-1788711870-1.3.1.1-4g.PsDJ2oCRBY3VMsYrWKZ7evfIofok.QcAuc9rs0KA/n9tgo/0x4AAAAAADV3ju2YEd8uiR-k/dark/fbE/failure_retry/flexible?lang=auto:1:94692)
    at Hx (https://challenges.cloudflare.com/cdn-cgi/challenge-platform/h/g/turnstile/f/av0/rchw3SF6wxc6JOKaTV0VZYsNV2KlPjAh1VVYLbWa3q7R7Q-1788711870-1.3.1.1-4g.PsDJ2oCRBY3VMsYrWKZ7evfIofok.QcAuc9rs0KA/n9tgo/0x4AAAAAADV3ju2YEd8uiR-k/dark/fbE/failure_retry/flexible?lang=auto:1:93009)
[  858267ms] [ERROR] Failed to load resource: the server responded with a status of 400 () @ https://challenges.cloudflare.com/cdn-cgi/challenge-platform/h/g/fo/1197279624:1788707334:Txm0ocitY3JTXxkcL5r3OGSsr15drffiIs-d_ujGMYU/a36ed3445f18d87b/34W2pedLF14adq.19inAdXydyiLnyrYJXQtx49H.enY-1788711880-1.2.1.1-OjAaOlfBdTA9UHnNJK.q0p1vhtDi6ovsBAhMdiaxWEQxhlhffmGI3eTqH4OUhT1w:0
[  868319ms] [ERROR] Unable to post message to https://challenges.cloudflare.com. Recipient has origin http://localhost:3000.
 @ https://challenges.cloudflare.com/turnstile/v0/g/330e41bb475c/api.js:1
[  868392ms] Blocked a frame with origin "https://challenges.cloudflare.com" from accessing a frame with origin "http://localhost:3000".  The frame requesting access has a protocol of "https", the frame being accessed has a protocol of "http". Protocols must match.

    at unknown (https://challenges.cloudflare.com/cdn-cgi/challenge-platform/h/g/turnstile/f/av0/rchqh.fuTJ9bfY5khinGdc1j5biYBsWPoZmbFmLwcIUckY-1788711880-1.3.1.1-Tee5bF_Qrb2jVYgNPMNkg2i_fYrGSAbrPqGiWggURtE/n9tgo/0x4AAAAAADV3ju2YEd8uiR-k/dark/fbE/failure_retry/flexible?lang=auto:1:50553)
    at HP (https://challenges.cloudflare.com/cdn-cgi/challenge-platform/h/g/turnstile/f/av0/rchqh.fuTJ9bfY5khinGdc1j5biYBsWPoZmbFmLwcIUckY-1788711880-1.3.1.1-Tee5bF_Qrb2jVYgNPMNkg2i_fYrGSAbrPqGiWggURtE/n9tgo/0x4AAAAAADV3ju2YEd8uiR-k/dark/fbE/failure_retry/flexible?lang=auto:1:116822)
    at QacMP (https://challenges.cloudflare.com/cdn-cgi/challenge-platform/h/g/turnstile/f/av0/rchqh.fuTJ9bfY5khinGdc1j5biYBsWPoZmbFmLwcIUckY-1788711880-1.3.1.1-Tee5bF_Qrb2jVYgNPMNkg2i_fYrGSAbrPqGiWggURtE/n9tgo/0x4AAAAAADV3ju2YEd8uiR-k/dark/fbE/failure_retry/flexible?lang=auto:1:57050)
    at H5 (https://challenges.cloudflare.com/cdn-cgi/challenge-platform/h/g/turnstile/f/av0/rchqh.fuTJ9bfY5khinGdc1j5biYBsWPoZmbFmLwcIUckY-1788711880-1.3.1.1-Tee5bF_Qrb2jVYgNPMNkg2i_fYrGSAbrPqGiWggURtE/n9tgo/0x4AAAAAADV3ju2YEd8uiR-k/dark/fbE/failure_retry/flexible?lang=auto:1:58107)
    at unknown (https://challenges.cloudflare.com/cdn-cgi/challenge-platform/h/g/turnstile/f/av0/rchqh.fuTJ9bfY5khinGdc1j5biYBsWPoZmbFmLwcIUckY-1788711880-1.3.1.1-Tee5bF_Qrb2jVYgNPMNkg2i_fYrGSAbrPqGiWggURtE/n9tgo/0x4AAAAAADV3ju2YEd8uiR-k/dark/fbE/failure_retry/flexible?lang=auto:1:50103)
    at HP (https://challenges.cloudflare.com/cdn-cgi/challenge-platform/h/g/turnstile/f/av0/rchqh.fuTJ9bfY5khinGdc1j5biYBsWPoZmbFmLwcIUckY-1788711880-1.3.1.1-Tee5bF_Qrb2jVYgNPMNkg2i_fYrGSAbrPqGiWggURtE/n9tgo/0x4AAAAAADV3ju2YEd8uiR-k/dark/fbE/failure_retry/flexible?lang=auto:1:116822)
    at kBayc (https://challenges.cloudflare.com/cdn-cgi/challenge-platform/h/g/turnstile/f/av0/rchqh.fuTJ9bfY5khinGdc1j5biYBsWPoZmbFmLwcIUckY-1788711880-1.3.1.1-Tee5bF_Qrb2jVYgNPMNkg2i_fYrGSAbrPqGiWggURtE/n9tgo/0x4AAAAAADV3ju2YEd8uiR-k/dark/fbE/failure_retry/flexible?lang=auto:1:156506)
    at J0 (https://challenges.cloudflare.com/cdn-cgi/challenge-platform/h/g/turnstile/f/av0/rchqh.fuTJ9bfY5khinGdc1j5biYBsWPoZmbFmLwcIUckY-1788711880-1.3.1.1-Tee5bF_Qrb2jVYgNPMNkg2i_fYrGSAbrPqGiWggURtE/n9tgo/0x4AAAAAADV3ju2YEd8uiR-k/dark/fbE/failure_retry/flexible?lang=auto:1:164886)
    at He (https://challenges.cloudflare.com/cdn-cgi/challenge-platform/h/g/turnstile/f/av0/rchqh.fuTJ9bfY5khinGdc1j5biYBsWPoZmbFmLwcIUckY-1788711880-1.3.1.1-Tee5bF_Qrb2jVYgNPMNkg2i_fYrGSAbrPqGiWggURtE/n9tgo/0x4AAAAAADV3ju2YEd8uiR-k/dark/fbE/failure_retry/flexible?lang=auto:1:154701)
    at Hx (https://challenges.cloudflare.com/cdn-cgi/challenge-platform/h/g/turnstile/f/av0/rchqh.fuTJ9bfY5khinGdc1j5biYBsWPoZmbFmLwcIUckY-1788711880-1.3.1.1-Tee5bF_Qrb2jVYgNPMNkg2i_fYrGSAbrPqGiWggURtE/n9tgo/0x4AAAAAADV3ju2YEd8uiR-k/dark/fbE/failure_retry/flexible?lang=auto:1:148625)
[  868541ms] [ERROR] Failed to load resource: the server responded with a status of 400 () @ https://challenges.cloudflare.com/cdn-cgi/challenge-platform/h/g/fo/1197279624:1788707334:Txm0ocitY3JTXxkcL5r3OGSsr15drffiIs-d_ujGMYU/a36ed384699bd87b/KE_bM8IAHupmo1JnPmoKBs2fAxJmZ56x0jlpU8bN6Yo-1788711890-1.2.1.1-s5iJ1UU8y2BSTo4Eag7lXrrckgCTv0NT0d1qA4mykUSEo6jXOO1fvY9kxHwtNhge:0
[  871530ms] Blocked a frame with origin "https://challenges.cloudflare.com" from accessing a frame with origin "http://localhost:3000".  The frame requesting access has a protocol of "https", the frame being accessed has a protocol of "http". Protocols must match.

    at unknown (https://challenges.cloudflare.com/cdn-cgi/challenge-platform/h/g/turnstile/f/av0/rchf6Yp4BGHu3jgM1nLD_isSvqafC_aO2yBUgDnEvnmx.M-1788711890-1.3.1.1-c6xdg65JYGs9A4eRLFq3s5PQHk9PPxNPTb24445aaVQ/n9tgo/0x4AAAAAADV3ju2YEd8uiR-k/dark/fbE/api/flexible?lang=auto:1:49335)
    at rA (https://challenges.cloudflare.com/cdn-cgi/challenge-platform/h/g/turnstile/f/av0/rchf6Yp4BGHu3jgM1nLD_isSvqafC_aO2yBUgDnEvnmx.M-1788711890-1.3.1.1-c6xdg65JYGs9A4eRLFq3s5PQHk9PPxNPTb24445aaVQ/n9tgo/0x4AAAAAADV3ju2YEd8uiR-k/dark/fbE/api/flexible?lang=auto:1:67368)
    at cFeVC (https://challenges.cloudflare.com/cdn-cgi/challenge-platform/h/g/turnstile/f/av0/rchf6Yp4BGHu3jgM1nLD_isSvqafC_aO2yBUgDnEvnmx.M-1788711890-1.3.1.1-c6xdg65JYGs9A4eRLFq3s5PQHk9PPxNPTb24445aaVQ/n9tgo/0x4AAAAAADV3ju2YEd8uiR-k/dark/fbE/api/flexible?lang=auto:1:250551)
    at r4 (https://challenges.cloudflare.com/cdn-cgi/challenge-platform/h/g/turnstile/f/av0/rchf6Yp4BGHu3jgM1nLD_isSvqafC_aO2yBUgDnEvnmx.M-1788711890-1.3.1.1-c6xdg65JYGs9A4eRLFq3s5PQHk9PPxNPTb24445aaVQ/n9tgo/0x4AAAAAADV3ju2YEd8uiR-k/dark/fbE/api/flexible?lang=auto:1:251776)
    at unknown (https://challenges.cloudflare.com/cdn-cgi/challenge-platform/h/g/turnstile/f/av0/rchf6Yp4BGHu3jgM1nLD_isSvqafC_aO2yBUgDnEvnmx.M-1788711890-1.3.1.1-c6xdg65JYGs9A4eRLFq3s5PQHk9PPxNPTb24445aaVQ/n9tgo/0x4AAAAAADV3ju2YEd8uiR-k/dark/fbE/api/flexible?lang=auto:1:48885)
    at rA (https://challenges.cloudflare.com/cdn-cgi/challenge-platform/h/g/turnstile/f/av0/rchf6Yp4BGHu3jgM1nLD_isSvqafC_aO2yBUgDnEvnmx.M-1788711890-1.3.1.1-c6xdg65JYGs9A4eRLFq3s5PQHk9PPxNPTb24445aaVQ/n9tgo/0x4AAAAAADV3ju2YEd8uiR-k/dark/fbE/api/flexible?lang=auto:1:67368)
    at Q (https://challenges.cloudflare.com/cdn-cgi/challenge-platform/h/g/turnstile/f/av0/rchf6Yp4BGHu3jgM1nLD_isSvqafC_aO2yBUgDnEvnmx.M-1788711890-1.3.1.1-c6xdg65JYGs9A4eRLFq3s5PQHk9PPxNPTb24445aaVQ/n9tgo/0x4AAAAAADV3ju2YEd8uiR-k/dark/fbE/api/flexible?lang=auto:1:191348)
    at rByPy (https://challenges.cloudflare.com/cdn-cgi/challenge-platform/h/g/turnstile/f/av0/rchf6Yp4BGHu3jgM1nLD_isSvqafC_aO2yBUgDnEvnmx.M-1788711890-1.3.1.1-c6xdg65JYGs9A4eRLFq3s5PQHk9PPxNPTb24445aaVQ/n9tgo/0x4AAAAAADV3ju2YEd8uiR-k/dark/fbE/api/flexible?lang=auto:1:232870)
    at rf (https://challenges.cloudflare.com/cdn-cgi/challenge-platform/h/g/turnstile/f/av0/rchf6Yp4BGHu3jgM1nLD_isSvqafC_aO2yBUgDnEvnmx.M-1788711890-1.3.1.1-c6xdg65JYGs9A4eRLFq3s5PQHk9PPxNPTb24445aaVQ/n9tgo/0x4AAAAAADV3ju2YEd8uiR-k/dark/fbE/api/flexible?lang=auto:1:236939)
    at rl (https://challenges.cloudflare.com/cdn-cgi/challenge-platform/h/g/turnstile/f/av0/rchf6Yp4BGHu3jgM1nLD_isSvqafC_aO2yBUgDnEvnmx.M-1788711890-1.3.1.1-c6xdg65JYGs9A4eRLFq3s5PQHk9PPxNPTb24445aaVQ/n9tgo/0x4AAAAAADV3ju2YEd8uiR-k/dark/fbE/api/flexible?lang=auto:1:235242)
[  871674ms] [ERROR] Failed to load resource: the server responded with a status of 400 () @ https://challenges.cloudflare.com/cdn-cgi/challenge-platform/h/g/fo/1197279624:1788707334:Txm0ocitY3JTXxkcL5r3OGSsr15drffiIs-d_ujGMYU/a36ed3980ac8d87b/_6zUZWfF9HYVyO.XDRL8kzNmWyvVYREcIThhb0vx1E8-1788711893-1.2.1.1-vZc_ibLo66aWAP4ShwumPWKlaBEqaJe1oovRXut3mS1j9Vbx0Sx4GUZD0cYfoQ33:0
[  881838ms] Blocked a frame with origin "https://challenges.cloudflare.com" from accessing a frame with origin "http://localhost:3000".  The frame requesting access has a protocol of "https", the frame being accessed has a protocol of "http". Protocols must match.

    at unknown (https://challenges.cloudflare.com/cdn-cgi/challenge-platform/h/g/turnstile/f/av0/rchq1_kD84mm.Pcur6ZUGb2bKzetwCd5gprG1gYiP1JvPA-1788711893-1.3.1.1-HYa5Rok_z3zC.m7xt4v4hsSO8xVZRWqUyQXg5TcFYSQ/n9tgo/0x4AAAAAADV3ju2YEd8uiR-k/dark/fbE/failure_retry/flexible?lang=auto:1:48818)
    at rA (https://challenges.cloudflare.com/cdn-cgi/challenge-platform/h/g/turnstile/f/av0/rchq1_kD84mm.Pcur6ZUGb2bKzetwCd5gprG1gYiP1JvPA-1788711893-1.3.1.1-HYa5Rok_z3zC.m7xt4v4hsSO8xVZRWqUyQXg5TcFYSQ/n9tgo/0x4AAAAAADV3ju2YEd8uiR-k/dark/fbE/failure_retry/flexible?lang=auto:1:238684)
    at zfzpM (https://challenges.cloudflare.com/cdn-cgi/challenge-platform/h/g/turnstile/f/av0/rchq1_kD84mm.Pcur6ZUGb2bKzetwCd5gprG1gYiP1JvPA-1788711893-1.3.1.1-HYa5Rok_z3zC.m7xt4v4hsSO8xVZRWqUyQXg5TcFYSQ/n9tgo/0x4AAAAAADV3ju2YEd8uiR-k/dark/fbE/failure_retry/flexible?lang=auto:1:92584)
    at r4 (https://challenges.cloudflare.com/cdn-cgi/challenge-platform/h/g/turnstile/f/av0/rchq1_kD84mm.Pcur6ZUGb2bKzetwCd5gprG1gYiP1JvPA-1788711893-1.3.1.1-HYa5Rok_z3zC.m7xt4v4hsSO8xVZRWqUyQXg5TcFYSQ/n9tgo/0x4AAAAAADV3ju2YEd8uiR-k/dark/fbE/failure_retry/flexible?lang=auto:1:93892)
    at unknown (https://challenges.cloudflare.com/cdn-cgi/challenge-platform/h/g/turnstile/f/av0/rchq1_kD84mm.Pcur6ZUGb2bKzetwCd5gprG1gYiP1JvPA-1788711893-1.3.1.1-HYa5Rok_z3zC.m7xt4v4hsSO8xVZRWqUyQXg5TcFYSQ/n9tgo/0x4AAAAAADV3ju2YEd8uiR-k/dark/fbE/failure_retry/flexible?lang=auto:1:48368)
    at rA (https://challenges.cloudflare.com/cdn-cgi/challenge-platform/h/g/turnstile/f/av0/rchq1_kD84mm.Pcur6ZUGb2bKzetwCd5gprG1gYiP1JvPA-1788711893-1.3.1.1-HYa5Rok_z3zC.m7xt4v4hsSO8xVZRWqUyQXg5TcFYSQ/n9tgo/0x4AAAAAADV3ju2YEd8uiR-k/dark/fbE/failure_retry/flexible?lang=auto:1:238684)
    at Q (https://challenges.cloudflare.com/cdn-cgi/challenge-platform/h/g/turnstile/f/av0/rchq1_kD84mm.Pcur6ZUGb2bKzetwCd5gprG1gYiP1JvPA-1788711893-1.3.1.1-HYa5Rok_z3zC.m7xt4v4hsSO8xVZRWqUyQXg5TcFYSQ/n9tgo/0x4AAAAAADV3ju2YEd8uiR-k/dark/fbE/failure_retry/flexible?lang=auto:1:59817)
    at rf (https://challenges.cloudflare.com/cdn-cgi/challenge-platform/h/g/turnstile/f/av0/rchq1_kD84mm.Pcur6ZUGb2bKzetwCd5gprG1gYiP1JvPA-1788711893-1.3.1.1-HYa5Rok_z3zC.m7xt4v4hsSO8xVZRWqUyQXg5TcFYSQ/n9tgo/0x4AAAAAADV3ju2YEd8uiR-k/dark/fbE/failure_retry/flexible?lang=auto:1:168441)
    at rl (https://challenges.cloudflare.com/cdn-cgi/challenge-platform/h/g/turnstile/f/av0/rchq1_kD84mm.Pcur6ZUGb2bKzetwCd5gprG1gYiP1JvPA-1788711893-1.3.1.1-HYa5Rok_z3zC.m7xt4v4hsSO8xVZRWqUyQXg5TcFYSQ/n9tgo/0x4AAAAAADV3ju2YEd8uiR-k/dark/fbE/failure_retry/flexible?lang=auto:1:165843)
[  881987ms] [ERROR] Failed to load resource: the server responded with a status of 400 () @ https://challenges.cloudflare.com/cdn-cgi/challenge-platform/h/g/fo/1197279624:1788707334:Txm0ocitY3JTXxkcL5r3OGSsr15drffiIs-d_ujGMYU/a36ed3d87957d87b/bOgPZ7nkTqXTyxUt7WUvL8ChHoiI.Tuxp0Ed1NBVJdM-1788711904-1.2.1.1-_.P6.ra4jvDKhG8EgLYibqDpbjSvw3896YxmuCrFRMCfcsDN7.vgs6LnoSdNDr7G:0
[  892085ms] Blocked a frame with origin "https://challenges.cloudflare.com" from accessing a frame with origin "http://localhost:3000".  The frame requesting access has a protocol of "https", the frame being accessed has a protocol of "http". Protocols must match.

    at unknown (https://challenges.cloudflare.com/cdn-cgi/challenge-platform/h/g/turnstile/f/av0/rchcIngHy8yVR0BhJYr8DMCZuUxZASw0Ynx2kP5IPuVHV4-1788711904-1.3.1.1-k.4DcUCkCl3eh9RwtUcrGkbglhDF5LKV5Laa8APew0M/n9tgo/0x4AAAAAADV3ju2YEd8uiR-k/dark/fbE/failure_retry/flexible?lang=auto:1:49924)
    at Hr (https://challenges.cloudflare.com/cdn-cgi/challenge-platform/h/g/turnstile/f/av0/rchcIngHy8yVR0BhJYr8DMCZuUxZASw0Ynx2kP5IPuVHV4-1788711904-1.3.1.1-k.4DcUCkCl3eh9RwtUcrGkbglhDF5LKV5Laa8APew0M/n9tgo/0x4AAAAAADV3ju2YEd8uiR-k/dark/fbE/failure_retry/flexible?lang=auto:1:179100)
    at siymK (https://challenges.cloudflare.com/cdn-cgi/challenge-platform/h/g/turnstile/f/av0/rchcIngHy8yVR0BhJYr8DMCZuUxZASw0Ynx2kP5IPuVHV4-1788711904-1.3.1.1-k.4DcUCkCl3eh9RwtUcrGkbglhDF5LKV5Laa8APew0M/n9tgo/0x4AAAAAADV3ju2YEd8uiR-k/dark/fbE/failure_retry/flexible?lang=auto:1:133745)
    at H4 (https://challenges.cloudflare.com/cdn-cgi/challenge-platform/h/g/turnstile/f/av0/rchcIngHy8yVR0BhJYr8DMCZuUxZASw0Ynx2kP5IPuVHV4-1788711904-1.3.1.1-k.4DcUCkCl3eh9RwtUcrGkbglhDF5LKV5Laa8APew0M/n9tgo/0x4AAAAAADV3ju2YEd8uiR-k/dark/fbE/failure_retry/flexible?lang=auto:1:134901)
    at unknown (https://challenges.cloudflare.com/cdn-cgi/challenge-platform/h/g/turnstile/f/av0/rchcIngHy8yVR0BhJYr8DMCZuUxZASw0Ynx2kP5IPuVHV4-1788711904-1.3.1.1-k.4DcUCkCl3eh9RwtUcrGkbglhDF5LKV5Laa8APew0M/n9tgo/0x4AAAAAADV3ju2YEd8uiR-k/dark/fbE/failure_retry/flexible?lang=auto:1:49474)
    at Hr (https://challenges.cloudflare.com/cdn-cgi/challenge-platform/h/g/turnstile/f/av0/rchcIngHy8yVR0BhJYr8DMCZuUxZASw0Ynx2kP5IPuVHV4-1788711904-1.3.1.1-k.4DcUCkCl3eh9RwtUcrGkbglhDF5LKV5Laa8APew0M/n9tgo/0x4AAAAAADV3ju2YEd8uiR-k/dark/fbE/failure_retry/flexible?lang=auto:1:179100)
    at D (https://challenges.cloudflare.com/cdn-cgi/challenge-platform/h/g/turnstile/f/av0/rchcIngHy8yVR0BhJYr8DMCZuUxZASw0Ynx2kP5IPuVHV4-1788711904-1.3.1.1-k.4DcUCkCl3eh9RwtUcrGkbglhDF5LKV5Laa8APew0M/n9tgo/0x4AAAAAADV3ju2YEd8uiR-k/dark/fbE/failure_retry/flexible?lang=auto:1:95420)
    at EnLzj (https://challenges.cloudflare.com/cdn-cgi/challenge-platform/h/g/turnstile/f/av0/rchcIngHy8yVR0BhJYr8DMCZuUxZASw0Ynx2kP5IPuVHV4-1788711904-1.3.1.1-k.4DcUCkCl3eh9RwtUcrGkbglhDF5LKV5Laa8APew0M/n9tgo/0x4AAAAAADV3ju2YEd8uiR-k/dark/fbE/failure_retry/flexible?lang=auto:1:207253)
    at He (https://challenges.cloudflare.com/cdn-cgi/challenge-platform/h/g/turnstile/f/av0/rchcIngHy8yVR0BhJYr8DMCZuUxZASw0Ynx2kP5IPuVHV4-1788711904-1.3.1.1-k.4DcUCkCl3eh9RwtUcrGkbglhDF5LKV5Laa8APew0M/n9tgo/0x4AAAAAADV3ju2YEd8uiR-k/dark/fbE/failure_retry/flexible?lang=auto:1:215467)
    at Hx (https://challenges.cloudflare.com/cdn-cgi/challenge-platform/h/g/turnstile/f/av0/rchcIngHy8yVR0BhJYr8DMCZuUxZASw0Ynx2kP5IPuVHV4-1788711904-1.3.1.1-k.4DcUCkCl3eh9RwtUcrGkbglhDF5LKV5Laa8APew0M/n9tgo/0x4AAAAAADV3ju2YEd8uiR-k/dark/fbE/failure_retry/flexible?lang=auto:1:210045)
[  892233ms] [ERROR] Failed to load resource: the server responded with a status of 400 () @ https://challenges.cloudflare.com/cdn-cgi/challenge-platform/h/g/fo/1197279624:1788707334:Txm0ocitY3JTXxkcL5r3OGSsr15drffiIs-d_ujGMYU/a36ed4189932d87b/K.SQBuKf9K1AarhTCvH2gk085XQcOkGKqul5P4QIGwE-1788711914-1.2.1.1-TPPwCMzX4BRONiMHtALFpcFc4JGKNYl3VnHXW2YKnxvmGUTAXImwpQdER3532Cri:0
[  902342ms] Blocked a frame with origin "https://challenges.cloudflare.com" from accessing a frame with origin "http://localhost:3000".  The frame requesting access has a protocol of "https", the frame being accessed has a protocol of "http". Protocols must match.

    at unknown (https://challenges.cloudflare.com/cdn-cgi/challenge-platform/h/g/turnstile/f/av0/rchUBhZFJ5D5Be9mwEcOyCuU2hFEqN.tDusIxkULW7nPEk-1788711914-1.3.1.1-450ZJSJHd72Vx8BlRnACtyh1asiX4xHIvN2DRVr8j7o/n9tgo/0x4AAAAAADV3ju2YEd8uiR-k/dark/fbE/failure_retry/flexible?lang=auto:1:49338)
    at Hr (https://challenges.cloudflare.com/cdn-cgi/challenge-platform/h/g/turnstile/f/av0/rchUBhZFJ5D5Be9mwEcOyCuU2hFEqN.tDusIxkULW7nPEk-1788711914-1.3.1.1-450ZJSJHd72Vx8BlRnACtyh1asiX4xHIvN2DRVr8j7o/n9tgo/0x4AAAAAADV3ju2YEd8uiR-k/dark/fbE/failure_retry/flexible?lang=auto:1:222894)
    at H4 (https://challenges.cloudflare.com/cdn-cgi/challenge-platform/h/g/turnstile/f/av0/rchUBhZFJ5D5Be9mwEcOyCuU2hFEqN.tDusIxkULW7nPEk-1788711914-1.3.1.1-450ZJSJHd72Vx8BlRnACtyh1asiX4xHIvN2DRVr8j7o/n9tgo/0x4AAAAAADV3ju2YEd8uiR-k/dark/fbE/failure_retry/flexible?lang=auto:1:129668)
    at unknown (https://challenges.cloudflare.com/cdn-cgi/challenge-platform/h/g/turnstile/f/av0/rchUBhZFJ5D5Be9mwEcOyCuU2hFEqN.tDusIxkULW7nPEk-1788711914-1.3.1.1-450ZJSJHd72Vx8BlRnACtyh1asiX4xHIvN2DRVr8j7o/n9tgo/0x4AAAAAADV3ju2YEd8uiR-k/dark/fbE/failure_retry/flexible?lang=auto:1:48888)
    at Hr (https://challenges.cloudflare.com/cdn-cgi/challenge-platform/h/g/turnstile/f/av0/rchUBhZFJ5D5Be9mwEcOyCuU2hFEqN.tDusIxkULW7nPEk-1788711914-1.3.1.1-450ZJSJHd72Vx8BlRnACtyh1asiX4xHIvN2DRVr8j7o/n9tgo/0x4AAAAAADV3ju2YEd8uiR-k/dark/fbE/failure_retry/flexible?lang=auto:1:222894)
    at D (https://challenges.cloudflare.com/cdn-cgi/challenge-platform/h/g/turnstile/f/av0/rchUBhZFJ5D5Be9mwEcOyCuU2hFEqN.tDusIxkULW7nPEk-1788711914-1.3.1.1-450ZJSJHd72Vx8BlRnACtyh1asiX4xHIvN2DRVr8j7o/n9tgo/0x4AAAAAADV3ju2YEd8uiR-k/dark/fbE/failure_retry/flexible?lang=auto:1:71901)
    at He (https://challenges.cloudflare.com/cdn-cgi/challenge-platform/h/g/turnstile/f/av0/rchUBhZFJ5D5Be9mwEcOyCuU2hFEqN.tDusIxkULW7nPEk-1788711914-1.3.1.1-450ZJSJHd72Vx8BlRnACtyh1asiX4xHIvN2DRVr8j7o/n9tgo/0x4AAAAAADV3ju2YEd8uiR-k/dark/fbE/failure_retry/flexible?lang=auto:1:206284)
    at Hx (https://challenges.cloudflare.com/cdn-cgi/challenge-platform/h/g/turnstile/f/av0/rchUBhZFJ5D5Be9mwEcOyCuU2hFEqN.tDusIxkULW7nPEk-1788711914-1.3.1.1-450ZJSJHd72Vx8BlRnACtyh1asiX4xHIvN2DRVr8j7o/n9tgo/0x4AAAAAADV3ju2YEd8uiR-k/dark/fbE/failure_retry/flexible?lang=auto:1:204678)
[  902488ms] [ERROR] Failed to load resource: the server responded with a status of 400 () @ https://challenges.cloudflare.com/cdn-cgi/challenge-platform/h/g/fo/1197279624:1788707334:Txm0ocitY3JTXxkcL5r3OGSsr15drffiIs-d_ujGMYU/a36ed458ace8d87b/RwLfdgCCMctDQxZ.8gY0Tjk8rlgcVQJrlx1FXoTXHDA-1788711924-1.2.1.1-YHhGj_z_EFR5mib5TxX4U2vvhDhvK4z.tkOypwHF_BVe_JsexaqGZUay4NYAeIjS:0
[  912630ms] Blocked a frame with origin "https://challenges.cloudflare.com" from accessing a frame with origin "http://localhost:3000".  The frame requesting access has a protocol of "https", the frame being accessed has a protocol of "http". Protocols must match.

    at unknown (https://challenges.cloudflare.com/cdn-cgi/challenge-platform/h/g/turnstile/f/av0/rchoXct11gA8GVyh.pl9CZtGHsTT50MkHuBUq77x3UY4_w-1788711924-1.3.1.1-ceJ6lv7mCyg1Tzc8pYqxPG9K3b6QFVM8trznL8QAFEQ/n9tgo/0x4AAAAAADV3ju2YEd8uiR-k/dark/fbE/failure_retry/flexible?lang=auto:1:49422)
    at Hr (https://challenges.cloudflare.com/cdn-cgi/challenge-platform/h/g/turnstile/f/av0/rchoXct11gA8GVyh.pl9CZtGHsTT50MkHuBUq77x3UY4_w-1788711924-1.3.1.1-ceJ6lv7mCyg1Tzc8pYqxPG9K3b6QFVM8trznL8QAFEQ/n9tgo/0x4AAAAAADV3ju2YEd8uiR-k/dark/fbE/failure_retry/flexible?lang=auto:1:97716)
    at H4 (https://challenges.cloudflare.com/cdn-cgi/challenge-platform/h/g/turnstile/f/av0/rchoXct11gA8GVyh.pl9CZtGHsTT50MkHuBUq77x3UY4_w-1788711924-1.3.1.1-ceJ6lv7mCyg1Tzc8pYqxPG9K3b6QFVM8trznL8QAFEQ/n9tgo/0x4AAAAAADV3ju2YEd8uiR-k/dark/fbE/failure_retry/flexible?lang=auto:1:176287)
    at unknown (https://challenges.cloudflare.com/cdn-cgi/challenge-platform/h/g/turnstile/f/av0/rchoXct11gA8GVyh.pl9CZtGHsTT50MkHuBUq77x3UY4_w-1788711924-1.3.1.1-ceJ6lv7mCyg1Tzc8pYqxPG9K3b6QFVM8trznL8QAFEQ/n9tgo/0x4AAAAAADV3ju2YEd8uiR-k/dark/fbE/failure_retry/flexible?lang=auto:1:48972)
    at Hr (https://challenges.cloudflare.com/cdn-cgi/challenge-platform/h/g/turnstile/f/av0/rchoXct11gA8GVyh.pl9CZtGHsTT50MkHuBUq77x3UY4_w-1788711924-1.3.1.1-ceJ6lv7mCyg1Tzc8pYqxPG9K3b6QFVM8trznL8QAFEQ/n9tgo/0x4AAAAAADV3ju2YEd8uiR-k/dark/fbE/failure_retry/flexible?lang=auto:1:97716)
    at D (https://challenges.cloudflare.com/cdn-cgi/challenge-platform/h/g/turnstile/f/av0/rchoXct11gA8GVyh.pl9CZtGHsTT50MkHuBUq77x3UY4_w-1788711924-1.3.1.1-ceJ6lv7mCyg1Tzc8pYqxPG9K3b6QFVM8trznL8QAFEQ/n9tgo/0x4AAAAAADV3ju2YEd8uiR-k/dark/fbE/failure_retry/flexible?lang=auto:1:239689)
    at He (https://challenges.cloudflare.com/cdn-cgi/challenge-platform/h/g/turnstile/f/av0/rchoXct11gA8GVyh.pl9CZtGHsTT50MkHuBUq77x3UY4_w-1788711924-1.3.1.1-ceJ6lv7mCyg1Tzc8pYqxPG9K3b6QFVM8trznL8QAFEQ/n9tgo/0x4AAAAAADV3ju2YEd8uiR-k/dark/fbE/failure_retry/flexible?lang=auto:1:81455)
    at dDcfL (https://challenges.cloudflare.com/cdn-cgi/challenge-platform/h/g/turnstile/f/av0/rchoXct11gA8GVyh.pl9CZtGHsTT50MkHuBUq77x3UY4_w-1788711924-1.3.1.1-ceJ6lv7mCyg1Tzc8pYqxPG9K3b6QFVM8trznL8QAFEQ/n9tgo/0x4AAAAAADV3ju2YEd8uiR-k/dark/fbE/failure_retry/flexible?lang=auto:1:74867)
    at Hx (https://challenges.cloudflare.com/cdn-cgi/challenge-platform/h/g/turnstile/f/av0/rchoXct11gA8GVyh.pl9CZtGHsTT50MkHuBUq77x3UY4_w-1788711924-1.3.1.1-ceJ6lv7mCyg1Tzc8pYqxPG9K3b6QFVM8trznL8QAFEQ/n9tgo/0x4AAAAAADV3ju2YEd8uiR-k/dark/fbE/failure_retry/flexible?lang=auto:1:76972)
[  912768ms] [ERROR] Failed to load resource: the server responded with a status of 400 () @ https://challenges.cloudflare.com/cdn-cgi/challenge-platform/h/g/fo/1197279624:1788707334:Txm0ocitY3JTXxkcL5r3OGSsr15drffiIs-d_ujGMYU/a36ed498bec4d87b/1BO921AcNyIXtG6Tu8eOw6U8QE1y9kTfe96r6lx5spY-1788711934-1.2.1.1-aPS3tmIZyw43YJC_rkmP1TBPkYk6bhEtChksASahOo40aZe6T80HMJOZjUozWtyZ:0
[  922886ms] Blocked a frame with origin "https://challenges.cloudflare.com" from accessing a frame with origin "http://localhost:3000".  The frame requesting access has a protocol of "https", the frame being accessed has a protocol of "http". Protocols must match.

    at unknown (https://challenges.cloudflare.com/cdn-cgi/challenge-platform/h/g/turnstile/f/av0/rchMAFTTRazh2Y7NIX_mht9mpG6DEjCs6tU4RrKEKw8_us-1788711934-1.3.1.1-rKOWAYgmkDqFhmZcCLZABEKmfZrOBnK_CioEHbJKPIA/n9tgo/0x4AAAAAADV3ju2YEd8uiR-k/dark/fbE/failure_retry/flexible?lang=auto:1:50031)
    at Hr (https://challenges.cloudflare.com/cdn-cgi/challenge-platform/h/g/turnstile/f/av0/rchMAFTTRazh2Y7NIX_mht9mpG6DEjCs6tU4RrKEKw8_us-1788711934-1.3.1.1-rKOWAYgmkDqFhmZcCLZABEKmfZrOBnK_CioEHbJKPIA/n9tgo/0x4AAAAAADV3ju2YEd8uiR-k/dark/fbE/failure_retry/flexible?lang=auto:1:195007)
    at Zjfhf (https://challenges.cloudflare.com/cdn-cgi/challenge-platform/h/g/turnstile/f/av0/rchMAFTTRazh2Y7NIX_mht9mpG6DEjCs6tU4RrKEKw8_us-1788711934-1.3.1.1-rKOWAYgmkDqFhmZcCLZABEKmfZrOBnK_CioEHbJKPIA/n9tgo/0x4AAAAAADV3ju2YEd8uiR-k/dark/fbE/failure_retry/flexible?lang=auto:1:145150)
    at H4 (https://challenges.cloudflare.com/cdn-cgi/challenge-platform/h/g/turnstile/f/av0/rchMAFTTRazh2Y7NIX_mht9mpG6DEjCs6tU4RrKEKw8_us-1788711934-1.3.1.1-rKOWAYgmkDqFhmZcCLZABEKmfZrOBnK_CioEHbJKPIA/n9tgo/0x4AAAAAADV3ju2YEd8uiR-k/dark/fbE/failure_retry/flexible?lang=auto:1:146302)
    at unknown (https://challenges.cloudflare.com/cdn-cgi/challenge-platform/h/g/turnstile/f/av0/rchMAFTTRazh2Y7NIX_mht9mpG6DEjCs6tU4RrKEKw8_us-1788711934-1.3.1.1-rKOWAYgmkDqFhmZcCLZABEKmfZrOBnK_CioEHbJKPIA/n9tgo/0x4AAAAAADV3ju2YEd8uiR-k/dark/fbE/failure_retry/flexible?lang=auto:1:49581)
    at Hr (https://challenges.cloudflare.com/cdn-cgi/challenge-platform/h/g/turnstile/f/av0/rchMAFTTRazh2Y7NIX_mht9mpG6DEjCs6tU4RrKEKw8_us-1788711934-1.3.1.1-rKOWAYgmkDqFhmZcCLZABEKmfZrOBnK_CioEHbJKPIA/n9tgo/0x4AAAAAADV3ju2YEd8uiR-k/dark/fbE/failure_retry/flexible?lang=auto:1:195007)
    at D (https://challenges.cloudflare.com/cdn-cgi/challenge-platform/h/g/turnstile/f/av0/rchMAFTTRazh2Y7NIX_mht9mpG6DEjCs6tU4RrKEKw8_us-1788711934-1.3.1.1-rKOWAYgmkDqFhmZcCLZABEKmfZrOBnK_CioEHbJKPIA/n9tgo/0x4AAAAAADV3ju2YEd8uiR-k/dark/fbE/failure_retry/flexible?lang=auto:1:117863)
    at He (https://challenges.cloudflare.com/cdn-cgi/challenge-platform/h/g/turnstile/f/av0/rchMAFTTRazh2Y7NIX_mht9mpG6DEjCs6tU4RrKEKw8_us-1788711934-1.3.1.1-rKOWAYgmkDqFhmZcCLZABEKmfZrOBnK_CioEHbJKPIA/n9tgo/0x4AAAAAADV3ju2YEd8uiR-k/dark/fbE/failure_retry/flexible?lang=auto:1:217482)
    at hAMso (https://challenges.cloudflare.com/cdn-cgi/challenge-platform/h/g/turnstile/f/av0/rchMAFTTRazh2Y7NIX_mht9mpG6DEjCs6tU4RrKEKw8_us-1788711934-1.3.1.1-rKOWAYgmkDqFhmZcCLZABEKmfZrOBnK_CioEHbJKPIA/n9tgo/0x4AAAAAADV3ju2YEd8uiR-k/dark/fbE/failure_retry/flexible?lang=auto:1:214124)
    at Hx (https://challenges.cloudflare.com/cdn-cgi/challenge-platform/h/g/turnstile/f/av0/rchMAFTTRazh2Y7NIX_mht9mpG6DEjCs6tU4RrKEKw8_us-1788711934-1.3.1.1-rKOWAYgmkDqFhmZcCLZABEKmfZrOBnK_CioEHbJKPIA/n9tgo/0x4AAAAAADV3ju2YEd8uiR-k/dark/fbE/failure_retry/flexible?lang=auto:1:215941)
[  923036ms] [ERROR] Failed to load resource: the server responded with a status of 400 () @ https://challenges.cloudflare.com/cdn-cgi/challenge-platform/h/g/fo/1197279624:1788707334:Txm0ocitY3JTXxkcL5r3OGSsr15drffiIs-d_ujGMYU/a36ed4d91b51d87b/IWzOXMMw7sLsl820D7msIA6OotGub_jq6kgfycSI.yo-1788711945-1.2.1.1-B_VP6MZT6vdKYiDYcacSM9vL_0L8vmlo3Ev7XajZ2UlYfvckNAREwVhbMia5U2cI:0
[  933202ms] Blocked a frame with origin "https://challenges.cloudflare.com" from accessing a frame with origin "http://localhost:3000".  The frame requesting access has a protocol of "https", the frame being accessed has a protocol of "http". Protocols must match.

    at unknown (https://challenges.cloudflare.com/cdn-cgi/challenge-platform/h/g/turnstile/f/av0/rchnrPrbk0EFkElAZH8f9pS05C_ZK_gmwlaXYAOrA_pkg0-1788711945-1.3.1.1-.dK32lE_D29EWDgBb9eEjMjcQrqLkIXWMbhdMRwh.Mg/n9tgo/0x4AAAAAADV3ju2YEd8uiR-k/dark/fbE/failure_retry/flexible?lang=auto:1:48632)
    at Hr (https://challenges.cloudflare.com/cdn-cgi/challenge-platform/h/g/turnstile/f/av0/rchnrPrbk0EFkElAZH8f9pS05C_ZK_gmwlaXYAOrA_pkg0-1788711945-1.3.1.1-.dK32lE_D29EWDgBb9eEjMjcQrqLkIXWMbhdMRwh.Mg/n9tgo/0x4AAAAAADV3ju2YEd8uiR-k/dark/fbE/failure_retry/flexible?lang=auto:1:147875)
    at H4 (https://challenges.cloudflare.com/cdn-cgi/challenge-platform/h/g/turnstile/f/av0/rchnrPrbk0EFkElAZH8f9pS05C_ZK_gmwlaXYAOrA_pkg0-1788711945-1.3.1.1-.dK32lE_D29EWDgBb9eEjMjcQrqLkIXWMbhdMRwh.Mg/n9tgo/0x4AAAAAADV3ju2YEd8uiR-k/dark/fbE/failure_retry/flexible?lang=auto:1:105557)
    at unknown (https://challenges.cloudflare.com/cdn-cgi/challenge-platform/h/g/turnstile/f/av0/rchnrPrbk0EFkElAZH8f9pS05C_ZK_gmwlaXYAOrA_pkg0-1788711945-1.3.1.1-.dK32lE_D29EWDgBb9eEjMjcQrqLkIXWMbhdMRwh.Mg/n9tgo/0x4AAAAAADV3ju2YEd8uiR-k/dark/fbE/failure_retry/flexible?lang=auto:1:48182)
    at Hr (https://challenges.cloudflare.com/cdn-cgi/challenge-platform/h/g/turnstile/f/av0/rchnrPrbk0EFkElAZH8f9pS05C_ZK_gmwlaXYAOrA_pkg0-1788711945-1.3.1.1-.dK32lE_D29EWDgBb9eEjMjcQrqLkIXWMbhdMRwh.Mg/n9tgo/0x4AAAAAADV3ju2YEd8uiR-k/dark/fbE/failure_retry/flexible?lang=auto:1:147875)
    at D (https://challenges.cloudflare.com/cdn-cgi/challenge-platform/h/g/turnstile/f/av0/rchnrPrbk0EFkElAZH8f9pS05C_ZK_gmwlaXYAOrA_pkg0-1788711945-1.3.1.1-.dK32lE_D29EWDgBb9eEjMjcQrqLkIXWMbhdMRwh.Mg/n9tgo/0x4AAAAAADV3ju2YEd8uiR-k/dark/fbE/failure_retry/flexible?lang=auto:1:234564)
    at He (https://challenges.cloudflare.com/cdn-cgi/challenge-platform/h/g/turnstile/f/av0/rchnrPrbk0EFkElAZH8f9pS05C_ZK_gmwlaXYAOrA_pkg0-1788711945-1.3.1.1-.dK32lE_D29EWDgBb9eEjMjcQrqLkIXWMbhdMRwh.Mg/n9tgo/0x4AAAAAADV3ju2YEd8uiR-k/dark/fbE/failure_retry/flexible?lang=auto:1:199955)
    at Hx (https://challenges.cloudflare.com/cdn-cgi/challenge-platform/h/g/turnstile/f/av0/rchnrPrbk0EFkElAZH8f9pS05C_ZK_gmwlaXYAOrA_pkg0-1788711945-1.3.1.1-.dK32lE_D29EWDgBb9eEjMjcQrqLkIXWMbhdMRwh.Mg/n9tgo/0x4AAAAAADV3ju2YEd8uiR-k/dark/fbE/failure_retry/flexible?lang=auto:1:198263)
[  933346ms] [ERROR] Failed to load resource: the server responded with a status of 400 () @ https://challenges.cloudflare.com/cdn-cgi/challenge-platform/h/g/fo/1197279624:1788707334:Txm0ocitY3JTXxkcL5r3OGSsr15drffiIs-d_ujGMYU/a36ed519997cd87b/M5fu1zpOb237IDYUkjBLXuL_fqqsYRnzf63hhwAveDI-1788711955-1.2.1.1-1eZmkCvmTqW.dwRzj1uRQgrfrbYTWZm0ae_MokcT1nv7FTIfIS5JzLTW0F2tFg4n:0
[  943431ms] Blocked a frame with origin "https://challenges.cloudflare.com" from accessing a frame with origin "http://localhost:3000".  The frame requesting access has a protocol of "https", the frame being accessed has a protocol of "http". Protocols must match.

    at unknown (https://challenges.cloudflare.com/cdn-cgi/challenge-platform/h/g/turnstile/f/av0/rchQwU2zbyQYMqpK.IdOhNfcRWkGIwEXKSP7rEbBHPNjEw-1788711955-1.3.1.1-sLFE4CuQ9OJxPa7nOHUs9T9w8ulpy.mYpyj8jtyZzs4/n9tgo/0x4AAAAAADV3ju2YEd8uiR-k/dark/fbE/failure_retry/flexible?lang=auto:1:50047)
    at rA (https://challenges.cloudflare.com/cdn-cgi/challenge-platform/h/g/turnstile/f/av0/rchQwU2zbyQYMqpK.IdOhNfcRWkGIwEXKSP7rEbBHPNjEw-1788711955-1.3.1.1-sLFE4CuQ9OJxPa7nOHUs9T9w8ulpy.mYpyj8jtyZzs4/n9tgo/0x4AAAAAADV3ju2YEd8uiR-k/dark/fbE/failure_retry/flexible?lang=auto:1:202975)
    at zpGHG (https://challenges.cloudflare.com/cdn-cgi/challenge-platform/h/g/turnstile/f/av0/rchQwU2zbyQYMqpK.IdOhNfcRWkGIwEXKSP7rEbBHPNjEw-1788711955-1.3.1.1-sLFE4CuQ9OJxPa7nOHUs9T9w8ulpy.mYpyj8jtyZzs4/n9tgo/0x4AAAAAADV3ju2YEd8uiR-k/dark/fbE/failure_retry/flexible?lang=auto:1:118389)
    at r4 (https://challenges.cloudflare.com/cdn-cgi/challenge-platform/h/g/turnstile/f/av0/rchQwU2zbyQYMqpK.IdOhNfcRWkGIwEXKSP7rEbBHPNjEw-1788711955-1.3.1.1-sLFE4CuQ9OJxPa7nOHUs9T9w8ulpy.mYpyj8jtyZzs4/n9tgo/0x4AAAAAADV3ju2YEd8uiR-k/dark/fbE/failure_retry/flexible?lang=auto:1:119717)
    at unknown (https://challenges.cloudflare.com/cdn-cgi/challenge-platform/h/g/turnstile/f/av0/rchQwU2zbyQYMqpK.IdOhNfcRWkGIwEXKSP7rEbBHPNjEw-1788711955-1.3.1.1-sLFE4CuQ9OJxPa7nOHUs9T9w8ulpy.mYpyj8jtyZzs4/n9tgo/0x4AAAAAADV3ju2YEd8uiR-k/dark/fbE/failure_retry/flexible?lang=auto:1:49597)
    at rA (https://challenges.cloudflare.com/cdn-cgi/challenge-platform/h/g/turnstile/f/av0/rchQwU2zbyQYMqpK.IdOhNfcRWkGIwEXKSP7rEbBHPNjEw-1788711955-1.3.1.1-sLFE4CuQ9OJxPa7nOHUs9T9w8ulpy.mYpyj8jtyZzs4/n9tgo/0x4AAAAAADV3ju2YEd8uiR-k/dark/fbE/failure_retry/flexible?lang=auto:1:202975)
    at Q (https://challenges.cloudflare.com/cdn-cgi/challenge-platform/h/g/turnstile/f/av0/rchQwU2zbyQYMqpK.IdOhNfcRWkGIwEXKSP7rEbBHPNjEw-1788711955-1.3.1.1-sLFE4CuQ9OJxPa7nOHUs9T9w8ulpy.mYpyj8jtyZzs4/n9tgo/0x4AAAAAADV3ju2YEd8uiR-k/dark/fbE/failure_retry/flexible?lang=auto:1:174878)
    at NtNgx (https://challenges.cloudflare.com/cdn-cgi/challenge-platform/h/g/turnstile/f/av0/rchQwU2zbyQYMqpK.IdOhNfcRWkGIwEXKSP7rEbBHPNjEw-1788711955-1.3.1.1-sLFE4CuQ9OJxPa7nOHUs9T9w8ulpy.mYpyj8jtyZzs4/n9tgo/0x4AAAAAADV3ju2YEd8uiR-k/dark/fbE/failure_retry/flexible?lang=auto:1:129302)
    at rf (https://challenges.cloudflare.com/cdn-cgi/challenge-platform/h/g/turnstile/f/av0/rchQwU2zbyQYMqpK.IdOhNfcRWkGIwEXKSP7rEbBHPNjEw-1788711955-1.3.1.1-sLFE4CuQ9OJxPa7nOHUs9T9w8ulpy.mYpyj8jtyZzs4/n9tgo/0x4AAAAAADV3ju2YEd8uiR-k/dark/fbE/failure_retry/flexible?lang=auto:1:136930)
    at rl (https://challenges.cloudflare.com/cdn-cgi/challenge-platform/h/g/turnstile/f/av0/rchQwU2zbyQYMqpK.IdOhNfcRWkGIwEXKSP7rEbBHPNjEw-1788711955-1.3.1.1-sLFE4CuQ9OJxPa7nOHUs9T9w8ulpy.mYpyj8jtyZzs4/n9tgo/0x4AAAAAADV3ju2YEd8uiR-k/dark/fbE/failure_retry/flexible?lang=auto:1:131573)
[  943576ms] [ERROR] Failed to load resource: the server responded with a status of 400 () @ https://challenges.cloudflare.com/cdn-cgi/challenge-platform/h/g/fo/1197279624:1788707334:Txm0ocitY3JTXxkcL5r3OGSsr15drffiIs-d_ujGMYU/a36ed5598d35d87b/33lMJC2RqgwZChEDZOUpWnlIgq4AsSb80nggx__s0tg-1788711965-1.2.1.1-E3M4De0_U6uGA9Xxz_D.ZSp3CedI.4xIbYoM7t3ZmkWPFQSOIbx21ZLiH4YH4vjv:0
[  953679ms] Blocked a frame with origin "https://challenges.cloudflare.com" from accessing a frame with origin "http://localhost:3000".  The frame requesting access has a protocol of "https", the frame being accessed has a protocol of "http". Protocols must match.

    at unknown (https://challenges.cloudflare.com/cdn-cgi/challenge-platform/h/g/turnstile/f/av0/rch7_gIFtUZkW12qgyQpF3Bp1MLp0eyIG8CjrPj71CyCwE-1788711965-1.3.1.1-O7hqkvZkmIQiyFjirKkqEgEcUyOvw0DcmNaP9SoARwc/n9tgo/0x4AAAAAADV3ju2YEd8uiR-k/dark/fbE/failure_retry/flexible?lang=auto:1:49988)
    at rA (https://challenges.cloudflare.com/cdn-cgi/challenge-platform/h/g/turnstile/f/av0/rch7_gIFtUZkW12qgyQpF3Bp1MLp0eyIG8CjrPj71CyCwE-1788711965-1.3.1.1-O7hqkvZkmIQiyFjirKkqEgEcUyOvw0DcmNaP9SoARwc/n9tgo/0x4AAAAAADV3ju2YEd8uiR-k/dark/fbE/failure_retry/flexible?lang=auto:1:119347)
    at r4 (https://challenges.cloudflare.com/cdn-cgi/challenge-platform/h/g/turnstile/f/av0/rch7_gIFtUZkW12qgyQpF3Bp1MLp0eyIG8CjrPj71CyCwE-1788711965-1.3.1.1-O7hqkvZkmIQiyFjirKkqEgEcUyOvw0DcmNaP9SoARwc/n9tgo/0x4AAAAAADV3ju2YEd8uiR-k/dark/fbE/failure_retry/flexible?lang=auto:1:251883)
    at unknown (https://challenges.cloudflare.com/cdn-cgi/challenge-platform/h/g/turnstile/f/av0/rch7_gIFtUZkW12qgyQpF3Bp1MLp0eyIG8CjrPj71CyCwE-1788711965-1.3.1.1-O7hqkvZkmIQiyFjirKkqEgEcUyOvw0DcmNaP9SoARwc/n9tgo/0x4AAAAAADV3ju2YEd8uiR-k/dark/fbE/failure_retry/flexible?lang=auto:1:49538)
    at rA (https://challenges.cloudflare.com/cdn-cgi/challenge-platform/h/g/turnstile/f/av0/rch7_gIFtUZkW12qgyQpF3Bp1MLp0eyIG8CjrPj71CyCwE-1788711965-1.3.1.1-O7hqkvZkmIQiyFjirKkqEgEcUyOvw0DcmNaP9SoARwc/n9tgo/0x4AAAAAADV3ju2YEd8uiR-k/dark/fbE/failure_retry/flexible?lang=auto:1:119347)
    at IhNaC (https://challenges.cloudflare.com/cdn-cgi/challenge-platform/h/g/turnstile/f/av0/rch7_gIFtUZkW12qgyQpF3Bp1MLp0eyIG8CjrPj71CyCwE-1788711965-1.3.1.1-O7hqkvZkmIQiyFjirKkqEgEcUyOvw0DcmNaP9SoARwc/n9tgo/0x4AAAAAADV3ju2YEd8uiR-k/dark/fbE/failure_retry/flexible?lang=auto:1:188791)
    at Q (https://challenges.cloudflare.com/cdn-cgi/challenge-platform/h/g/turnstile/f/av0/rch7_gIFtUZkW12qgyQpF3Bp1MLp0eyIG8CjrPj71CyCwE-1788711965-1.3.1.1-O7hqkvZkmIQiyFjirKkqEgEcUyOvw0DcmNaP9SoARwc/n9tgo/0x4AAAAAADV3ju2YEd8uiR-k/dark/fbE/failure_retry/flexible?lang=auto:1:197337)
    at YPFgS (https://challenges.cloudflare.com/cdn-cgi/challenge-platform/h/g/turnstile/f/av0/rch7_gIFtUZkW12qgyQpF3Bp1MLp0eyIG8CjrPj71CyCwE-1788711965-1.3.1.1-O7hqkvZkmIQiyFjirKkqEgEcUyOvw0DcmNaP9SoARwc/n9tgo/0x4AAAAAADV3ju2YEd8uiR-k/dark/fbE/failure_retry/flexible?lang=auto:1:234699)
    at rf (https://challenges.cloudflare.com/cdn-cgi/challenge-platform/h/g/turnstile/f/av0/rch7_gIFtUZkW12qgyQpF3Bp1MLp0eyIG8CjrPj71CyCwE-1788711965-1.3.1.1-O7hqkvZkmIQiyFjirKkqEgEcUyOvw0DcmNaP9SoARwc/n9tgo/0x4AAAAAADV3ju2YEd8uiR-k/dark/fbE/failure_retry/flexible?lang=auto:1:243233)
    at OvEBL (https://challenges.cloudflare.com/cdn-cgi/challenge-platform/h/g/turnstile/f/av0/rch7_gIFtUZkW12qgyQpF3Bp1MLp0eyIG8CjrPj71CyCwE-1788711965-1.3.1.1-O7hqkvZkmIQiyFjirKkqEgEcUyOvw0DcmNaP9SoARwc/n9tgo/0x4AAAAAADV3ju2YEd8uiR-k/dark/fbE/failure_retry/flexible?lang=auto:1:235174)
    at rl (https://challenges.cloudflare.com/cdn-cgi/challenge-platform/h/g/turnstile/f/av0/rch7_gIFtUZkW12qgyQpF3Bp1MLp0eyIG8CjrPj71CyCwE-1788711965-1.3.1.1-O7hqkvZkmIQiyFjirKkqEgEcUyOvw0DcmNaP9SoARwc/n9tgo/0x4AAAAAADV3ju2YEd8uiR-k/dark/fbE/failure_retry/flexible?lang=auto:1:237306)
[  953831ms] [ERROR] Failed to load resource: the server responded with a status of 400 () @ https://challenges.cloudflare.com/cdn-cgi/challenge-platform/h/g/fo/1197279624:1788707334:Txm0ocitY3JTXxkcL5r3OGSsr15drffiIs-d_ujGMYU/a36ed5998a29d87b/jbpjkfo5JJ1lMKBQ6_C8j4.UWZ8oJLsVP2JRQI2DisM-1788711975-1.2.1.1-H8VH27IKsyk2P0veO3culUeBXPHAZK3HyoWE3LxhL62iaodWIiAon4G7BQUwwqC3:0
[  963991ms] Blocked a frame with origin "https://challenges.cloudflare.com" from accessing a frame with origin "http://localhost:3000".  The frame requesting access has a protocol of "https", the frame being accessed has a protocol of "http". Protocols must match.

    at unknown (https://challenges.cloudflare.com/cdn-cgi/challenge-platform/h/g/turnstile/f/av0/rchR8a3wAnrn5WwWo2qdq_gihO2FdM5N0wvMeDk2MQ6VCk-1788711975-1.3.1.1-Wr7WlHqehR0c9iid_DNb8sba7kTRbcnUT_AB35QQ3Ic/n9tgo/0x4AAAAAADV3ju2YEd8uiR-k/dark/fbE/failure_retry/flexible?lang=auto:1:49667)
    at Hr (https://challenges.cloudflare.com/cdn-cgi/challenge-platform/h/g/turnstile/f/av0/rchR8a3wAnrn5WwWo2qdq_gihO2FdM5N0wvMeDk2MQ6VCk-1788711975-1.3.1.1-Wr7WlHqehR0c9iid_DNb8sba7kTRbcnUT_AB35QQ3Ic/n9tgo/0x4AAAAAADV3ju2YEd8uiR-k/dark/fbE/failure_retry/flexible?lang=auto:1:62453)
    at H4 (https://challenges.cloudflare.com/cdn-cgi/challenge-platform/h/g/turnstile/f/av0/rchR8a3wAnrn5WwWo2qdq_gihO2FdM5N0wvMeDk2MQ6VCk-1788711975-1.3.1.1-Wr7WlHqehR0c9iid_DNb8sba7kTRbcnUT_AB35QQ3Ic/n9tgo/0x4AAAAAADV3ju2YEd8uiR-k/dark/fbE/failure_retry/flexible?lang=auto:1:70462)
    at unknown (https://challenges.cloudflare.com/cdn-cgi/challenge-platform/h/g/turnstile/f/av0/rchR8a3wAnrn5WwWo2qdq_gihO2FdM5N0wvMeDk2MQ6VCk-1788711975-1.3.1.1-Wr7WlHqehR0c9iid_DNb8sba7kTRbcnUT_AB35QQ3Ic/n9tgo/0x4AAAAAADV3ju2YEd8uiR-k/dark/fbE/failure_retry/flexible?lang=auto:1:49217)
    at Hr (https://challenges.cloudflare.com/cdn-cgi/challenge-platform/h/g/turnstile/f/av0/rchR8a3wAnrn5WwWo2qdq_gihO2FdM5N0wvMeDk2MQ6VCk-1788711975-1.3.1.1-Wr7WlHqehR0c9iid_DNb8sba7kTRbcnUT_AB35QQ3Ic/n9tgo/0x4AAAAAADV3ju2YEd8uiR-k/dark/fbE/failure_retry/flexible?lang=auto:1:62453)
    at WmmKF (https://challenges.cloudflare.com/cdn-cgi/challenge-platform/h/g/turnstile/f/av0/rchR8a3wAnrn5WwWo2qdq_gihO2FdM5N0wvMeDk2MQ6VCk-1788711975-1.3.1.1-Wr7WlHqehR0c9iid_DNb8sba7kTRbcnUT_AB35QQ3Ic/n9tgo/0x4AAAAAADV3ju2YEd8uiR-k/dark/fbE/failure_retry/flexible?lang=auto:1:162781)
    at D (https://challenges.cloudflare.com/cdn-cgi/challenge-platform/h/g/turnstile/f/av0/rchR8a3wAnrn5WwWo2qdq_gihO2FdM5N0wvMeDk2MQ6VCk-1788711975-1.3.1.1-Wr7WlHqehR0c9iid_DNb8sba7kTRbcnUT_AB35QQ3Ic/n9tgo/0x4AAAAAADV3ju2YEd8uiR-k/dark/fbE/failure_retry/flexible?lang=auto:1:171124)
    at He (https://challenges.cloudflare.com/cdn-cgi/challenge-platform/h/g/turnstile/f/av0/rchR8a3wAnrn5WwWo2qdq_gihO2FdM5N0wvMeDk2MQ6VCk-1788711975-1.3.1.1-Wr7WlHqehR0c9iid_DNb8sba7kTRbcnUT_AB35QQ3Ic/n9tgo/0x4AAAAAADV3ju2YEd8uiR-k/dark/fbE/failure_retry/flexible?lang=auto:1:228881)
    at Hx (https://challenges.cloudflare.com/cdn-cgi/challenge-platform/h/g/turnstile/f/av0/rchR8a3wAnrn5WwWo2qdq_gihO2FdM5N0wvMeDk2MQ6VCk-1788711975-1.3.1.1-Wr7WlHqehR0c9iid_DNb8sba7kTRbcnUT_AB35QQ3Ic/n9tgo/0x4AAAAAADV3ju2YEd8uiR-k/dark/fbE/failure_retry/flexible?lang=auto:1:223605)
[  964139ms] [ERROR] Failed to load resource: the server responded with a status of 400 () @ https://challenges.cloudflare.com/cdn-cgi/challenge-platform/h/g/fo/1197279624:1788707334:Txm0ocitY3JTXxkcL5r3OGSsr15drffiIs-d_ujGMYU/a36ed5d9db3ad87b/P2yMUptj.JiztJiF_SS7qDP9SJWJ8FJvlomxOTLoME0-1788711986-1.2.1.1-qeL.tA_8I2xHIcJxo4CU_nU9p8k1i7vVHNQ4lrZsY3ZmRnxkucVEM_fMglMrfhUG:0
[  974291ms] Blocked a frame with origin "https://challenges.cloudflare.com" from accessing a frame with origin "http://localhost:3000".  The frame requesting access has a protocol of "https", the frame being accessed has a protocol of "http". Protocols must match.

    at unknown (https://challenges.cloudflare.com/cdn-cgi/challenge-platform/h/g/turnstile/f/av0/rchS9vR5fwx4Euh4OZokgWHPgBo4Kfrl8qZ9odXtO8OAKE-1788711986-1.3.1.1-Zul5FsBQ6P60QAPN74MXh9oyNEFZUg68A99HgC3vMmE/n9tgo/0x4AAAAAADV3ju2YEd8uiR-k/dark/fbE/failure_retry/flexible?lang=auto:1:49171)
    at rA (https://challenges.cloudflare.com/cdn-cgi/challenge-platform/h/g/turnstile/f/av0/rchS9vR5fwx4Euh4OZokgWHPgBo4Kfrl8qZ9odXtO8OAKE-1788711986-1.3.1.1-Zul5FsBQ6P60QAPN74MXh9oyNEFZUg68A99HgC3vMmE/n9tgo/0x4AAAAAADV3ju2YEd8uiR-k/dark/fbE/failure_retry/flexible?lang=auto:1:77792)
    at r4 (https://challenges.cloudflare.com/cdn-cgi/challenge-platform/h/g/turnstile/f/av0/rchS9vR5fwx4Euh4OZokgWHPgBo4Kfrl8qZ9odXtO8OAKE-1788711986-1.3.1.1-Zul5FsBQ6P60QAPN74MXh9oyNEFZUg68A99HgC3vMmE/n9tgo/0x4AAAAAADV3ju2YEd8uiR-k/dark/fbE/failure_retry/flexible?lang=auto:1:180779)
    at unknown (https://challenges.cloudflare.com/cdn-cgi/challenge-platform/h/g/turnstile/f/av0/rchS9vR5fwx4Euh4OZokgWHPgBo4Kfrl8qZ9odXtO8OAKE-1788711986-1.3.1.1-Zul5FsBQ6P60QAPN74MXh9oyNEFZUg68A99HgC3vMmE/n9tgo/0x4AAAAAADV3ju2YEd8uiR-k/dark/fbE/failure_retry/flexible?lang=auto:1:48721)
    at rA (https://challenges.cloudflare.com/cdn-cgi/challenge-platform/h/g/turnstile/f/av0/rchS9vR5fwx4Euh4OZokgWHPgBo4Kfrl8qZ9odXtO8OAKE-1788711986-1.3.1.1-Zul5FsBQ6P60QAPN74MXh9oyNEFZUg68A99HgC3vMmE/n9tgo/0x4AAAAAADV3ju2YEd8uiR-k/dark/fbE/failure_retry/flexible?lang=auto:1:77792)
    at QYJqx (https://challenges.cloudflare.com/cdn-cgi/challenge-platform/h/g/turnstile/f/av0/rchS9vR5fwx4Euh4OZokgWHPgBo4Kfrl8qZ9odXtO8OAKE-1788711986-1.3.1.1-Zul5FsBQ6P60QAPN74MXh9oyNEFZUg68A99HgC3vMmE/n9tgo/0x4AAAAAADV3ju2YEd8uiR-k/dark/fbE/failure_retry/flexible?lang=auto:1:162000)
    at Q (https://challenges.cloudflare.com/cdn-cgi/challenge-platform/h/g/turnstile/f/av0/rchS9vR5fwx4Euh4OZokgWHPgBo4Kfrl8qZ9odXtO8OAKE-1788711986-1.3.1.1-Zul5FsBQ6P60QAPN74MXh9oyNEFZUg68A99HgC3vMmE/n9tgo/0x4AAAAAADV3ju2YEd8uiR-k/dark/fbE/failure_retry/flexible?lang=auto:1:170568)
    at rf (https://challenges.cloudflare.com/cdn-cgi/challenge-platform/h/g/turnstile/f/av0/rchS9vR5fwx4Euh4OZokgWHPgBo4Kfrl8qZ9odXtO8OAKE-1788711986-1.3.1.1-Zul5FsBQ6P60QAPN74MXh9oyNEFZUg68A99HgC3vMmE/n9tgo/0x4AAAAAADV3ju2YEd8uiR-k/dark/fbE/failure_retry/flexible?lang=auto:1:232034)
    at rl (https://challenges.cloudflare.com/cdn-cgi/challenge-platform/h/g/turnstile/f/av0/rchS9vR5fwx4Euh4OZokgWHPgBo4Kfrl8qZ9odXtO8OAKE-1788711986-1.3.1.1-Zul5FsBQ6P60QAPN74MXh9oyNEFZUg68A99HgC3vMmE/n9tgo/0x4AAAAAADV3ju2YEd8uiR-k/dark/fbE/failure_retry/flexible?lang=auto:1:230781)
[  974439ms] [ERROR] Failed to load resource: the server responded with a status of 400 () @ https://challenges.cloudflare.com/cdn-cgi/challenge-platform/h/g/fo/1197279624:1788707334:Txm0ocitY3JTXxkcL5r3OGSsr15drffiIs-d_ujGMYU/a36ed61a6af1d87b/piKYi0y2hbcowf6HfWvDVIKwiaTGsGeFLGREoxvqA04-1788711996-1.2.1.1-q5uq5xOFU8vZ4v.rphy.Qn6yi_nslMSJkOF6ufzvIkOWTIJoqHpgwjW9x7T4CNqi:0
[  984658ms] Blocked a frame with origin "https://challenges.cloudflare.com" from accessing a frame with origin "http://localhost:3000".  The frame requesting access has a protocol of "https", the frame being accessed has a protocol of "http". Protocols must match.

    at unknown (https://challenges.cloudflare.com/cdn-cgi/challenge-platform/h/g/turnstile/f/av0/rchTGHzFZa5yA24HbhVWrzZ6G.RywJQMmtIsWqCSFpttAA-1788711996-1.3.1.1-OMgXBTUDvUGwWTNLV6_78BkQng7jTrmTk8.SJSmqB3o/n9tgo/0x4AAAAAADV3ju2YEd8uiR-k/dark/fbE/failure_retry/flexible?lang=auto:1:49412)
    at rA (https://challenges.cloudflare.com/cdn-cgi/challenge-platform/h/g/turnstile/f/av0/rchTGHzFZa5yA24HbhVWrzZ6G.RywJQMmtIsWqCSFpttAA-1788711996-1.3.1.1-OMgXBTUDvUGwWTNLV6_78BkQng7jTrmTk8.SJSmqB3o/n9tgo/0x4AAAAAADV3ju2YEd8uiR-k/dark/fbE/failure_retry/flexible?lang=auto:1:81827)
    at r4 (https://challenges.cloudflare.com/cdn-cgi/challenge-platform/h/g/turnstile/f/av0/rchTGHzFZa5yA24HbhVWrzZ6G.RywJQMmtIsWqCSFpttAA-1788711996-1.3.1.1-OMgXBTUDvUGwWTNLV6_78BkQng7jTrmTk8.SJSmqB3o/n9tgo/0x4AAAAAADV3ju2YEd8uiR-k/dark/fbE/failure_retry/flexible?lang=auto:1:145864)
    at unknown (https://challenges.cloudflare.com/cdn-cgi/challenge-platform/h/g/turnstile/f/av0/rchTGHzFZa5yA24HbhVWrzZ6G.RywJQMmtIsWqCSFpttAA-1788711996-1.3.1.1-OMgXBTUDvUGwWTNLV6_78BkQng7jTrmTk8.SJSmqB3o/n9tgo/0x4AAAAAADV3ju2YEd8uiR-k/dark/fbE/failure_retry/flexible?lang=auto:1:48962)
    at rA (https://challenges.cloudflare.com/cdn-cgi/challenge-platform/h/g/turnstile/f/av0/rchTGHzFZa5yA24HbhVWrzZ6G.RywJQMmtIsWqCSFpttAA-1788711996-1.3.1.1-OMgXBTUDvUGwWTNLV6_78BkQng7jTrmTk8.SJSmqB3o/n9tgo/0x4AAAAAADV3ju2YEd8uiR-k/dark/fbE/failure_retry/flexible?lang=auto:1:81827)
    at ILdXM (https://challenges.cloudflare.com/cdn-cgi/challenge-platform/h/g/turnstile/f/av0/rchTGHzFZa5yA24HbhVWrzZ6G.RywJQMmtIsWqCSFpttAA-1788711996-1.3.1.1-OMgXBTUDvUGwWTNLV6_78BkQng7jTrmTk8.SJSmqB3o/n9tgo/0x4AAAAAADV3ju2YEd8uiR-k/dark/fbE/failure_retry/flexible?lang=auto:1:232646)
    at Q (https://challenges.cloudflare.com/cdn-cgi/challenge-platform/h/g/turnstile/f/av0/rchTGHzFZa5yA24HbhVWrzZ6G.RywJQMmtIsWqCSFpttAA-1788711996-1.3.1.1-OMgXBTUDvUGwWTNLV6_78BkQng7jTrmTk8.SJSmqB3o/n9tgo/0x4AAAAAADV3ju2YEd8uiR-k/dark/fbE/failure_retry/flexible?lang=auto:1:241067)
    at lwjgw (https://challenges.cloudflare.com/cdn-cgi/challenge-platform/h/g/turnstile/f/av0/rchTGHzFZa5yA24HbhVWrzZ6G.RywJQMmtIsWqCSFpttAA-1788711996-1.3.1.1-OMgXBTUDvUGwWTNLV6_78BkQng7jTrmTk8.SJSmqB3o/n9tgo/0x4AAAAAADV3ju2YEd8uiR-k/dark/fbE/failure_retry/flexible?lang=auto:1:170164)
    at rf (https://challenges.cloudflare.com/cdn-cgi/challenge-platform/h/g/turnstile/f/av0/rchTGHzFZa5yA24HbhVWrzZ6G.RywJQMmtIsWqCSFpttAA-1788711996-1.3.1.1-OMgXBTUDvUGwWTNLV6_78BkQng7jTrmTk8.SJSmqB3o/n9tgo/0x4AAAAAADV3ju2YEd8uiR-k/dark/fbE/failure_retry/flexible?lang=auto:1:174696)
    at rl (https://challenges.cloudflare.com/cdn-cgi/challenge-platform/h/g/turnstile/f/av0/rchTGHzFZa5yA24HbhVWrzZ6G.RywJQMmtIsWqCSFpttAA-1788711996-1.3.1.1-OMgXBTUDvUGwWTNLV6_78BkQng7jTrmTk8.SJSmqB3o/n9tgo/0x4AAAAAADV3ju2YEd8uiR-k/dark/fbE/failure_retry/flexible?lang=auto:1:172638)
[  984990ms] [ERROR] Failed to load resource: the server responded with a status of 400 () @ https://challenges.cloudflare.com/cdn-cgi/challenge-platform/h/g/fo/1197279624:1788707334:Txm0ocitY3JTXxkcL5r3OGSsr15drffiIs-d_ujGMYU/a36ed65aaf0ad87b/OlWwcjinlT3CTLIumTazKow3Bu7W8QxwmL3sPA5dMqw-1788712006-1.2.1.1-ZfEwQKOX7Eye0hLpyB70698wMhQPjs7DVcEXvswel6K7EMfdLj6f_RdBWc8Lp1lV:0
[  995139ms] Blocked a frame with origin "https://challenges.cloudflare.com" from accessing a frame with origin "http://localhost:3000".  The frame requesting access has a protocol of "https", the frame being accessed has a protocol of "http". Protocols must match.

    at unknown (https://challenges.cloudflare.com/cdn-cgi/challenge-platform/h/g/turnstile/f/av0/rchPtJ5XKQESoe5zs2YWXEr3RE2T6G0rOyBxaWrU4CM3RM-1788712006-1.3.1.1-.Lw3SdYfKDsW2L.AGDC1QKnOlrShqAu0z.u5dg6KVwk/n9tgo/0x4AAAAAADV3ju2YEd8uiR-k/dark/fbE/failure_retry/flexible?lang=auto:1:49363)
    at rA (https://challenges.cloudflare.com/cdn-cgi/challenge-platform/h/g/turnstile/f/av0/rchPtJ5XKQESoe5zs2YWXEr3RE2T6G0rOyBxaWrU4CM3RM-1788712006-1.3.1.1-.Lw3SdYfKDsW2L.AGDC1QKnOlrShqAu0z.u5dg6KVwk/n9tgo/0x4AAAAAADV3ju2YEd8uiR-k/dark/fbE/failure_retry/flexible?lang=auto:1:59158)
    at xMfCq (https://challenges.cloudflare.com/cdn-cgi/challenge-platform/h/g/turnstile/f/av0/rchPtJ5XKQESoe5zs2YWXEr3RE2T6G0rOyBxaWrU4CM3RM-1788712006-1.3.1.1-.Lw3SdYfKDsW2L.AGDC1QKnOlrShqAu0z.u5dg6KVwk/n9tgo/0x4AAAAAADV3ju2YEd8uiR-k/dark/fbE/failure_retry/flexible?lang=auto:1:229241)
    at r4 (https://challenges.cloudflare.com/cdn-cgi/challenge-platform/h/g/turnstile/f/av0/rchPtJ5XKQESoe5zs2YWXEr3RE2T6G0rOyBxaWrU4CM3RM-1788712006-1.3.1.1-.Lw3SdYfKDsW2L.AGDC1QKnOlrShqAu0z.u5dg6KVwk/n9tgo/0x4AAAAAADV3ju2YEd8uiR-k/dark/fbE/failure_retry/flexible?lang=auto:1:230544)
    at unknown (https://challenges.cloudflare.com/cdn-cgi/challenge-platform/h/g/turnstile/f/av0/rchPtJ5XKQESoe5zs2YWXEr3RE2T6G0rOyBxaWrU4CM3RM-1788712006-1.3.1.1-.Lw3SdYfKDsW2L.AGDC1QKnOlrShqAu0z.u5dg6KVwk/n9tgo/0x4AAAAAADV3ju2YEd8uiR-k/dark/fbE/failure_retry/flexible?lang=auto:1:48913)
    at rA (https://challenges.cloudflare.com/cdn-cgi/challenge-platform/h/g/turnstile/f/av0/rchPtJ5XKQESoe5zs2YWXEr3RE2T6G0rOyBxaWrU4CM3RM-1788712006-1.3.1.1-.Lw3SdYfKDsW2L.AGDC1QKnOlrShqAu0z.u5dg6KVwk/n9tgo/0x4AAAAAADV3ju2YEd8uiR-k/dark/fbE/failure_retry/flexible?lang=auto:1:59158)
    at sAXZm (https://challenges.cloudflare.com/cdn-cgi/challenge-platform/h/g/turnstile/f/av0/rchPtJ5XKQESoe5zs2YWXEr3RE2T6G0rOyBxaWrU4CM3RM-1788712006-1.3.1.1-.Lw3SdYfKDsW2L.AGDC1QKnOlrShqAu0z.u5dg6KVwk/n9tgo/0x4AAAAAADV3ju2YEd8uiR-k/dark/fbE/failure_retry/flexible?lang=auto:1:125714)
    at Q (https://challenges.cloudflare.com/cdn-cgi/challenge-platform/h/g/turnstile/f/av0/rchPtJ5XKQESoe5zs2YWXEr3RE2T6G0rOyBxaWrU4CM3RM-1788712006-1.3.1.1-.Lw3SdYfKDsW2L.AGDC1QKnOlrShqAu0z.u5dg6KVwk/n9tgo/0x4AAAAAADV3ju2YEd8uiR-k/dark/fbE/failure_retry/flexible?lang=auto:1:134420)
    at rf (https://challenges.cloudflare.com/cdn-cgi/challenge-platform/h/g/turnstile/f/av0/rchPtJ5XKQESoe5zs2YWXEr3RE2T6G0rOyBxaWrU4CM3RM-1788712006-1.3.1.1-.Lw3SdYfKDsW2L.AGDC1QKnOlrShqAu0z.u5dg6KVwk/n9tgo/0x4AAAAAADV3ju2YEd8uiR-k/dark/fbE/failure_retry/flexible?lang=auto:1:157763)
    at zYOeS (https://challenges.cloudflare.com/cdn-cgi/challenge-platform/h/g/turnstile/f/av0/rchPtJ5XKQESoe5zs2YWXEr3RE2T6G0rOyBxaWrU4CM3RM-1788712006-1.3.1.1-.Lw3SdYfKDsW2L.AGDC1QKnOlrShqAu0z.u5dg6KVwk/n9tgo/0x4AAAAAADV3ju2YEd8uiR-k/dark/fbE/failure_retry/flexible?lang=auto:1:149638)
    at rl (https://challenges.cloudflare.com/cdn-cgi/challenge-platform/h/g/turnstile/f/av0/rchPtJ5XKQESoe5zs2YWXEr3RE2T6G0rOyBxaWrU4CM3RM-1788712006-1.3.1.1-.Lw3SdYfKDsW2L.AGDC1QKnOlrShqAu0z.u5dg6KVwk/n9tgo/0x4AAAAAADV3ju2YEd8uiR-k/dark/fbE/failure_retry/flexible?lang=auto:1:151624)
[  995287ms] [ERROR] Failed to load resource: the server responded with a status of 400 () @ https://challenges.cloudflare.com/cdn-cgi/challenge-platform/h/g/fo/1197279624:1788707334:Txm0ocitY3JTXxkcL5r3OGSsr15drffiIs-d_ujGMYU/a36ed69c7916d87b/_ZeUSF5F4dLksd2NkIhqcgJhl2IX4CJ038ebyBIyI0E-1788712017-1.2.1.1-Bo8TgS6Fh654G3N5azNLWXvJgLLHqBpzDRDFbDKUHj2L4RhUTmJu316oMGwLo9VF:0
[ 1005429ms] Blocked a frame with origin "https://challenges.cloudflare.com" from accessing a frame with origin "http://localhost:3000".  The frame requesting access has a protocol of "https", the frame being accessed has a protocol of "http". Protocols must match.

    at unknown (https://challenges.cloudflare.com/cdn-cgi/challenge-platform/h/g/turnstile/f/av0/rch2Uj4iUUPkHVc7hnGpY2zvxI0if34qjq8b6Q0Tmot03g-1788712017-1.3.1.1-V9q8PH45WeBWV1DV5q58I2W1gsRNXpiR8csMuP_A5wo/n9tgo/0x4AAAAAADV3ju2YEd8uiR-k/dark/fbE/failure_retry/flexible?lang=auto:1:48576)
    at rA (https://challenges.cloudflare.com/cdn-cgi/challenge-platform/h/g/turnstile/f/av0/rch2Uj4iUUPkHVc7hnGpY2zvxI0if34qjq8b6Q0Tmot03g-1788712017-1.3.1.1-V9q8PH45WeBWV1DV5q58I2W1gsRNXpiR8csMuP_A5wo/n9tgo/0x4AAAAAADV3ju2YEd8uiR-k/dark/fbE/failure_retry/flexible?lang=auto:1:221345)
    at xhXsR (https://challenges.cloudflare.com/cdn-cgi/challenge-platform/h/g/turnstile/f/av0/rch2Uj4iUUPkHVc7hnGpY2zvxI0if34qjq8b6Q0Tmot03g-1788712017-1.3.1.1-V9q8PH45WeBWV1DV5q58I2W1gsRNXpiR8csMuP_A5wo/n9tgo/0x4AAAAAADV3ju2YEd8uiR-k/dark/fbE/failure_retry/flexible?lang=auto:1:230496)
    at r4 (https://challenges.cloudflare.com/cdn-cgi/challenge-platform/h/g/turnstile/f/av0/rch2Uj4iUUPkHVc7hnGpY2zvxI0if34qjq8b6Q0Tmot03g-1788712017-1.3.1.1-V9q8PH45WeBWV1DV5q58I2W1gsRNXpiR8csMuP_A5wo/n9tgo/0x4AAAAAADV3ju2YEd8uiR-k/dark/fbE/failure_retry/flexible?lang=auto:1:231583)
    at unknown (https://challenges.cloudflare.com/cdn-cgi/challenge-platform/h/g/turnstile/f/av0/rch2Uj4iUUPkHVc7hnGpY2zvxI0if34qjq8b6Q0Tmot03g-1788712017-1.3.1.1-V9q8PH45WeBWV1DV5q58I2W1gsRNXpiR8csMuP_A5wo/n9tgo/0x4AAAAAADV3ju2YEd8uiR-k/dark/fbE/failure_retry/flexible?lang=auto:1:48126)
    at rA (https://challenges.cloudflare.com/cdn-cgi/challenge-platform/h/g/turnstile/f/av0/rch2Uj4iUUPkHVc7hnGpY2zvxI0if34qjq8b6Q0Tmot03g-1788712017-1.3.1.1-V9q8PH45WeBWV1DV5q58I2W1gsRNXpiR8csMuP_A5wo/n9tgo/0x4AAAAAADV3ju2YEd8uiR-k/dark/fbE/failure_retry/flexible?lang=auto:1:221345)
    at csDho (https://challenges.cloudflare.com/cdn-cgi/challenge-platform/h/g/turnstile/f/av0/rch2Uj4iUUPkHVc7hnGpY2zvxI0if34qjq8b6Q0Tmot03g-1788712017-1.3.1.1-V9q8PH45WeBWV1DV5q58I2W1gsRNXpiR8csMuP_A5wo/n9tgo/0x4AAAAAADV3ju2YEd8uiR-k/dark/fbE/failure_retry/flexible?lang=auto:1:187157)
    at Q (https://challenges.cloudflare.com/cdn-cgi/challenge-platform/h/g/turnstile/f/av0/rch2Uj4iUUPkHVc7hnGpY2zvxI0if34qjq8b6Q0Tmot03g-1788712017-1.3.1.1-V9q8PH45WeBWV1DV5q58I2W1gsRNXpiR8csMuP_A5wo/n9tgo/0x4AAAAAADV3ju2YEd8uiR-k/dark/fbE/failure_retry/flexible?lang=auto:1:188082)
    at sMpxQ (https://challenges.cloudflare.com/cdn-cgi/challenge-platform/h/g/turnstile/f/av0/rch2Uj4iUUPkHVc7hnGpY2zvxI0if34qjq8b6Q0Tmot03g-1788712017-1.3.1.1-V9q8PH45WeBWV1DV5q58I2W1gsRNXpiR8csMuP_A5wo/n9tgo/0x4AAAAAADV3ju2YEd8uiR-k/dark/fbE/failure_retry/flexible?lang=auto:1:88726)
    at rf (https://challenges.cloudflare.com/cdn-cgi/challenge-platform/h/g/turnstile/f/av0/rch2Uj4iUUPkHVc7hnGpY2zvxI0if34qjq8b6Q0Tmot03g-1788712017-1.3.1.1-V9q8PH45WeBWV1DV5q58I2W1gsRNXpiR8csMuP_A5wo/n9tgo/0x4AAAAAADV3ju2YEd8uiR-k/dark/fbE/failure_retry/flexible?lang=auto:1:95555)
    at rl (https://challenges.cloudflare.com/cdn-cgi/challenge-platform/h/g/turnstile/f/av0/rch2Uj4iUUPkHVc7hnGpY2zvxI0if34qjq8b6Q0Tmot03g-1788712017-1.3.1.1-V9q8PH45WeBWV1DV5q58I2W1gsRNXpiR8csMuP_A5wo/n9tgo/0x4AAAAAADV3ju2YEd8uiR-k/dark/fbE/failure_retry/flexible?lang=auto:1:90862)
[ 1005576ms] [ERROR] Failed to load resource: the server responded with a status of 400 () @ https://challenges.cloudflare.com/cdn-cgi/challenge-platform/h/g/fo/1197279624:1788707334:Txm0ocitY3JTXxkcL5r3OGSsr15drffiIs-d_ujGMYU/a36ed6dcbcc5d87b/0B9R1DrmnTXkKjvZMsUdQXygvGFdV4fZTxsVbp6wsfg-1788712027-1.2.1.1-bDqE7nre1fqVH2nKcK6tSZ6aoyX8YeL1TfToTywbui4hZJVebY4NvP3QQJOdWeAH:0
[ 1015749ms] Blocked a frame with origin "https://challenges.cloudflare.com" from accessing a frame with origin "http://localhost:3000".  The frame requesting access has a protocol of "https", the frame being accessed has a protocol of "http". Protocols must match.

    at unknown (https://challenges.cloudflare.com/cdn-cgi/challenge-platform/h/g/turnstile/f/av0/rchzZcWL3PDayEYulFAx5OFwzKxWHiGub3aRFNzIvK79Ug-1788712027-1.3.1.1-f8vSkP.JudVTXbqxA7E3WEFfO9v3VnysquAZgejYGXU/n9tgo/0x4AAAAAADV3ju2YEd8uiR-k/dark/fbE/failure_retry/flexible?lang=auto:1:49060)
    at Hr (https://challenges.cloudflare.com/cdn-cgi/challenge-platform/h/g/turnstile/f/av0/rchzZcWL3PDayEYulFAx5OFwzKxWHiGub3aRFNzIvK79Ug-1788712027-1.3.1.1-f8vSkP.JudVTXbqxA7E3WEFfO9v3VnysquAZgejYGXU/n9tgo/0x4AAAAAADV3ju2YEd8uiR-k/dark/fbE/failure_retry/flexible?lang=auto:1:65633)
    at H4 (https://challenges.cloudflare.com/cdn-cgi/challenge-platform/h/g/turnstile/f/av0/rchzZcWL3PDayEYulFAx5OFwzKxWHiGub3aRFNzIvK79Ug-1788712027-1.3.1.1-f8vSkP.JudVTXbqxA7E3WEFfO9v3VnysquAZgejYGXU/n9tgo/0x4AAAAAADV3ju2YEd8uiR-k/dark/fbE/failure_retry/flexible?lang=auto:1:250454)
    at unknown (https://challenges.cloudflare.com/cdn-cgi/challenge-platform/h/g/turnstile/f/av0/rchzZcWL3PDayEYulFAx5OFwzKxWHiGub3aRFNzIvK79Ug-1788712027-1.3.1.1-f8vSkP.JudVTXbqxA7E3WEFfO9v3VnysquAZgejYGXU/n9tgo/0x4AAAAAADV3ju2YEd8uiR-k/dark/fbE/failure_retry/flexible?lang=auto:1:48610)
    at Hr (https://challenges.cloudflare.com/cdn-cgi/challenge-platform/h/g/turnstile/f/av0/rchzZcWL3PDayEYulFAx5OFwzKxWHiGub3aRFNzIvK79Ug-1788712027-1.3.1.1-f8vSkP.JudVTXbqxA7E3WEFfO9v3VnysquAZgejYGXU/n9tgo/0x4AAAAAADV3ju2YEd8uiR-k/dark/fbE/failure_retry/flexible?lang=auto:1:65633)
    at CRqak (https://challenges.cloudflare.com/cdn-cgi/challenge-platform/h/g/turnstile/f/av0/rchzZcWL3PDayEYulFAx5OFwzKxWHiGub3aRFNzIvK79Ug-1788712027-1.3.1.1-f8vSkP.JudVTXbqxA7E3WEFfO9v3VnysquAZgejYGXU/n9tgo/0x4AAAAAADV3ju2YEd8uiR-k/dark/fbE/failure_retry/flexible?lang=auto:1:171859)
    at D (https://challenges.cloudflare.com/cdn-cgi/challenge-platform/h/g/turnstile/f/av0/rchzZcWL3PDayEYulFAx5OFwzKxWHiGub3aRFNzIvK79Ug-1788712027-1.3.1.1-f8vSkP.JudVTXbqxA7E3WEFfO9v3VnysquAZgejYGXU/n9tgo/0x4AAAAAADV3ju2YEd8uiR-k/dark/fbE/failure_retry/flexible?lang=auto:1:183068)
    at He (https://challenges.cloudflare.com/cdn-cgi/challenge-platform/h/g/turnstile/f/av0/rchzZcWL3PDayEYulFAx5OFwzKxWHiGub3aRFNzIvK79Ug-1788712027-1.3.1.1-f8vSkP.JudVTXbqxA7E3WEFfO9v3VnysquAZgejYGXU/n9tgo/0x4AAAAAADV3ju2YEd8uiR-k/dark/fbE/failure_retry/flexible?lang=auto:1:237821)
    at SgAKx (https://challenges.cloudflare.com/cdn-cgi/challenge-platform/h/g/turnstile/f/av0/rchzZcWL3PDayEYulFAx5OFwzKxWHiGub3aRFNzIvK79Ug-1788712027-1.3.1.1-f8vSkP.JudVTXbqxA7E3WEFfO9v3VnysquAZgejYGXU/n9tgo/0x4AAAAAADV3ju2YEd8uiR-k/dark/fbE/failure_retry/flexible?lang=auto:1:233978)
    at Hx (https://challenges.cloudflare.com/cdn-cgi/challenge-platform/h/g/turnstile/f/av0/rchzZcWL3PDayEYulFAx5OFwzKxWHiGub3aRFNzIvK79Ug-1788712027-1.3.1.1-f8vSkP.JudVTXbqxA7E3WEFfO9v3VnysquAZgejYGXU/n9tgo/0x4AAAAAADV3ju2YEd8uiR-k/dark/fbE/failure_retry/flexible?lang=auto:1:236213)
[ 1015888ms] [ERROR] Failed to load resource: the server responded with a status of 400 () @ https://challenges.cloudflare.com/cdn-cgi/challenge-platform/h/g/fo/1197279624:1788707334:Txm0ocitY3JTXxkcL5r3OGSsr15drffiIs-d_ujGMYU/a36ed71cfb58d87b/puqRL6MmU0ho5qe.JFpYMtVCO38eJu0fSBSbXo.WNV8-1788712037-1.2.1.1-x8ivY_kVBYb8HJcdQH6rEinpPsOWgBJfgh0CP6T9pu0WZywZpGlRVIqH98OV19gG:0
[ 1026000ms] Blocked a frame with origin "https://challenges.cloudflare.com" from accessing a frame with origin "http://localhost:3000".  The frame requesting access has a protocol of "https", the frame being accessed has a protocol of "http". Protocols must match.

    at unknown (https://challenges.cloudflare.com/cdn-cgi/challenge-platform/h/g/turnstile/f/av0/rchUBMB.GtM8273qPK7VdTqTb5jHSUftZ.JIAwNRauonZc-1788712037-1.3.1.1-n3e6GNUz0avYm2VH9c6X29vgPIii3b3XZx6XSioxIaE/n9tgo/0x4AAAAAADV3ju2YEd8uiR-k/dark/fbE/failure_retry/flexible?lang=auto:1:49718)
    at HP (https://challenges.cloudflare.com/cdn-cgi/challenge-platform/h/g/turnstile/f/av0/rchUBMB.GtM8273qPK7VdTqTb5jHSUftZ.JIAwNRauonZc-1788712037-1.3.1.1-n3e6GNUz0avYm2VH9c6X29vgPIii3b3XZx6XSioxIaE/n9tgo/0x4AAAAAADV3ju2YEd8uiR-k/dark/fbE/failure_retry/flexible?lang=auto:1:208212)
    at H5 (https://challenges.cloudflare.com/cdn-cgi/challenge-platform/h/g/turnstile/f/av0/rchUBMB.GtM8273qPK7VdTqTb5jHSUftZ.JIAwNRauonZc-1788712037-1.3.1.1-n3e6GNUz0avYm2VH9c6X29vgPIii3b3XZx6XSioxIaE/n9tgo/0x4AAAAAADV3ju2YEd8uiR-k/dark/fbE/failure_retry/flexible?lang=auto:1:127813)
    at unknown (https://challenges.cloudflare.com/cdn-cgi/challenge-platform/h/g/turnstile/f/av0/rchUBMB.GtM8273qPK7VdTqTb5jHSUftZ.JIAwNRauonZc-1788712037-1.3.1.1-n3e6GNUz0avYm2VH9c6X29vgPIii3b3XZx6XSioxIaE/n9tgo/0x4AAAAAADV3ju2YEd8uiR-k/dark/fbE/failure_retry/flexible?lang=auto:1:49268)
    at HP (https://challenges.cloudflare.com/cdn-cgi/challenge-platform/h/g/turnstile/f/av0/rchUBMB.GtM8273qPK7VdTqTb5jHSUftZ.JIAwNRauonZc-1788712037-1.3.1.1-n3e6GNUz0avYm2VH9c6X29vgPIii3b3XZx6XSioxIaE/n9tgo/0x4AAAAAADV3ju2YEd8uiR-k/dark/fbE/failure_retry/flexible?lang=auto:1:208212)
    at flVeF (https://challenges.cloudflare.com/cdn-cgi/challenge-platform/h/g/turnstile/f/av0/rchUBMB.GtM8273qPK7VdTqTb5jHSUftZ.JIAwNRauonZc-1788712037-1.3.1.1-n3e6GNUz0avYm2VH9c6X29vgPIii3b3XZx6XSioxIaE/n9tgo/0x4AAAAAADV3ju2YEd8uiR-k/dark/fbE/failure_retry/flexible?lang=auto:1:91391)
    at J0 (https://challenges.cloudflare.com/cdn-cgi/challenge-platform/h/g/turnstile/f/av0/rchUBMB.GtM8273qPK7VdTqTb5jHSUftZ.JIAwNRauonZc-1788712037-1.3.1.1-n3e6GNUz0avYm2VH9c6X29vgPIii3b3XZx6XSioxIaE/n9tgo/0x4AAAAAADV3ju2YEd8uiR-k/dark/fbE/failure_retry/flexible?lang=auto:1:92879)
    at He (https://challenges.cloudflare.com/cdn-cgi/challenge-platform/h/g/turnstile/f/av0/rchUBMB.GtM8273qPK7VdTqTb5jHSUftZ.JIAwNRauonZc-1788712037-1.3.1.1-n3e6GNUz0avYm2VH9c6X29vgPIii3b3XZx6XSioxIaE/n9tgo/0x4AAAAAADV3ju2YEd8uiR-k/dark/fbE/failure_retry/flexible?lang=auto:1:229115)
    at Hx (https://challenges.cloudflare.com/cdn-cgi/challenge-platform/h/g/turnstile/f/av0/rchUBMB.GtM8273qPK7VdTqTb5jHSUftZ.JIAwNRauonZc-1788712037-1.3.1.1-n3e6GNUz0avYm2VH9c6X29vgPIii3b3XZx6XSioxIaE/n9tgo/0x4AAAAAADV3ju2YEd8uiR-k/dark/fbE/failure_retry/flexible?lang=auto:1:224982)
[ 1026153ms] [ERROR] Failed to load resource: the server responded with a status of 400 () @ https://challenges.cloudflare.com/cdn-cgi/challenge-platform/h/g/fo/1197279624:1788707334:Txm0ocitY3JTXxkcL5r3OGSsr15drffiIs-d_ujGMYU/a36ed75d7cb3d87b/PuF6HXt_FGpSGyXP28ZYf96bmDasPomNRni20H6LFuE-1788712048-1.2.1.1-6BCvsc69nWgxWRfbjTNv9dwmvG8GV7NRb2q4QRe2UwYJCPUxl_H7yevM8oMnIV5s:0
[ 1036616ms] Blocked a frame with origin "https://challenges.cloudflare.com" from accessing a frame with origin "http://localhost:3000".  The frame requesting access has a protocol of "https", the frame being accessed has a protocol of "http". Protocols must match.

    at unknown (https://challenges.cloudflare.com/cdn-cgi/challenge-platform/h/g/turnstile/f/av0/rch0xsdcC9NLyYSKGVC7Z.b3TowoxGpyp5BnPqy4OiSzCs-1788712048-1.3.1.1-xLGmqhPKI62zm040HMrDXJpocX3hzOrlJeznIGdITMg/n9tgo/0x4AAAAAADV3ju2YEd8uiR-k/dark/fbE/failure_retry/flexible?lang=auto:1:49860)
    at rA (https://challenges.cloudflare.com/cdn-cgi/challenge-platform/h/g/turnstile/f/av0/rch0xsdcC9NLyYSKGVC7Z.b3TowoxGpyp5BnPqy4OiSzCs-1788712048-1.3.1.1-xLGmqhPKI62zm040HMrDXJpocX3hzOrlJeznIGdITMg/n9tgo/0x4AAAAAADV3ju2YEd8uiR-k/dark/fbE/failure_retry/flexible?lang=auto:1:241254)
    at Ehzbx (https://challenges.cloudflare.com/cdn-cgi/challenge-platform/h/g/turnstile/f/av0/rch0xsdcC9NLyYSKGVC7Z.b3TowoxGpyp5BnPqy4OiSzCs-1788712048-1.3.1.1-xLGmqhPKI62zm040HMrDXJpocX3hzOrlJeznIGdITMg/n9tgo/0x4AAAAAADV3ju2YEd8uiR-k/dark/fbE/failure_retry/flexible?lang=auto:1:119064)
    at r4 (https://challenges.cloudflare.com/cdn-cgi/challenge-platform/h/g/turnstile/f/av0/rch0xsdcC9NLyYSKGVC7Z.b3TowoxGpyp5BnPqy4OiSzCs-1788712048-1.3.1.1-xLGmqhPKI62zm040HMrDXJpocX3hzOrlJeznIGdITMg/n9tgo/0x4AAAAAADV3ju2YEd8uiR-k/dark/fbE/failure_retry/flexible?lang=auto:1:120309)
    at unknown (https://challenges.cloudflare.com/cdn-cgi/challenge-platform/h/g/turnstile/f/av0/rch0xsdcC9NLyYSKGVC7Z.b3TowoxGpyp5BnPqy4OiSzCs-1788712048-1.3.1.1-xLGmqhPKI62zm040HMrDXJpocX3hzOrlJeznIGdITMg/n9tgo/0x4AAAAAADV3ju2YEd8uiR-k/dark/fbE/failure_retry/flexible?lang=auto:1:49410)
    at rA (https://challenges.cloudflare.com/cdn-cgi/challenge-platform/h/g/turnstile/f/av0/rch0xsdcC9NLyYSKGVC7Z.b3TowoxGpyp5BnPqy4OiSzCs-1788712048-1.3.1.1-xLGmqhPKI62zm040HMrDXJpocX3hzOrlJeznIGdITMg/n9tgo/0x4AAAAAADV3ju2YEd8uiR-k/dark/fbE/failure_retry/flexible?lang=auto:1:241254)
    at Q (https://challenges.cloudflare.com/cdn-cgi/challenge-platform/h/g/turnstile/f/av0/rch0xsdcC9NLyYSKGVC7Z.b3TowoxGpyp5BnPqy4OiSzCs-1788712048-1.3.1.1-xLGmqhPKI62zm040HMrDXJpocX3hzOrlJeznIGdITMg/n9tgo/0x4AAAAAADV3ju2YEd8uiR-k/dark/fbE/failure_retry/flexible?lang=auto:1:229677)
    at QjgJS (https://challenges.cloudflare.com/cdn-cgi/challenge-platform/h/g/turnstile/f/av0/rch0xsdcC9NLyYSKGVC7Z.b3TowoxGpyp5BnPqy4OiSzCs-1788712048-1.3.1.1-xLGmqhPKI62zm040HMrDXJpocX3hzOrlJeznIGdITMg/n9tgo/0x4AAAAAADV3ju2YEd8uiR-k/dark/fbE/failure_retry/flexible?lang=auto:1:82242)
    at rf (https://challenges.cloudflare.com/cdn-cgi/challenge-platform/h/g/turnstile/f/av0/rch0xsdcC9NLyYSKGVC7Z.b3TowoxGpyp5BnPqy4OiSzCs-1788712048-1.3.1.1-xLGmqhPKI62zm040HMrDXJpocX3hzOrlJeznIGdITMg/n9tgo/0x4AAAAAADV3ju2YEd8uiR-k/dark/fbE/failure_retry/flexible?lang=auto:1:89146)
    at xmYua (https://challenges.cloudflare.com/cdn-cgi/challenge-platform/h/g/turnstile/f/av0/rch0xsdcC9NLyYSKGVC7Z.b3TowoxGpyp5BnPqy4OiSzCs-1788712048-1.3.1.1-xLGmqhPKI62zm040HMrDXJpocX3hzOrlJeznIGdITMg/n9tgo/0x4AAAAAADV3ju2YEd8uiR-k/dark/fbE/failure_retry/flexible?lang=auto:1:82564)
    at rl (https://challenges.cloudflare.com/cdn-cgi/challenge-platform/h/g/turnstile/f/av0/rch0xsdcC9NLyYSKGVC7Z.b3TowoxGpyp5BnPqy4OiSzCs-1788712048-1.3.1.1-xLGmqhPKI62zm040HMrDXJpocX3hzOrlJeznIGdITMg/n9tgo/0x4AAAAAADV3ju2YEd8uiR-k/dark/fbE/failure_retry/flexible?lang=auto:1:84424)
[ 1036672ms] [ERROR] Failed to load resource: the server responded with a status of 400 () @ https://challenges.cloudflare.com/cdn-cgi/challenge-platform/h/g/fo/1197279624:1788707334:Txm0ocitY3JTXxkcL5r3OGSsr15drffiIs-d_ujGMYU/a36ed79e0c0bd87b/siGc60psa.XKQjnXt6f6BZOl8R9XH6o4OpCXuCYwb4g-1788712058-1.2.1.1-01ndhHGbCuTTKOVHjR8c8PNJ.LmUkOvyV2N.pn6OGHXcj8yI.kY0G3cLJX2iHIrL:0
[ 1046774ms] Blocked a frame with origin "https://challenges.cloudflare.com" from accessing a frame with origin "http://localhost:3000".  The frame requesting access has a protocol of "https", the frame being accessed has a protocol of "http". Protocols must match.

    at unknown (https://challenges.cloudflare.com/cdn-cgi/challenge-platform/h/g/turnstile/f/av0/rchytFrs20739Sm4Kp2Il6O2RxWuGjHXuGpao45LoTLO50-1788712058-1.3.1.1-Wc6jcoCtvVp2LCmrZ8joU3CDxpmt3URJpc1agw2zsn4/n9tgo/0x4AAAAAADV3ju2YEd8uiR-k/dark/fbE/failure_retry/flexible?lang=auto:1:49834)
    at rA (https://challenges.cloudflare.com/cdn-cgi/challenge-platform/h/g/turnstile/f/av0/rchytFrs20739Sm4Kp2Il6O2RxWuGjHXuGpao45LoTLO50-1788712058-1.3.1.1-Wc6jcoCtvVp2LCmrZ8joU3CDxpmt3URJpc1agw2zsn4/n9tgo/0x4AAAAAADV3ju2YEd8uiR-k/dark/fbE/failure_retry/flexible?lang=auto:1:142379)
    at r4 (https://challenges.cloudflare.com/cdn-cgi/challenge-platform/h/g/turnstile/f/av0/rchytFrs20739Sm4Kp2Il6O2RxWuGjHXuGpao45LoTLO50-1788712058-1.3.1.1-Wc6jcoCtvVp2LCmrZ8joU3CDxpmt3URJpc1agw2zsn4/n9tgo/0x4AAAAAADV3ju2YEd8uiR-k/dark/fbE/failure_retry/flexible?lang=auto:1:175547)
    at unknown (https://challenges.cloudflare.com/cdn-cgi/challenge-platform/h/g/turnstile/f/av0/rchytFrs20739Sm4Kp2Il6O2RxWuGjHXuGpao45LoTLO50-1788712058-1.3.1.1-Wc6jcoCtvVp2LCmrZ8joU3CDxpmt3URJpc1agw2zsn4/n9tgo/0x4AAAAAADV3ju2YEd8uiR-k/dark/fbE/failure_retry/flexible?lang=auto:1:49384)
    at rA (https://challenges.cloudflare.com/cdn-cgi/challenge-platform/h/g/turnstile/f/av0/rchytFrs20739Sm4Kp2Il6O2RxWuGjHXuGpao45LoTLO50-1788712058-1.3.1.1-Wc6jcoCtvVp2LCmrZ8joU3CDxpmt3URJpc1agw2zsn4/n9tgo/0x4AAAAAADV3ju2YEd8uiR-k/dark/fbE/failure_retry/flexible?lang=auto:1:142379)
    at WoXpz (https://challenges.cloudflare.com/cdn-cgi/challenge-platform/h/g/turnstile/f/av0/rchytFrs20739Sm4Kp2Il6O2RxWuGjHXuGpao45LoTLO50-1788712058-1.3.1.1-Wc6jcoCtvVp2LCmrZ8joU3CDxpmt3URJpc1agw2zsn4/n9tgo/0x4AAAAAADV3ju2YEd8uiR-k/dark/fbE/failure_retry/flexible?lang=auto:1:144391)
    at Q (https://challenges.cloudflare.com/cdn-cgi/challenge-platform/h/g/turnstile/f/av0/rchytFrs20739Sm4Kp2Il6O2RxWuGjHXuGpao45LoTLO50-1788712058-1.3.1.1-Wc6jcoCtvVp2LCmrZ8joU3CDxpmt3URJpc1agw2zsn4/n9tgo/0x4AAAAAADV3ju2YEd8uiR-k/dark/fbE/failure_retry/flexible?lang=auto:1:152844)
    at ObtdP (https://challenges.cloudflare.com/cdn-cgi/challenge-platform/h/g/turnstile/f/av0/rchytFrs20739Sm4Kp2Il6O2RxWuGjHXuGpao45LoTLO50-1788712058-1.3.1.1-Wc6jcoCtvVp2LCmrZ8joU3CDxpmt3URJpc1agw2zsn4/n9tgo/0x4AAAAAADV3ju2YEd8uiR-k/dark/fbE/failure_retry/flexible?lang=auto:1:226264)
    at rf (https://challenges.cloudflare.com/cdn-cgi/challenge-platform/h/g/turnstile/f/av0/rchytFrs20739Sm4Kp2Il6O2RxWuGjHXuGpao45LoTLO50-1788712058-1.3.1.1-Wc6jcoCtvVp2LCmrZ8joU3CDxpmt3URJpc1agw2zsn4/n9tgo/0x4AAAAAADV3ju2YEd8uiR-k/dark/fbE/failure_retry/flexible?lang=auto:1:234335)
    at rl (https://challenges.cloudflare.com/cdn-cgi/challenge-platform/h/g/turnstile/f/av0/rchytFrs20739Sm4Kp2Il6O2RxWuGjHXuGpao45LoTLO50-1788712058-1.3.1.1-Wc6jcoCtvVp2LCmrZ8joU3CDxpmt3URJpc1agw2zsn4/n9tgo/0x4AAAAAADV3ju2YEd8uiR-k/dark/fbE/failure_retry/flexible?lang=auto:1:228603)
[ 1046920ms] [ERROR] Failed to load resource: the server responded with a status of 400 () @ https://challenges.cloudflare.com/cdn-cgi/challenge-platform/h/g/fo/1197279624:1788707334:Txm0ocitY3JTXxkcL5r3OGSsr15drffiIs-d_ujGMYU/a36ed7df6cabd87b/3WAjxJZrwV8ei5dVZsXHCWgSmzrJcdCE2LTOiSVWa7w-1788712069-1.2.1.1-NKOQ_8b3sP61_puv8PNuHJFbg0zDczuSxn85SgAasRCqoFoxr5XGWAp5UCB7MAKi:0
[ 1057279ms] Blocked a frame with origin "https://challenges.cloudflare.com" from accessing a frame with origin "http://localhost:3000".  The frame requesting access has a protocol of "https", the frame being accessed has a protocol of "http". Protocols must match.

    at unknown (https://challenges.cloudflare.com/cdn-cgi/challenge-platform/h/g/turnstile/f/av0/rchN.pzH2PMsOsdn5ZO_RwavlLT91i7lINwdg_Jq8gogbM-1788712069-1.3.1.1-Qv6xiYadxIbqe9I6gOnZJdko5cIcv45cVvxObNJ_Gjk/n9tgo/0x4AAAAAADV3ju2YEd8uiR-k/dark/fbE/failure_retry/flexible?lang=auto:1:50213)
    at Hr (https://challenges.cloudflare.com/cdn-cgi/challenge-platform/h/g/turnstile/f/av0/rchN.pzH2PMsOsdn5ZO_RwavlLT91i7lINwdg_Jq8gogbM-1788712069-1.3.1.1-Qv6xiYadxIbqe9I6gOnZJdko5cIcv45cVvxObNJ_Gjk/n9tgo/0x4AAAAAADV3ju2YEd8uiR-k/dark/fbE/failure_retry/flexible?lang=auto:1:191694)
    at H4 (https://challenges.cloudflare.com/cdn-cgi/challenge-platform/h/g/turnstile/f/av0/rchN.pzH2PMsOsdn5ZO_RwavlLT91i7lINwdg_Jq8gogbM-1788712069-1.3.1.1-Qv6xiYadxIbqe9I6gOnZJdko5cIcv45cVvxObNJ_Gjk/n9tgo/0x4AAAAAADV3ju2YEd8uiR-k/dark/fbE/failure_retry/flexible?lang=auto:1:168900)
    at unknown (https://challenges.cloudflare.com/cdn-cgi/challenge-platform/h/g/turnstile/f/av0/rchN.pzH2PMsOsdn5ZO_RwavlLT91i7lINwdg_Jq8gogbM-1788712069-1.3.1.1-Qv6xiYadxIbqe9I6gOnZJdko5cIcv45cVvxObNJ_Gjk/n9tgo/0x4AAAAAADV3ju2YEd8uiR-k/dark/fbE/failure_retry/flexible?lang=auto:1:49763)
    at Hr (https://challenges.cloudflare.com/cdn-cgi/challenge-platform/h/g/turnstile/f/av0/rchN.pzH2PMsOsdn5ZO_RwavlLT91i7lINwdg_Jq8gogbM-1788712069-1.3.1.1-Qv6xiYadxIbqe9I6gOnZJdko5cIcv45cVvxObNJ_Gjk/n9tgo/0x4AAAAAADV3ju2YEd8uiR-k/dark/fbE/failure_retry/flexible?lang=auto:1:191694)
    at D (https://challenges.cloudflare.com/cdn-cgi/challenge-platform/h/g/turnstile/f/av0/rchN.pzH2PMsOsdn5ZO_RwavlLT91i7lINwdg_Jq8gogbM-1788712069-1.3.1.1-Qv6xiYadxIbqe9I6gOnZJdko5cIcv45cVvxObNJ_Gjk/n9tgo/0x4AAAAAADV3ju2YEd8uiR-k/dark/fbE/failure_retry/flexible?lang=auto:1:104962)
    at tANYt (https://challenges.cloudflare.com/cdn-cgi/challenge-platform/h/g/turnstile/f/av0/rchN.pzH2PMsOsdn5ZO_RwavlLT91i7lINwdg_Jq8gogbM-1788712069-1.3.1.1-Qv6xiYadxIbqe9I6gOnZJdko5cIcv45cVvxObNJ_Gjk/n9tgo/0x4AAAAAADV3ju2YEd8uiR-k/dark/fbE/failure_retry/flexible?lang=auto:1:209934)
    at He (https://challenges.cloudflare.com/cdn-cgi/challenge-platform/h/g/turnstile/f/av0/rchN.pzH2PMsOsdn5ZO_RwavlLT91i7lINwdg_Jq8gogbM-1788712069-1.3.1.1-Qv6xiYadxIbqe9I6gOnZJdko5cIcv45cVvxObNJ_Gjk/n9tgo/0x4AAAAAADV3ju2YEd8uiR-k/dark/fbE/failure_retry/flexible?lang=auto:1:213402)
    at Hx (https://challenges.cloudflare.com/cdn-cgi/challenge-platform/h/g/turnstile/f/av0/rchN.pzH2PMsOsdn5ZO_RwavlLT91i7lINwdg_Jq8gogbM-1788712069-1.3.1.1-Qv6xiYadxIbqe9I6gOnZJdko5cIcv45cVvxObNJ_Gjk/n9tgo/0x4AAAAAADV3ju2YEd8uiR-k/dark/fbE/failure_retry/flexible?lang=auto:1:212259)
[ 1057418ms] [ERROR] Failed to load resource: the server responded with a status of 400 () @ https://challenges.cloudflare.com/cdn-cgi/challenge-platform/h/g/fo/1197279624:1788707334:Txm0ocitY3JTXxkcL5r3OGSsr15drffiIs-d_ujGMYU/a36ed820a921d87b/Y1.SxJWtSkScZ6MY5O1ndD.jSsmHkHCQqX8gzV6FDuE-1788712079-1.2.1.1-T8YNknQpwjD_6quwpuzvqIFT9Lc8VpbRgu.YqDRirMRFSA8ywYe7E3rQ94EsQ80y:0
[ 1067569ms] Blocked a frame with origin "https://challenges.cloudflare.com" from accessing a frame with origin "http://localhost:3000".  The frame requesting access has a protocol of "https", the frame being accessed has a protocol of "http". Protocols must match.

    at unknown (https://challenges.cloudflare.com/cdn-cgi/challenge-platform/h/g/turnstile/f/av0/rchNMMdUnXTnbkKQvv57SlPPaWU1MudYG8fwqG3bADSYUI-1788712079-1.3.1.1-onxnLsiGv0sJ56NCkB3bbV5Um4anjyO8bLdkN8fU1D8/n9tgo/0x4AAAAAADV3ju2YEd8uiR-k/dark/fbE/failure_retry/flexible?lang=auto:1:49770)
    at Hr (https://challenges.cloudflare.com/cdn-cgi/challenge-platform/h/g/turnstile/f/av0/rchNMMdUnXTnbkKQvv57SlPPaWU1MudYG8fwqG3bADSYUI-1788712079-1.3.1.1-onxnLsiGv0sJ56NCkB3bbV5Um4anjyO8bLdkN8fU1D8/n9tgo/0x4AAAAAADV3ju2YEd8uiR-k/dark/fbE/failure_retry/flexible?lang=auto:1:78859)
    at rVPLJ (https://challenges.cloudflare.com/cdn-cgi/challenge-platform/h/g/turnstile/f/av0/rchNMMdUnXTnbkKQvv57SlPPaWU1MudYG8fwqG3bADSYUI-1788712079-1.3.1.1-onxnLsiGv0sJ56NCkB3bbV5Um4anjyO8bLdkN8fU1D8/n9tgo/0x4AAAAAADV3ju2YEd8uiR-k/dark/fbE/failure_retry/flexible?lang=auto:1:242205)
    at H4 (https://challenges.cloudflare.com/cdn-cgi/challenge-platform/h/g/turnstile/f/av0/rchNMMdUnXTnbkKQvv57SlPPaWU1MudYG8fwqG3bADSYUI-1788712079-1.3.1.1-onxnLsiGv0sJ56NCkB3bbV5Um4anjyO8bLdkN8fU1D8/n9tgo/0x4AAAAAADV3ju2YEd8uiR-k/dark/fbE/failure_retry/flexible?lang=auto:1:243699)
    at unknown (https://challenges.cloudflare.com/cdn-cgi/challenge-platform/h/g/turnstile/f/av0/rchNMMdUnXTnbkKQvv57SlPPaWU1MudYG8fwqG3bADSYUI-1788712079-1.3.1.1-onxnLsiGv0sJ56NCkB3bbV5Um4anjyO8bLdkN8fU1D8/n9tgo/0x4AAAAAADV3ju2YEd8uiR-k/dark/fbE/failure_retry/flexible?lang=auto:1:49320)
    at Hr (https://challenges.cloudflare.com/cdn-cgi/challenge-platform/h/g/turnstile/f/av0/rchNMMdUnXTnbkKQvv57SlPPaWU1MudYG8fwqG3bADSYUI-1788712079-1.3.1.1-onxnLsiGv0sJ56NCkB3bbV5Um4anjyO8bLdkN8fU1D8/n9tgo/0x4AAAAAADV3ju2YEd8uiR-k/dark/fbE/failure_retry/flexible?lang=auto:1:78859)
    at Lkeqk (https://challenges.cloudflare.com/cdn-cgi/challenge-platform/h/g/turnstile/f/av0/rchNMMdUnXTnbkKQvv57SlPPaWU1MudYG8fwqG3bADSYUI-1788712079-1.3.1.1-onxnLsiGv0sJ56NCkB3bbV5Um4anjyO8bLdkN8fU1D8/n9tgo/0x4AAAAAADV3ju2YEd8uiR-k/dark/fbE/failure_retry/flexible?lang=auto:1:171229)
    at D (https://challenges.cloudflare.com/cdn-cgi/challenge-platform/h/g/turnstile/f/av0/rchNMMdUnXTnbkKQvv57SlPPaWU1MudYG8fwqG3bADSYUI-1788712079-1.3.1.1-onxnLsiGv0sJ56NCkB3bbV5Um4anjyO8bLdkN8fU1D8/n9tgo/0x4AAAAAADV3ju2YEd8uiR-k/dark/fbE/failure_retry/flexible?lang=auto:1:180035)
    at TlHbf (https://challenges.cloudflare.com/cdn-cgi/challenge-platform/h/g/turnstile/f/av0/rchNMMdUnXTnbkKQvv57SlPPaWU1MudYG8fwqG3bADSYUI-1788712079-1.3.1.1-onxnLsiGv0sJ56NCkB3bbV5Um4anjyO8bLdkN8fU1D8/n9tgo/0x4AAAAAADV3ju2YEd8uiR-k/dark/fbE/failure_retry/flexible?lang=auto:1:90521)
    at He (https://challenges.cloudflare.com/cdn-cgi/challenge-platform/h/g/turnstile/f/av0/rchNMMdUnXTnbkKQvv57SlPPaWU1MudYG8fwqG3bADSYUI-1788712079-1.3.1.1-onxnLsiGv0sJ56NCkB3bbV5Um4anjyO8bLdkN8fU1D8/n9tgo/0x4AAAAAADV3ju2YEd8uiR-k/dark/fbE/failure_retry/flexible?lang=auto:1:94692)
    at Hx (https://challenges.cloudflare.com/cdn-cgi/challenge-platform/h/g/turnstile/f/av0/rchNMMdUnXTnbkKQvv57SlPPaWU1MudYG8fwqG3bADSYUI-1788712079-1.3.1.1-onxnLsiGv0sJ56NCkB3bbV5Um4anjyO8bLdkN8fU1D8/n9tgo/0x4AAAAAADV3ju2YEd8uiR-k/dark/fbE/failure_retry/flexible?lang=auto:1:93009)
[ 1067722ms] [ERROR] Failed to load resource: the server responded with a status of 400 () @ https://challenges.cloudflare.com/cdn-cgi/challenge-platform/h/g/fo/1197279624:1788707334:Txm0ocitY3JTXxkcL5r3OGSsr15drffiIs-d_ujGMYU/a36ed8613a4ad87b/BgTrl2Lur0XuLoIQDIuIVfzi68BKvB.f5DWFEL6ZqJI-1788712089-1.2.1.1-IVjjCO3eA0qmDiYkNehCOBD0rg0S6746gCeVka0XekP1nGEm9s.TLRdsugBhDzIM:0
[ 1077929ms] Blocked a frame with origin "https://challenges.cloudflare.com" from accessing a frame with origin "http://localhost:3000".  The frame requesting access has a protocol of "https", the frame being accessed has a protocol of "http". Protocols must match.

    at unknown (https://challenges.cloudflare.com/cdn-cgi/challenge-platform/h/g/turnstile/f/av0/rchBbcyV7gGGmUOMo4emu22PK6ZnRT7GHrtfwW7my1ZHGA-1788712089-1.3.1.1-Oq3ErE_XSp7RVNnhahTxvyUAW3AjUy18e6IVI0somQQ/n9tgo/0x4AAAAAADV3ju2YEd8uiR-k/dark/fbE/failure_retry/flexible?lang=auto:1:48678)
    at rA (https://challenges.cloudflare.com/cdn-cgi/challenge-platform/h/g/turnstile/f/av0/rchBbcyV7gGGmUOMo4emu22PK6ZnRT7GHrtfwW7my1ZHGA-1788712089-1.3.1.1-Oq3ErE_XSp7RVNnhahTxvyUAW3AjUy18e6IVI0somQQ/n9tgo/0x4AAAAAADV3ju2YEd8uiR-k/dark/fbE/failure_retry/flexible?lang=auto:1:73600)
    at r4 (https://challenges.cloudflare.com/cdn-cgi/challenge-platform/h/g/turnstile/f/av0/rchBbcyV7gGGmUOMo4emu22PK6ZnRT7GHrtfwW7my1ZHGA-1788712089-1.3.1.1-Oq3ErE_XSp7RVNnhahTxvyUAW3AjUy18e6IVI0somQQ/n9tgo/0x4AAAAAADV3ju2YEd8uiR-k/dark/fbE/failure_retry/flexible?lang=auto:1:58290)
    at unknown (https://challenges.cloudflare.com/cdn-cgi/challenge-platform/h/g/turnstile/f/av0/rchBbcyV7gGGmUOMo4emu22PK6ZnRT7GHrtfwW7my1ZHGA-1788712089-1.3.1.1-Oq3ErE_XSp7RVNnhahTxvyUAW3AjUy18e6IVI0somQQ/n9tgo/0x4AAAAAADV3ju2YEd8uiR-k/dark/fbE/failure_retry/flexible?lang=auto:1:48228)
    at rA (https://challenges.cloudflare.com/cdn-cgi/challenge-platform/h/g/turnstile/f/av0/rchBbcyV7gGGmUOMo4emu22PK6ZnRT7GHrtfwW7my1ZHGA-1788712089-1.3.1.1-Oq3ErE_XSp7RVNnhahTxvyUAW3AjUy18e6IVI0somQQ/n9tgo/0x4AAAAAADV3ju2YEd8uiR-k/dark/fbE/failure_retry/flexible?lang=auto:1:73600)
    at xUvBk (https://challenges.cloudflare.com/cdn-cgi/challenge-platform/h/g/turnstile/f/av0/rchBbcyV7gGGmUOMo4emu22PK6ZnRT7GHrtfwW7my1ZHGA-1788712089-1.3.1.1-Oq3ErE_XSp7RVNnhahTxvyUAW3AjUy18e6IVI0somQQ/n9tgo/0x4AAAAAADV3ju2YEd8uiR-k/dark/fbE/failure_retry/flexible?lang=auto:1:160243)
    at Q (https://challenges.cloudflare.com/cdn-cgi/challenge-platform/h/g/turnstile/f/av0/rchBbcyV7gGGmUOMo4emu22PK6ZnRT7GHrtfwW7my1ZHGA-1788712089-1.3.1.1-Oq3ErE_XSp7RVNnhahTxvyUAW3AjUy18e6IVI0somQQ/n9tgo/0x4AAAAAADV3ju2YEd8uiR-k/dark/fbE/failure_retry/flexible?lang=auto:1:170155)
    at MGBJL (https://challenges.cloudflare.com/cdn-cgi/challenge-platform/h/g/turnstile/f/av0/rchBbcyV7gGGmUOMo4emu22PK6ZnRT7GHrtfwW7my1ZHGA-1788712089-1.3.1.1-Oq3ErE_XSp7RVNnhahTxvyUAW3AjUy18e6IVI0somQQ/n9tgo/0x4AAAAAADV3ju2YEd8uiR-k/dark/fbE/failure_retry/flexible?lang=auto:1:136900)
    at rf (https://challenges.cloudflare.com/cdn-cgi/challenge-platform/h/g/turnstile/f/av0/rchBbcyV7gGGmUOMo4emu22PK6ZnRT7GHrtfwW7my1ZHGA-1788712089-1.3.1.1-Oq3ErE_XSp7RVNnhahTxvyUAW3AjUy18e6IVI0somQQ/n9tgo/0x4AAAAAADV3ju2YEd8uiR-k/dark/fbE/failure_retry/flexible?lang=auto:1:144458)
    at rl (https://challenges.cloudflare.com/cdn-cgi/challenge-platform/h/g/turnstile/f/av0/rchBbcyV7gGGmUOMo4emu22PK6ZnRT7GHrtfwW7my1ZHGA-1788712089-1.3.1.1-Oq3ErE_XSp7RVNnhahTxvyUAW3AjUy18e6IVI0somQQ/n9tgo/0x4AAAAAADV3ju2YEd8uiR-k/dark/fbE/failure_retry/flexible?lang=auto:1:139129)
[ 1078059ms] [ERROR] Failed to load resource: the server responded with a status of 400 () @ https://challenges.cloudflare.com/cdn-cgi/challenge-platform/h/g/fo/1197279624:1788707334:Txm0ocitY3JTXxkcL5r3OGSsr15drffiIs-d_ujGMYU/a36ed8a1afafd87b/jNu6E0FcC0j.xb0C3frXp1LtBU0zmzuoK0M.BIY8wCo-1788712100-1.2.1.1-3I48k6fps9lg1xvph7r3u1JNV1JxD63H8FhCk6F4Srr84FT93iJM6uKLPlE_n3Wk:0
[ 1088288ms] Blocked a frame with origin "https://challenges.cloudflare.com" from accessing a frame with origin "http://localhost:3000".  The frame requesting access has a protocol of "https", the frame being accessed has a protocol of "http". Protocols must match.

    at unknown (https://challenges.cloudflare.com/cdn-cgi/challenge-platform/h/g/turnstile/f/av0/rchZceLhlBEPRtJonIftEseS9S9lLB3tBsiC4x9juevsQ8-1788712100-1.3.1.1-srkwUm70JaXNfiLLO9HZJ6K2evUiJ0S.Fu.DagJ2RM4/n9tgo/0x4AAAAAADV3ju2YEd8uiR-k/dark/fbE/failure_retry/flexible?lang=auto:1:50213)
    at Hr (https://challenges.cloudflare.com/cdn-cgi/challenge-platform/h/g/turnstile/f/av0/rchZceLhlBEPRtJonIftEseS9S9lLB3tBsiC4x9juevsQ8-1788712100-1.3.1.1-srkwUm70JaXNfiLLO9HZJ6K2evUiJ0S.Fu.DagJ2RM4/n9tgo/0x4AAAAAADV3ju2YEd8uiR-k/dark/fbE/failure_retry/flexible?lang=auto:1:191694)
    at H4 (https://challenges.cloudflare.com/cdn-cgi/challenge-platform/h/g/turnstile/f/av0/rchZceLhlBEPRtJonIftEseS9S9lLB3tBsiC4x9juevsQ8-1788712100-1.3.1.1-srkwUm70JaXNfiLLO9HZJ6K2evUiJ0S.Fu.DagJ2RM4/n9tgo/0x4AAAAAADV3ju2YEd8uiR-k/dark/fbE/failure_retry/flexible?lang=auto:1:168900)
    at unknown (https://challenges.cloudflare.com/cdn-cgi/challenge-platform/h/g/turnstile/f/av0/rchZceLhlBEPRtJonIftEseS9S9lLB3tBsiC4x9juevsQ8-1788712100-1.3.1.1-srkwUm70JaXNfiLLO9HZJ6K2evUiJ0S.Fu.DagJ2RM4/n9tgo/0x4AAAAAADV3ju2YEd8uiR-k/dark/fbE/failure_retry/flexible?lang=auto:1:49763)
    at Hr (https://challenges.cloudflare.com/cdn-cgi/challenge-platform/h/g/turnstile/f/av0/rchZceLhlBEPRtJonIftEseS9S9lLB3tBsiC4x9juevsQ8-1788712100-1.3.1.1-srkwUm70JaXNfiLLO9HZJ6K2evUiJ0S.Fu.DagJ2RM4/n9tgo/0x4AAAAAADV3ju2YEd8uiR-k/dark/fbE/failure_retry/flexible?lang=auto:1:191694)
    at D (https://challenges.cloudflare.com/cdn-cgi/challenge-platform/h/g/turnstile/f/av0/rchZceLhlBEPRtJonIftEseS9S9lLB3tBsiC4x9juevsQ8-1788712100-1.3.1.1-srkwUm70JaXNfiLLO9HZJ6K2evUiJ0S.Fu.DagJ2RM4/n9tgo/0x4AAAAAADV3ju2YEd8uiR-k/dark/fbE/failure_retry/flexible?lang=auto:1:104962)
    at tANYt (https://challenges.cloudflare.com/cdn-cgi/challenge-platform/h/g/turnstile/f/av0/rchZceLhlBEPRtJonIftEseS9S9lLB3tBsiC4x9juevsQ8-1788712100-1.3.1.1-srkwUm70JaXNfiLLO9HZJ6K2evUiJ0S.Fu.DagJ2RM4/n9tgo/0x4AAAAAADV3ju2YEd8uiR-k/dark/fbE/failure_retry/flexible?lang=auto:1:209934)
    at He (https://challenges.cloudflare.com/cdn-cgi/challenge-platform/h/g/turnstile/f/av0/rchZceLhlBEPRtJonIftEseS9S9lLB3tBsiC4x9juevsQ8-1788712100-1.3.1.1-srkwUm70JaXNfiLLO9HZJ6K2evUiJ0S.Fu.DagJ2RM4/n9tgo/0x4AAAAAADV3ju2YEd8uiR-k/dark/fbE/failure_retry/flexible?lang=auto:1:213402)
    at Hx (https://challenges.cloudflare.com/cdn-cgi/challenge-platform/h/g/turnstile/f/av0/rchZceLhlBEPRtJonIftEseS9S9lLB3tBsiC4x9juevsQ8-1788712100-1.3.1.1-srkwUm70JaXNfiLLO9HZJ6K2evUiJ0S.Fu.DagJ2RM4/n9tgo/0x4AAAAAADV3ju2YEd8uiR-k/dark/fbE/failure_retry/flexible?lang=auto:1:212259)
[ 1088448ms] [ERROR] Failed to load resource: the server responded with a status of 400 () @ https://challenges.cloudflare.com/cdn-cgi/challenge-platform/h/g/fo/1197279624:1788707334:Txm0ocitY3JTXxkcL5r3OGSsr15drffiIs-d_ujGMYU/a36ed8e2ddd2d87b/TwC9Fs_L0JAUpt0XAkM56SZE53vCpKBtUF8uBJxroII-1788712110-1.2.1.1-qqQHlbJW3bOlc_qD2TWdEt4nq1WtU0G2i8OipTOEnaHFn7NCYLL9Kmnj91ZLDPCS:0
[ 1098733ms] Blocked a frame with origin "https://challenges.cloudflare.com" from accessing a frame with origin "http://localhost:3000".  The frame requesting access has a protocol of "https", the frame being accessed has a protocol of "http". Protocols must match.

    at unknown (https://challenges.cloudflare.com/cdn-cgi/challenge-platform/h/g/turnstile/f/av0/rchXQX40T_v8whnEv3NVK00YGD0HvSTo_D52MPglvubErQ-1788712110-1.3.1.1-YG45IlZKByVi9zZ918pw5hKSPL9pcQQO8E.u2z9gqSM/n9tgo/0x4AAAAAADV3ju2YEd8uiR-k/dark/fbE/failure_retry/flexible?lang=auto:1:49457)
    at rA (https://challenges.cloudflare.com/cdn-cgi/challenge-platform/h/g/turnstile/f/av0/rchXQX40T_v8whnEv3NVK00YGD0HvSTo_D52MPglvubErQ-1788712110-1.3.1.1-YG45IlZKByVi9zZ918pw5hKSPL9pcQQO8E.u2z9gqSM/n9tgo/0x4AAAAAADV3ju2YEd8uiR-k/dark/fbE/failure_retry/flexible?lang=auto:1:164826)
    at cQmGn (https://challenges.cloudflare.com/cdn-cgi/challenge-platform/h/g/turnstile/f/av0/rchXQX40T_v8whnEv3NVK00YGD0HvSTo_D52MPglvubErQ-1788712110-1.3.1.1-YG45IlZKByVi9zZ918pw5hKSPL9pcQQO8E.u2z9gqSM/n9tgo/0x4AAAAAADV3ju2YEd8uiR-k/dark/fbE/failure_retry/flexible?lang=auto:1:134438)
    at r4 (https://challenges.cloudflare.com/cdn-cgi/challenge-platform/h/g/turnstile/f/av0/rchXQX40T_v8whnEv3NVK00YGD0HvSTo_D52MPglvubErQ-1788712110-1.3.1.1-YG45IlZKByVi9zZ918pw5hKSPL9pcQQO8E.u2z9gqSM/n9tgo/0x4AAAAAADV3ju2YEd8uiR-k/dark/fbE/failure_retry/flexible?lang=auto:1:135638)
    at unknown (https://challenges.cloudflare.com/cdn-cgi/challenge-platform/h/g/turnstile/f/av0/rchXQX40T_v8whnEv3NVK00YGD0HvSTo_D52MPglvubErQ-1788712110-1.3.1.1-YG45IlZKByVi9zZ918pw5hKSPL9pcQQO8E.u2z9gqSM/n9tgo/0x4AAAAAADV3ju2YEd8uiR-k/dark/fbE/failure_retry/flexible?lang=auto:1:49007)
    at rA (https://challenges.cloudflare.com/cdn-cgi/challenge-platform/h/g/turnstile/f/av0/rchXQX40T_v8whnEv3NVK00YGD0HvSTo_D52MPglvubErQ-1788712110-1.3.1.1-YG45IlZKByVi9zZ918pw5hKSPL9pcQQO8E.u2z9gqSM/n9tgo/0x4AAAAAADV3ju2YEd8uiR-k/dark/fbE/failure_retry/flexible?lang=auto:1:164826)
    at Q (https://challenges.cloudflare.com/cdn-cgi/challenge-platform/h/g/turnstile/f/av0/rchXQX40T_v8whnEv3NVK00YGD0HvSTo_D52MPglvubErQ-1788712110-1.3.1.1-YG45IlZKByVi9zZ918pw5hKSPL9pcQQO8E.u2z9gqSM/n9tgo/0x4AAAAAADV3ju2YEd8uiR-k/dark/fbE/failure_retry/flexible?lang=auto:1:160413)
    at rf (https://challenges.cloudflare.com/cdn-cgi/challenge-platform/h/g/turnstile/f/av0/rchXQX40T_v8whnEv3NVK00YGD0HvSTo_D52MPglvubErQ-1788712110-1.3.1.1-YG45IlZKByVi9zZ918pw5hKSPL9pcQQO8E.u2z9gqSM/n9tgo/0x4AAAAAADV3ju2YEd8uiR-k/dark/fbE/failure_retry/flexible?lang=auto:1:253383)
    at rl (https://challenges.cloudflare.com/cdn-cgi/challenge-platform/h/g/turnstile/f/av0/rchXQX40T_v8whnEv3NVK00YGD0HvSTo_D52MPglvubErQ-1788712110-1.3.1.1-YG45IlZKByVi9zZ918pw5hKSPL9pcQQO8E.u2z9gqSM/n9tgo/0x4AAAAAADV3ju2YEd8uiR-k/dark/fbE/failure_retry/flexible?lang=auto:1:252206)
[ 1098886ms] [ERROR] Failed to load resource: the server responded with a status of 400 () @ https://challenges.cloudflare.com/cdn-cgi/challenge-platform/h/g/fo/1197279624:1788707334:Txm0ocitY3JTXxkcL5r3OGSsr15drffiIs-d_ujGMYU/a36ed923592bd87b/gtxzQqntrS2aluSxQVgkIRVFdBxm6ge3oRAo8pdlVog-1788712120-1.2.1.1-9grknYg6bFcxwtdnXYeaFGljces3OVupxcI36iLuz4qjdKFMfu4z_F8yaZxip6iV:0
[ 1109047ms] Blocked a frame with origin "https://challenges.cloudflare.com" from accessing a frame with origin "http://localhost:3000".  The frame requesting access has a protocol of "https", the frame being accessed has a protocol of "http". Protocols must match.

    at unknown (https://challenges.cloudflare.com/cdn-cgi/challenge-platform/h/g/turnstile/f/av0/rchOp5zr6nOoT0fYlBjmNx8ZZfjas2irchHjc8nIq_75Fc-1788712120-1.3.1.1-3bmwZg3HEI2d8cZH2UVuOGwVyH7gxbKPuKJfobsWTsY/n9tgo/0x4AAAAAADV3ju2YEd8uiR-k/dark/fbE/failure_retry/flexible?lang=auto:1:49851)
    at Hr (https://challenges.cloudflare.com/cdn-cgi/challenge-platform/h/g/turnstile/f/av0/rchOp5zr6nOoT0fYlBjmNx8ZZfjas2irchHjc8nIq_75Fc-1788712120-1.3.1.1-3bmwZg3HEI2d8cZH2UVuOGwVyH7gxbKPuKJfobsWTsY/n9tgo/0x4AAAAAADV3ju2YEd8uiR-k/dark/fbE/failure_retry/flexible?lang=auto:1:250072)
    at rAdMS (https://challenges.cloudflare.com/cdn-cgi/challenge-platform/h/g/turnstile/f/av0/rchOp5zr6nOoT0fYlBjmNx8ZZfjas2irchHjc8nIq_75Fc-1788712120-1.3.1.1-3bmwZg3HEI2d8cZH2UVuOGwVyH7gxbKPuKJfobsWTsY/n9tgo/0x4AAAAAADV3ju2YEd8uiR-k/dark/fbE/failure_retry/flexible?lang=auto:1:114476)
    at H4 (https://challenges.cloudflare.com/cdn-cgi/challenge-platform/h/g/turnstile/f/av0/rchOp5zr6nOoT0fYlBjmNx8ZZfjas2irchHjc8nIq_75Fc-1788712120-1.3.1.1-3bmwZg3HEI2d8cZH2UVuOGwVyH7gxbKPuKJfobsWTsY/n9tgo/0x4AAAAAADV3ju2YEd8uiR-k/dark/fbE/failure_retry/flexible?lang=auto:1:115893)
    at unknown (https://challenges.cloudflare.com/cdn-cgi/challenge-platform/h/g/turnstile/f/av0/rchOp5zr6nOoT0fYlBjmNx8ZZfjas2irchHjc8nIq_75Fc-1788712120-1.3.1.1-3bmwZg3HEI2d8cZH2UVuOGwVyH7gxbKPuKJfobsWTsY/n9tgo/0x4AAAAAADV3ju2YEd8uiR-k/dark/fbE/failure_retry/flexible?lang=auto:1:49401)
    at Hr (https://challenges.cloudflare.com/cdn-cgi/challenge-platform/h/g/turnstile/f/av0/rchOp5zr6nOoT0fYlBjmNx8ZZfjas2irchHjc8nIq_75Fc-1788712120-1.3.1.1-3bmwZg3HEI2d8cZH2UVuOGwVyH7gxbKPuKJfobsWTsY/n9tgo/0x4AAAAAADV3ju2YEd8uiR-k/dark/fbE/failure_retry/flexible?lang=auto:1:250072)
    at VLaLG (https://challenges.cloudflare.com/cdn-cgi/challenge-platform/h/g/turnstile/f/av0/rchOp5zr6nOoT0fYlBjmNx8ZZfjas2irchHjc8nIq_75Fc-1788712120-1.3.1.1-3bmwZg3HEI2d8cZH2UVuOGwVyH7gxbKPuKJfobsWTsY/n9tgo/0x4AAAAAADV3ju2YEd8uiR-k/dark/fbE/failure_retry/flexible?lang=auto:1:121720)
    at D (https://challenges.cloudflare.com/cdn-cgi/challenge-platform/h/g/turnstile/f/av0/rchOp5zr6nOoT0fYlBjmNx8ZZfjas2irchHjc8nIq_75Fc-1788712120-1.3.1.1-3bmwZg3HEI2d8cZH2UVuOGwVyH7gxbKPuKJfobsWTsY/n9tgo/0x4AAAAAADV3ju2YEd8uiR-k/dark/fbE/failure_retry/flexible?lang=auto:1:130334)
    at He (https://challenges.cloudflare.com/cdn-cgi/challenge-platform/h/g/turnstile/f/av0/rchOp5zr6nOoT0fYlBjmNx8ZZfjas2irchHjc8nIq_75Fc-1788712120-1.3.1.1-3bmwZg3HEI2d8cZH2UVuOGwVyH7gxbKPuKJfobsWTsY/n9tgo/0x4AAAAAADV3ju2YEd8uiR-k/dark/fbE/failure_retry/flexible?lang=auto:1:107603)
    at Hx (https://challenges.cloudflare.com/cdn-cgi/challenge-platform/h/g/turnstile/f/av0/rchOp5zr6nOoT0fYlBjmNx8ZZfjas2irchHjc8nIq_75Fc-1788712120-1.3.1.1-3bmwZg3HEI2d8cZH2UVuOGwVyH7gxbKPuKJfobsWTsY/n9tgo/0x4AAAAAADV3ju2YEd8uiR-k/dark/fbE/failure_retry/flexible?lang=auto:1:106342)
[ 1109205ms] [ERROR] Failed to load resource: the server responded with a status of 400 () @ https://challenges.cloudflare.com/cdn-cgi/challenge-platform/h/g/fo/1197279624:1788707334:Txm0ocitY3JTXxkcL5r3OGSsr15drffiIs-d_ujGMYU/a36ed9644be2d87b/gjRl6bIoP5rCyh63aaIEtD7Wj8nX7pmVeVuKRHSDcuI-1788712131-1.2.1.1-Crk01DR0FFvvprjzjm4VyTnmcyjt05vrfPNtrvlZsK98jgWmm2sESjSS1nbITy9Z:0
[ 1119631ms] Blocked a frame with origin "https://challenges.cloudflare.com" from accessing a frame with origin "http://localhost:3000".  The frame requesting access has a protocol of "https", the frame being accessed has a protocol of "http". Protocols must match.

    at unknown (https://challenges.cloudflare.com/cdn-cgi/challenge-platform/h/g/turnstile/f/av0/rchH7JaDAKCu9Vbw_dxMe3sv_ow6B7zw0yJgjB1Hq2GBCc-1788712131-1.3.1.1-7JbJxS7_qqbc0h_yNEiVwQpnpw11N3koSuCHxvndvV8/n9tgo/0x4AAAAAADV3ju2YEd8uiR-k/dark/fbE/failure_retry/flexible?lang=auto:1:50553)
    at HP (https://challenges.cloudflare.com/cdn-cgi/challenge-platform/h/g/turnstile/f/av0/rchH7JaDAKCu9Vbw_dxMe3sv_ow6B7zw0yJgjB1Hq2GBCc-1788712131-1.3.1.1-7JbJxS7_qqbc0h_yNEiVwQpnpw11N3koSuCHxvndvV8/n9tgo/0x4AAAAAADV3ju2YEd8uiR-k/dark/fbE/failure_retry/flexible?lang=auto:1:116822)
    at QacMP (https://challenges.cloudflare.com/cdn-cgi/challenge-platform/h/g/turnstile/f/av0/rchH7JaDAKCu9Vbw_dxMe3sv_ow6B7zw0yJgjB1Hq2GBCc-1788712131-1.3.1.1-7JbJxS7_qqbc0h_yNEiVwQpnpw11N3koSuCHxvndvV8/n9tgo/0x4AAAAAADV3ju2YEd8uiR-k/dark/fbE/failure_retry/flexible?lang=auto:1:57050)
    at H5 (https://challenges.cloudflare.com/cdn-cgi/challenge-platform/h/g/turnstile/f/av0/rchH7JaDAKCu9Vbw_dxMe3sv_ow6B7zw0yJgjB1Hq2GBCc-1788712131-1.3.1.1-7JbJxS7_qqbc0h_yNEiVwQpnpw11N3koSuCHxvndvV8/n9tgo/0x4AAAAAADV3ju2YEd8uiR-k/dark/fbE/failure_retry/flexible?lang=auto:1:58107)
    at unknown (https://challenges.cloudflare.com/cdn-cgi/challenge-platform/h/g/turnstile/f/av0/rchH7JaDAKCu9Vbw_dxMe3sv_ow6B7zw0yJgjB1Hq2GBCc-1788712131-1.3.1.1-7JbJxS7_qqbc0h_yNEiVwQpnpw11N3koSuCHxvndvV8/n9tgo/0x4AAAAAADV3ju2YEd8uiR-k/dark/fbE/failure_retry/flexible?lang=auto:1:50103)
    at HP (https://challenges.cloudflare.com/cdn-cgi/challenge-platform/h/g/turnstile/f/av0/rchH7JaDAKCu9Vbw_dxMe3sv_ow6B7zw0yJgjB1Hq2GBCc-1788712131-1.3.1.1-7JbJxS7_qqbc0h_yNEiVwQpnpw11N3koSuCHxvndvV8/n9tgo/0x4AAAAAADV3ju2YEd8uiR-k/dark/fbE/failure_retry/flexible?lang=auto:1:116822)
    at kBayc (https://challenges.cloudflare.com/cdn-cgi/challenge-platform/h/g/turnstile/f/av0/rchH7JaDAKCu9Vbw_dxMe3sv_ow6B7zw0yJgjB1Hq2GBCc-1788712131-1.3.1.1-7JbJxS7_qqbc0h_yNEiVwQpnpw11N3koSuCHxvndvV8/n9tgo/0x4AAAAAADV3ju2YEd8uiR-k/dark/fbE/failure_retry/flexible?lang=auto:1:156506)
    at J0 (https://challenges.cloudflare.com/cdn-cgi/challenge-platform/h/g/turnstile/f/av0/rchH7JaDAKCu9Vbw_dxMe3sv_ow6B7zw0yJgjB1Hq2GBCc-1788712131-1.3.1.1-7JbJxS7_qqbc0h_yNEiVwQpnpw11N3koSuCHxvndvV8/n9tgo/0x4AAAAAADV3ju2YEd8uiR-k/dark/fbE/failure_retry/flexible?lang=auto:1:164886)
    at He (https://challenges.cloudflare.com/cdn-cgi/challenge-platform/h/g/turnstile/f/av0/rchH7JaDAKCu9Vbw_dxMe3sv_ow6B7zw0yJgjB1Hq2GBCc-1788712131-1.3.1.1-7JbJxS7_qqbc0h_yNEiVwQpnpw11N3koSuCHxvndvV8/n9tgo/0x4AAAAAADV3ju2YEd8uiR-k/dark/fbE/failure_retry/flexible?lang=auto:1:154701)
    at Hx (https://challenges.cloudflare.com/cdn-cgi/challenge-platform/h/g/turnstile/f/av0/rchH7JaDAKCu9Vbw_dxMe3sv_ow6B7zw0yJgjB1Hq2GBCc-1788712131-1.3.1.1-7JbJxS7_qqbc0h_yNEiVwQpnpw11N3koSuCHxvndvV8/n9tgo/0x4AAAAAADV3ju2YEd8uiR-k/dark/fbE/failure_retry/flexible?lang=auto:1:148625)
[ 1119777ms] [ERROR] Failed to load resource: the server responded with a status of 400 () @ https://challenges.cloudflare.com/cdn-cgi/challenge-platform/h/g/fo/1197279624:1788707334:Txm0ocitY3JTXxkcL5r3OGSsr15drffiIs-d_ujGMYU/a36ed9a57a02d87b/0aU68nlN9dIrRxZ1Fsa0Ua2.YPQvaD13h64W0X13ghA-1788712141-1.2.1.1-0qBK0mCo2ht0wVTyJfuFEuWxOjK4HwLxzuBcpp3Nn0pGpeeegVq3Ymq1R1kIAAtG:0
[ 1121554ms] Blocked a frame with origin "https://challenges.cloudflare.com" from accessing a frame with origin "http://localhost:3000".  The frame requesting access has a protocol of "https", the frame being accessed has a protocol of "http". Protocols must match.

    at unknown (https://challenges.cloudflare.com/cdn-cgi/challenge-platform/h/g/turnstile/f/av0/rchBLqojFC.sQxvFxFgWKYciL.LVVcOJjoGjn.9LZSHWa0-1788712141-1.3.1.1-mqXQNN7AVd1dd7pceVhd0vCiuBmwV4rzT4pI3RA9nwo/n9tgo/0x4AAAAAADV3ju2YEd8uiR-k/dark/fbE/api/flexible?lang=auto:1:49532)
    at rA (https://challenges.cloudflare.com/cdn-cgi/challenge-platform/h/g/turnstile/f/av0/rchBLqojFC.sQxvFxFgWKYciL.LVVcOJjoGjn.9LZSHWa0-1788712141-1.3.1.1-mqXQNN7AVd1dd7pceVhd0vCiuBmwV4rzT4pI3RA9nwo/n9tgo/0x4AAAAAADV3ju2YEd8uiR-k/dark/fbE/api/flexible?lang=auto:1:80900)
    at HJTXZ (https://challenges.cloudflare.com/cdn-cgi/challenge-platform/h/g/turnstile/f/av0/rchBLqojFC.sQxvFxFgWKYciL.LVVcOJjoGjn.9LZSHWa0-1788712141-1.3.1.1-mqXQNN7AVd1dd7pceVhd0vCiuBmwV4rzT4pI3RA9nwo/n9tgo/0x4AAAAAADV3ju2YEd8uiR-k/dark/fbE/api/flexible?lang=auto:1:67911)
    at r4 (https://challenges.cloudflare.com/cdn-cgi/challenge-platform/h/g/turnstile/f/av0/rchBLqojFC.sQxvFxFgWKYciL.LVVcOJjoGjn.9LZSHWa0-1788712141-1.3.1.1-mqXQNN7AVd1dd7pceVhd0vCiuBmwV4rzT4pI3RA9nwo/n9tgo/0x4AAAAAADV3ju2YEd8uiR-k/dark/fbE/api/flexible?lang=auto:1:69175)
    at unknown (https://challenges.cloudflare.com/cdn-cgi/challenge-platform/h/g/turnstile/f/av0/rchBLqojFC.sQxvFxFgWKYciL.LVVcOJjoGjn.9LZSHWa0-1788712141-1.3.1.1-mqXQNN7AVd1dd7pceVhd0vCiuBmwV4rzT4pI3RA9nwo/n9tgo/0x4AAAAAADV3ju2YEd8uiR-k/dark/fbE/api/flexible?lang=auto:1:49082)
    at rA (https://challenges.cloudflare.com/cdn-cgi/challenge-platform/h/g/turnstile/f/av0/rchBLqojFC.sQxvFxFgWKYciL.LVVcOJjoGjn.9LZSHWa0-1788712141-1.3.1.1-mqXQNN7AVd1dd7pceVhd0vCiuBmwV4rzT4pI3RA9nwo/n9tgo/0x4AAAAAADV3ju2YEd8uiR-k/dark/fbE/api/flexible?lang=auto:1:80900)
    at Q (https://challenges.cloudflare.com/cdn-cgi/challenge-platform/h/g/turnstile/f/av0/rchBLqojFC.sQxvFxFgWKYciL.LVVcOJjoGjn.9LZSHWa0-1788712141-1.3.1.1-mqXQNN7AVd1dd7pceVhd0vCiuBmwV4rzT4pI3RA9nwo/n9tgo/0x4AAAAAADV3ju2YEd8uiR-k/dark/fbE/api/flexible?lang=auto:1:221549)
    at rf (https://challenges.cloudflare.com/cdn-cgi/challenge-platform/h/g/turnstile/f/av0/rchBLqojFC.sQxvFxFgWKYciL.LVVcOJjoGjn.9LZSHWa0-1788712141-1.3.1.1-mqXQNN7AVd1dd7pceVhd0vCiuBmwV4rzT4pI3RA9nwo/n9tgo/0x4AAAAAADV3ju2YEd8uiR-k/dark/fbE/api/flexible?lang=auto:1:243763)
    at rl (https://challenges.cloudflare.com/cdn-cgi/challenge-platform/h/g/turnstile/f/av0/rchBLqojFC.sQxvFxFgWKYciL.LVVcOJjoGjn.9LZSHWa0-1788712141-1.3.1.1-mqXQNN7AVd1dd7pceVhd0vCiuBmwV4rzT4pI3RA9nwo/n9tgo/0x4AAAAAADV3ju2YEd8uiR-k/dark/fbE/api/flexible?lang=auto:1:238074)
[ 1121757ms] [ERROR] Failed to load resource: the server responded with a status of 400 () @ https://challenges.cloudflare.com/cdn-cgi/challenge-platform/h/g/fo/1197279624:1788707334:Txm0ocitY3JTXxkcL5r3OGSsr15drffiIs-d_ujGMYU/a36ed9b2699bd87b/Q4E1hJhOe_GixEbI7JBxchW3nQ9LXVIJeDQPBpMcP9Y-1788712143-1.2.1.1-4M3KIeggZSiLmwQD5.qk9oxcGiVPIhr3xhvqXbgAdkPdk.67apPNmi6z_ARgTlbO:0
[ 1132061ms] Blocked a frame with origin "https://challenges.cloudflare.com" from accessing a frame with origin "http://localhost:3000".  The frame requesting access has a protocol of "https", the frame being accessed has a protocol of "http". Protocols must match.

    at unknown (https://challenges.cloudflare.com/cdn-cgi/challenge-platform/h/g/turnstile/f/av0/rchAg.jNNx3Zzn4NqmTs6y96MhVPkHiePB19am..B6iCIg-1788712143-1.3.1.1-Q21tMKsN6jjqUvMBDy.JzwwhEMkOVgypPlaX9VmriPM/n9tgo/0x4AAAAAADV3ju2YEd8uiR-k/dark/fbE/failure_retry/flexible?lang=auto:1:50751)
    at rA (https://challenges.cloudflare.com/cdn-cgi/challenge-platform/h/g/turnstile/f/av0/rchAg.jNNx3Zzn4NqmTs6y96MhVPkHiePB19am..B6iCIg-1788712143-1.3.1.1-Q21tMKsN6jjqUvMBDy.JzwwhEMkOVgypPlaX9VmriPM/n9tgo/0x4AAAAAADV3ju2YEd8uiR-k/dark/fbE/failure_retry/flexible?lang=auto:1:75088)
    at ZQRqs (https://challenges.cloudflare.com/cdn-cgi/challenge-platform/h/g/turnstile/f/av0/rchAg.jNNx3Zzn4NqmTs6y96MhVPkHiePB19am..B6iCIg-1788712143-1.3.1.1-Q21tMKsN6jjqUvMBDy.JzwwhEMkOVgypPlaX9VmriPM/n9tgo/0x4AAAAAADV3ju2YEd8uiR-k/dark/fbE/failure_retry/flexible?lang=auto:1:93774)
    at r4 (https://challenges.cloudflare.com/cdn-cgi/challenge-platform/h/g/turnstile/f/av0/rchAg.jNNx3Zzn4NqmTs6y96MhVPkHiePB19am..B6iCIg-1788712143-1.3.1.1-Q21tMKsN6jjqUvMBDy.JzwwhEMkOVgypPlaX9VmriPM/n9tgo/0x4AAAAAADV3ju2YEd8uiR-k/dark/fbE/failure_retry/flexible?lang=auto:1:95082)
    at unknown (https://challenges.cloudflare.com/cdn-cgi/challenge-platform/h/g/turnstile/f/av0/rchAg.jNNx3Zzn4NqmTs6y96MhVPkHiePB19am..B6iCIg-1788712143-1.3.1.1-Q21tMKsN6jjqUvMBDy.JzwwhEMkOVgypPlaX9VmriPM/n9tgo/0x4AAAAAADV3ju2YEd8uiR-k/dark/fbE/failure_retry/flexible?lang=auto:1:50301)
    at rA (https://challenges.cloudflare.com/cdn-cgi/challenge-platform/h/g/turnstile/f/av0/rchAg.jNNx3Zzn4NqmTs6y96MhVPkHiePB19am..B6iCIg-1788712143-1.3.1.1-Q21tMKsN6jjqUvMBDy.JzwwhEMkOVgypPlaX9VmriPM/n9tgo/0x4AAAAAADV3ju2YEd8uiR-k/dark/fbE/failure_retry/flexible?lang=auto:1:75088)
    at Q (https://challenges.cloudflare.com/cdn-cgi/challenge-platform/h/g/turnstile/f/av0/rchAg.jNNx3Zzn4NqmTs6y96MhVPkHiePB19am..B6iCIg-1788712143-1.3.1.1-Q21tMKsN6jjqUvMBDy.JzwwhEMkOVgypPlaX9VmriPM/n9tgo/0x4AAAAAADV3ju2YEd8uiR-k/dark/fbE/failure_retry/flexible?lang=auto:1:236572)
    at rf (https://challenges.cloudflare.com/cdn-cgi/challenge-platform/h/g/turnstile/f/av0/rchAg.jNNx3Zzn4NqmTs6y96MhVPkHiePB19am..B6iCIg-1788712143-1.3.1.1-Q21tMKsN6jjqUvMBDy.JzwwhEMkOVgypPlaX9VmriPM/n9tgo/0x4AAAAAADV3ju2YEd8uiR-k/dark/fbE/failure_retry/flexible?lang=auto:1:202336)
    at SAUCx (https://challenges.cloudflare.com/cdn-cgi/challenge-platform/h/g/turnstile/f/av0/rchAg.jNNx3Zzn4NqmTs6y96MhVPkHiePB19am..B6iCIg-1788712143-1.3.1.1-Q21tMKsN6jjqUvMBDy.JzwwhEMkOVgypPlaX9VmriPM/n9tgo/0x4AAAAAADV3ju2YEd8uiR-k/dark/fbE/failure_retry/flexible?lang=auto:1:198065)
    at rl (https://challenges.cloudflare.com/cdn-cgi/challenge-platform/h/g/turnstile/f/av0/rchAg.jNNx3Zzn4NqmTs6y96MhVPkHiePB19am..B6iCIg-1788712143-1.3.1.1-Q21tMKsN6jjqUvMBDy.JzwwhEMkOVgypPlaX9VmriPM/n9tgo/0x4AAAAAADV3ju2YEd8uiR-k/dark/fbE/failure_retry/flexible?lang=auto:1:200106)
[ 1132303ms] [ERROR] Failed to load resource: the server responded with a status of 400 () @ https://challenges.cloudflare.com/cdn-cgi/challenge-platform/h/g/fo/1197279624:1788707334:Txm0ocitY3JTXxkcL5r3OGSsr15drffiIs-d_ujGMYU/a36ed9f408c5d87b/B7hnzAYvwgBPwXoFZPlH0S8_j0o7SepLuPsHhWdsOjc-1788712154-1.2.1.1-BWslfulQk4wS8VXWJTVZ1bEX_Zc2m1mEuUBFZvncR.QVxUncnJz52hb41kBRmyhl:0
[ 1142446ms] Blocked a frame with origin "https://challenges.cloudflare.com" from accessing a frame with origin "http://localhost:3000".  The frame requesting access has a protocol of "https", the frame being accessed has a protocol of "http". Protocols must match.

    at unknown (https://challenges.cloudflare.com/cdn-cgi/challenge-platform/h/g/turnstile/f/av0/rchZL4Zuoa2zkNfdsbZ4P1Cd.EDJwJPMUaL0OiitUALUnw-1788712154-1.3.1.1-SGxLAWwB5xSbWgCNvVuwS7KmZuYsQ7Puc.Xo0MyLtYc/n9tgo/0x4AAAAAADV3ju2YEd8uiR-k/dark/fbE/failure_retry/flexible?lang=auto:1:50265)
    at Hr (https://challenges.cloudflare.com/cdn-cgi/challenge-platform/h/g/turnstile/f/av0/rchZL4Zuoa2zkNfdsbZ4P1Cd.EDJwJPMUaL0OiitUALUnw-1788712154-1.3.1.1-SGxLAWwB5xSbWgCNvVuwS7KmZuYsQ7Puc.Xo0MyLtYc/n9tgo/0x4AAAAAADV3ju2YEd8uiR-k/dark/fbE/failure_retry/flexible?lang=auto:1:56052)
    at xwTUq (https://challenges.cloudflare.com/cdn-cgi/challenge-platform/h/g/turnstile/f/av0/rchZL4Zuoa2zkNfdsbZ4P1Cd.EDJwJPMUaL0OiitUALUnw-1788712154-1.3.1.1-SGxLAWwB5xSbWgCNvVuwS7KmZuYsQ7Puc.Xo0MyLtYc/n9tgo/0x4AAAAAADV3ju2YEd8uiR-k/dark/fbE/failure_retry/flexible?lang=auto:1:186841)
    at H4 (https://challenges.cloudflare.com/cdn-cgi/challenge-platform/h/g/turnstile/f/av0/rchZL4Zuoa2zkNfdsbZ4P1Cd.EDJwJPMUaL0OiitUALUnw-1788712154-1.3.1.1-SGxLAWwB5xSbWgCNvVuwS7KmZuYsQ7Puc.Xo0MyLtYc/n9tgo/0x4AAAAAADV3ju2YEd8uiR-k/dark/fbE/failure_retry/flexible?lang=auto:1:187934)
    at unknown (https://challenges.cloudflare.com/cdn-cgi/challenge-platform/h/g/turnstile/f/av0/rchZL4Zuoa2zkNfdsbZ4P1Cd.EDJwJPMUaL0OiitUALUnw-1788712154-1.3.1.1-SGxLAWwB5xSbWgCNvVuwS7KmZuYsQ7Puc.Xo0MyLtYc/n9tgo/0x4AAAAAADV3ju2YEd8uiR-k/dark/fbE/failure_retry/flexible?lang=auto:1:49815)
    at Hr (https://challenges.cloudflare.com/cdn-cgi/challenge-platform/h/g/turnstile/f/av0/rchZL4Zuoa2zkNfdsbZ4P1Cd.EDJwJPMUaL0OiitUALUnw-1788712154-1.3.1.1-SGxLAWwB5xSbWgCNvVuwS7KmZuYsQ7Puc.Xo0MyLtYc/n9tgo/0x4AAAAAADV3ju2YEd8uiR-k/dark/fbE/failure_retry/flexible?lang=auto:1:56052)
    at D (https://challenges.cloudflare.com/cdn-cgi/challenge-platform/h/g/turnstile/f/av0/rchZL4Zuoa2zkNfdsbZ4P1Cd.EDJwJPMUaL0OiitUALUnw-1788712154-1.3.1.1-SGxLAWwB5xSbWgCNvVuwS7KmZuYsQ7Puc.Xo0MyLtYc/n9tgo/0x4AAAAAADV3ju2YEd8uiR-k/dark/fbE/failure_retry/flexible?lang=auto:1:244222)
    at He (https://challenges.cloudflare.com/cdn-cgi/challenge-platform/h/g/turnstile/f/av0/rchZL4Zuoa2zkNfdsbZ4P1Cd.EDJwJPMUaL0OiitUALUnw-1788712154-1.3.1.1-SGxLAWwB5xSbWgCNvVuwS7KmZuYsQ7Puc.Xo0MyLtYc/n9tgo/0x4AAAAAADV3ju2YEd8uiR-k/dark/fbE/failure_retry/flexible?lang=auto:1:182490)
    at Hx (https://challenges.cloudflare.com/cdn-cgi/challenge-platform/h/g/turnstile/f/av0/rchZL4Zuoa2zkNfdsbZ4P1Cd.EDJwJPMUaL0OiitUALUnw-1788712154-1.3.1.1-SGxLAWwB5xSbWgCNvVuwS7KmZuYsQ7Puc.Xo0MyLtYc/n9tgo/0x4AAAAAADV3ju2YEd8uiR-k/dark/fbE/failure_retry/flexible?lang=auto:1:177537)
[ 1142600ms] [ERROR] Failed to load resource: the server responded with a status of 400 () @ https://challenges.cloudflare.com/cdn-cgi/challenge-platform/h/g/fo/1197279624:1788707334:Txm0ocitY3JTXxkcL5r3OGSsr15drffiIs-d_ujGMYU/a36eda352dd1d87b/lsbFDVcS0vbZtT2yvFnX53Pa78EikQ0j2hf4WJLADH8-1788712164-1.2.1.1-baptA9jDjZl376AZiPxCmjUXOG0HERYStzPQ2RX6K5OZQx2IA7N95C25alXTaxeR:0
[ 1152805ms] Blocked a frame with origin "https://challenges.cloudflare.com" from accessing a frame with origin "http://localhost:3000".  The frame requesting access has a protocol of "https", the frame being accessed has a protocol of "http". Protocols must match.

    at unknown (https://challenges.cloudflare.com/cdn-cgi/challenge-platform/h/g/turnstile/f/av0/rchVFobCYsf5DGjyb4apsCZRB_6pRO8kjJeLUEedG6iGn4-1788712164-1.3.1.1-OrE2wKZi8PycB4z607rdYOy6O2oWra683ny_N3hXyco/n9tgo/0x4AAAAAADV3ju2YEd8uiR-k/dark/fbE/failure_retry/flexible?lang=auto:1:49171)
    at rA (https://challenges.cloudflare.com/cdn-cgi/challenge-platform/h/g/turnstile/f/av0/rchVFobCYsf5DGjyb4apsCZRB_6pRO8kjJeLUEedG6iGn4-1788712164-1.3.1.1-OrE2wKZi8PycB4z607rdYOy6O2oWra683ny_N3hXyco/n9tgo/0x4AAAAAADV3ju2YEd8uiR-k/dark/fbE/failure_retry/flexible?lang=auto:1:77792)
    at r4 (https://challenges.cloudflare.com/cdn-cgi/challenge-platform/h/g/turnstile/f/av0/rchVFobCYsf5DGjyb4apsCZRB_6pRO8kjJeLUEedG6iGn4-1788712164-1.3.1.1-OrE2wKZi8PycB4z607rdYOy6O2oWra683ny_N3hXyco/n9tgo/0x4AAAAAADV3ju2YEd8uiR-k/dark/fbE/failure_retry/flexible?lang=auto:1:180779)
    at unknown (https://challenges.cloudflare.com/cdn-cgi/challenge-platform/h/g/turnstile/f/av0/rchVFobCYsf5DGjyb4apsCZRB_6pRO8kjJeLUEedG6iGn4-1788712164-1.3.1.1-OrE2wKZi8PycB4z607rdYOy6O2oWra683ny_N3hXyco/n9tgo/0x4AAAAAADV3ju2YEd8uiR-k/dark/fbE/failure_retry/flexible?lang=auto:1:48721)
    at rA (https://challenges.cloudflare.com/cdn-cgi/challenge-platform/h/g/turnstile/f/av0/rchVFobCYsf5DGjyb4apsCZRB_6pRO8kjJeLUEedG6iGn4-1788712164-1.3.1.1-OrE2wKZi8PycB4z607rdYOy6O2oWra683ny_N3hXyco/n9tgo/0x4AAAAAADV3ju2YEd8uiR-k/dark/fbE/failure_retry/flexible?lang=auto:1:77792)
    at QYJqx (https://challenges.cloudflare.com/cdn-cgi/challenge-platform/h/g/turnstile/f/av0/rchVFobCYsf5DGjyb4apsCZRB_6pRO8kjJeLUEedG6iGn4-1788712164-1.3.1.1-OrE2wKZi8PycB4z607rdYOy6O2oWra683ny_N3hXyco/n9tgo/0x4AAAAAADV3ju2YEd8uiR-k/dark/fbE/failure_retry/flexible?lang=auto:1:162000)
    at Q (https://challenges.cloudflare.com/cdn-cgi/challenge-platform/h/g/turnstile/f/av0/rchVFobCYsf5DGjyb4apsCZRB_6pRO8kjJeLUEedG6iGn4-1788712164-1.3.1.1-OrE2wKZi8PycB4z607rdYOy6O2oWra683ny_N3hXyco/n9tgo/0x4AAAAAADV3ju2YEd8uiR-k/dark/fbE/failure_retry/flexible?lang=auto:1:170568)
    at rf (https://challenges.cloudflare.com/cdn-cgi/challenge-platform/h/g/turnstile/f/av0/rchVFobCYsf5DGjyb4apsCZRB_6pRO8kjJeLUEedG6iGn4-1788712164-1.3.1.1-OrE2wKZi8PycB4z607rdYOy6O2oWra683ny_N3hXyco/n9tgo/0x4AAAAAADV3ju2YEd8uiR-k/dark/fbE/failure_retry/flexible?lang=auto:1:232034)
    at rl (https://challenges.cloudflare.com/cdn-cgi/challenge-platform/h/g/turnstile/f/av0/rchVFobCYsf5DGjyb4apsCZRB_6pRO8kjJeLUEedG6iGn4-1788712164-1.3.1.1-OrE2wKZi8PycB4z607rdYOy6O2oWra683ny_N3hXyco/n9tgo/0x4AAAAAADV3ju2YEd8uiR-k/dark/fbE/failure_retry/flexible?lang=auto:1:230781)
[ 1152950ms] [ERROR] Failed to load resource: the server responded with a status of 400 () @ https://challenges.cloudflare.com/cdn-cgi/challenge-platform/h/g/fo/1197279624:1788707334:Txm0ocitY3JTXxkcL5r3OGSsr15drffiIs-d_ujGMYU/a36eda756d66d87b/vmCRu.vKMW3UPCHBWmOBBxESizQ1K8EudnrSg5SD_9M-1788712174-1.2.1.1-8Nr.e2onI9uxlgCoSVLT.fm5sNy2bhUmFM23EeftgbC3Vex3nhhuzzgedk5WDcSe:0
[ 1163160ms] Blocked a frame with origin "https://challenges.cloudflare.com" from accessing a frame with origin "http://localhost:3000".  The frame requesting access has a protocol of "https", the frame being accessed has a protocol of "http". Protocols must match.

    at unknown (https://challenges.cloudflare.com/cdn-cgi/challenge-platform/h/g/turnstile/f/av0/rchCM2mrGTrCLg5.ik.Q.DcRa5Dhq2IdJhhnzan3l7eujc-1788712174-1.3.1.1-M6RMcNLqidb.GWkgsClp5ZZ7QyJWcZpZGWvDG9L3f0I/n9tgo/0x4AAAAAADV3ju2YEd8uiR-k/dark/fbE/failure_retry/flexible?lang=auto:1:49880)
    at rA (https://challenges.cloudflare.com/cdn-cgi/challenge-platform/h/g/turnstile/f/av0/rchCM2mrGTrCLg5.ik.Q.DcRa5Dhq2IdJhhnzan3l7eujc-1788712174-1.3.1.1-M6RMcNLqidb.GWkgsClp5ZZ7QyJWcZpZGWvDG9L3f0I/n9tgo/0x4AAAAAADV3ju2YEd8uiR-k/dark/fbE/failure_retry/flexible?lang=auto:1:122929)
    at r4 (https://challenges.cloudflare.com/cdn-cgi/challenge-platform/h/g/turnstile/f/av0/rchCM2mrGTrCLg5.ik.Q.DcRa5Dhq2IdJhhnzan3l7eujc-1788712174-1.3.1.1-M6RMcNLqidb.GWkgsClp5ZZ7QyJWcZpZGWvDG9L3f0I/n9tgo/0x4AAAAAADV3ju2YEd8uiR-k/dark/fbE/failure_retry/flexible?lang=auto:1:216690)
    at unknown (https://challenges.cloudflare.com/cdn-cgi/challenge-platform/h/g/turnstile/f/av0/rchCM2mrGTrCLg5.ik.Q.DcRa5Dhq2IdJhhnzan3l7eujc-1788712174-1.3.1.1-M6RMcNLqidb.GWkgsClp5ZZ7QyJWcZpZGWvDG9L3f0I/n9tgo/0x4AAAAAADV3ju2YEd8uiR-k/dark/fbE/failure_retry/flexible?lang=auto:1:49430)
    at rA (https://challenges.cloudflare.com/cdn-cgi/challenge-platform/h/g/turnstile/f/av0/rchCM2mrGTrCLg5.ik.Q.DcRa5Dhq2IdJhhnzan3l7eujc-1788712174-1.3.1.1-M6RMcNLqidb.GWkgsClp5ZZ7QyJWcZpZGWvDG9L3f0I/n9tgo/0x4AAAAAADV3ju2YEd8uiR-k/dark/fbE/failure_retry/flexible?lang=auto:1:122929)
    at Q (https://challenges.cloudflare.com/cdn-cgi/challenge-platform/h/g/turnstile/f/av0/rchCM2mrGTrCLg5.ik.Q.DcRa5Dhq2IdJhhnzan3l7eujc-1788712174-1.3.1.1-M6RMcNLqidb.GWkgsClp5ZZ7QyJWcZpZGWvDG9L3f0I/n9tgo/0x4AAAAAADV3ju2YEd8uiR-k/dark/fbE/failure_retry/flexible?lang=auto:1:196950)
    at rf (https://challenges.cloudflare.com/cdn-cgi/challenge-platform/h/g/turnstile/f/av0/rchCM2mrGTrCLg5.ik.Q.DcRa5Dhq2IdJhhnzan3l7eujc-1788712174-1.3.1.1-M6RMcNLqidb.GWkgsClp5ZZ7QyJWcZpZGWvDG9L3f0I/n9tgo/0x4AAAAAADV3ju2YEd8uiR-k/dark/fbE/failure_retry/flexible?lang=auto:1:141947)
    at rl (https://challenges.cloudflare.com/cdn-cgi/challenge-platform/h/g/turnstile/f/av0/rchCM2mrGTrCLg5.ik.Q.DcRa5Dhq2IdJhhnzan3l7eujc-1788712174-1.3.1.1-M6RMcNLqidb.GWkgsClp5ZZ7QyJWcZpZGWvDG9L3f0I/n9tgo/0x4AAAAAADV3ju2YEd8uiR-k/dark/fbE/failure_retry/flexible?lang=auto:1:140705)
[ 1163314ms] [ERROR] Failed to load resource: the server responded with a status of 400 () @ https://challenges.cloudflare.com/cdn-cgi/challenge-platform/h/g/fo/1197279624:1788707334:Txm0ocitY3JTXxkcL5r3OGSsr15drffiIs-d_ujGMYU/a36edab61eb2d87b/J6nKGqy17h068lLeJaNcTsEINA1HgDUSqVD5rqTeAgk-1788712185-1.2.1.1-2FfcrnHxfMSXGuPAtYzEMxFzEIttGQ2tq1FMRFeuzST164hibm9ZRRbwxjqEaj5Y:0
[ 1173410ms] Blocked a frame with origin "https://challenges.cloudflare.com" from accessing a frame with origin "http://localhost:3000".  The frame requesting access has a protocol of "https", the frame being accessed has a protocol of "http". Protocols must match.

    at unknown (https://challenges.cloudflare.com/cdn-cgi/challenge-platform/h/g/turnstile/f/av0/rch6N43quTkTQ8t8hohlwBJdSZD0Sup_euZwmXEtrDEF3A-1788712185-1.3.1.1-xqYeHjxBuijvY12vuLzOXkkUzU9SL0XdP8W.W2y3fEA/n9tgo/0x4AAAAAADV3ju2YEd8uiR-k/dark/fbE/failure_retry/flexible?lang=auto:1:49860)
    at rA (https://challenges.cloudflare.com/cdn-cgi/challenge-platform/h/g/turnstile/f/av0/rch6N43quTkTQ8t8hohlwBJdSZD0Sup_euZwmXEtrDEF3A-1788712185-1.3.1.1-xqYeHjxBuijvY12vuLzOXkkUzU9SL0XdP8W.W2y3fEA/n9tgo/0x4AAAAAADV3ju2YEd8uiR-k/dark/fbE/failure_retry/flexible?lang=auto:1:241254)
    at Ehzbx (https://challenges.cloudflare.com/cdn-cgi/challenge-platform/h/g/turnstile/f/av0/rch6N43quTkTQ8t8hohlwBJdSZD0Sup_euZwmXEtrDEF3A-1788712185-1.3.1.1-xqYeHjxBuijvY12vuLzOXkkUzU9SL0XdP8W.W2y3fEA/n9tgo/0x4AAAAAADV3ju2YEd8uiR-k/dark/fbE/failure_retry/flexible?lang=auto:1:119064)
    at r4 (https://challenges.cloudflare.com/cdn-cgi/challenge-platform/h/g/turnstile/f/av0/rch6N43quTkTQ8t8hohlwBJdSZD0Sup_euZwmXEtrDEF3A-1788712185-1.3.1.1-xqYeHjxBuijvY12vuLzOXkkUzU9SL0XdP8W.W2y3fEA/n9tgo/0x4AAAAAADV3ju2YEd8uiR-k/dark/fbE/failure_retry/flexible?lang=auto:1:120309)
    at unknown (https://challenges.cloudflare.com/cdn-cgi/challenge-platform/h/g/turnstile/f/av0/rch6N43quTkTQ8t8hohlwBJdSZD0Sup_euZwmXEtrDEF3A-1788712185-1.3.1.1-xqYeHjxBuijvY12vuLzOXkkUzU9SL0XdP8W.W2y3fEA/n9tgo/0x4AAAAAADV3ju2YEd8uiR-k/dark/fbE/failure_retry/flexible?lang=auto:1:49410)
    at rA (https://challenges.cloudflare.com/cdn-cgi/challenge-platform/h/g/turnstile/f/av0/rch6N43quTkTQ8t8hohlwBJdSZD0Sup_euZwmXEtrDEF3A-1788712185-1.3.1.1-xqYeHjxBuijvY12vuLzOXkkUzU9SL0XdP8W.W2y3fEA/n9tgo/0x4AAAAAADV3ju2YEd8uiR-k/dark/fbE/failure_retry/flexible?lang=auto:1:241254)
    at Q (https://challenges.cloudflare.com/cdn-cgi/challenge-platform/h/g/turnstile/f/av0/rch6N43quTkTQ8t8hohlwBJdSZD0Sup_euZwmXEtrDEF3A-1788712185-1.3.1.1-xqYeHjxBuijvY12vuLzOXkkUzU9SL0XdP8W.W2y3fEA/n9tgo/0x4AAAAAADV3ju2YEd8uiR-k/dark/fbE/failure_retry/flexible?lang=auto:1:229677)
    at QjgJS (https://challenges.cloudflare.com/cdn-cgi/challenge-platform/h/g/turnstile/f/av0/rch6N43quTkTQ8t8hohlwBJdSZD0Sup_euZwmXEtrDEF3A-1788712185-1.3.1.1-xqYeHjxBuijvY12vuLzOXkkUzU9SL0XdP8W.W2y3fEA/n9tgo/0x4AAAAAADV3ju2YEd8uiR-k/dark/fbE/failure_retry/flexible?lang=auto:1:82242)
    at rf (https://challenges.cloudflare.com/cdn-cgi/challenge-platform/h/g/turnstile/f/av0/rch6N43quTkTQ8t8hohlwBJdSZD0Sup_euZwmXEtrDEF3A-1788712185-1.3.1.1-xqYeHjxBuijvY12vuLzOXkkUzU9SL0XdP8W.W2y3fEA/n9tgo/0x4AAAAAADV3ju2YEd8uiR-k/dark/fbE/failure_retry/flexible?lang=auto:1:89146)
    at xmYua (https://challenges.cloudflare.com/cdn-cgi/challenge-platform/h/g/turnstile/f/av0/rch6N43quTkTQ8t8hohlwBJdSZD0Sup_euZwmXEtrDEF3A-1788712185-1.3.1.1-xqYeHjxBuijvY12vuLzOXkkUzU9SL0XdP8W.W2y3fEA/n9tgo/0x4AAAAAADV3ju2YEd8uiR-k/dark/fbE/failure_retry/flexible?lang=auto:1:82564)
    at rl (https://challenges.cloudflare.com/cdn-cgi/challenge-platform/h/g/turnstile/f/av0/rch6N43quTkTQ8t8hohlwBJdSZD0Sup_euZwmXEtrDEF3A-1788712185-1.3.1.1-xqYeHjxBuijvY12vuLzOXkkUzU9SL0XdP8W.W2y3fEA/n9tgo/0x4AAAAAADV3ju2YEd8uiR-k/dark/fbE/failure_retry/flexible?lang=auto:1:84424)
[ 1173560ms] [ERROR] Failed to load resource: the server responded with a status of 400 () @ https://challenges.cloudflare.com/cdn-cgi/challenge-platform/h/g/fo/1197279624:1788707334:Txm0ocitY3JTXxkcL5r3OGSsr15drffiIs-d_ujGMYU/a36edaf6e953d87b/N3kyu7p4F2.M2YUDvica7gfZmylc4cP1P6MWDyd_Sjk-1788712195-1.2.1.1-sjIIRtgEjhCcpBWmZfAtVDjEMfSUHJDQxAmNFCvZe5g5_6NcNcqV1F_oLw5eDXtU:0
[ 1183682ms] Blocked a frame with origin "https://challenges.cloudflare.com" from accessing a frame with origin "http://localhost:3000".  The frame requesting access has a protocol of "https", the frame being accessed has a protocol of "http". Protocols must match.

    at unknown (https://challenges.cloudflare.com/cdn-cgi/challenge-platform/h/g/turnstile/f/av0/rch_TcxkYBvD0b1tSoKYVWTM4tHFrWZyfeRWuOJhgHzTQM-1788712195-1.3.1.1-.Egz2r0dY5qtoGtTaxAUiZNw1w2mZXBM7xHX43Ha5Ro/n9tgo/0x4AAAAAADV3ju2YEd8uiR-k/dark/fbE/failure_retry/flexible?lang=auto:1:48710)
    at rA (https://challenges.cloudflare.com/cdn-cgi/challenge-platform/h/g/turnstile/f/av0/rch_TcxkYBvD0b1tSoKYVWTM4tHFrWZyfeRWuOJhgHzTQM-1788712195-1.3.1.1-.Egz2r0dY5qtoGtTaxAUiZNw1w2mZXBM7xHX43Ha5Ro/n9tgo/0x4AAAAAADV3ju2YEd8uiR-k/dark/fbE/failure_retry/flexible?lang=auto:1:53476)
    at VsnZU (https://challenges.cloudflare.com/cdn-cgi/challenge-platform/h/g/turnstile/f/av0/rch_TcxkYBvD0b1tSoKYVWTM4tHFrWZyfeRWuOJhgHzTQM-1788712195-1.3.1.1-.Egz2r0dY5qtoGtTaxAUiZNw1w2mZXBM7xHX43Ha5Ro/n9tgo/0x4AAAAAADV3ju2YEd8uiR-k/dark/fbE/failure_retry/flexible?lang=auto:1:56201)
    at r4 (https://challenges.cloudflare.com/cdn-cgi/challenge-platform/h/g/turnstile/f/av0/rch_TcxkYBvD0b1tSoKYVWTM4tHFrWZyfeRWuOJhgHzTQM-1788712195-1.3.1.1-.Egz2r0dY5qtoGtTaxAUiZNw1w2mZXBM7xHX43Ha5Ro/n9tgo/0x4AAAAAADV3ju2YEd8uiR-k/dark/fbE/failure_retry/flexible?lang=auto:1:57395)
    at unknown (https://challenges.cloudflare.com/cdn-cgi/challenge-platform/h/g/turnstile/f/av0/rch_TcxkYBvD0b1tSoKYVWTM4tHFrWZyfeRWuOJhgHzTQM-1788712195-1.3.1.1-.Egz2r0dY5qtoGtTaxAUiZNw1w2mZXBM7xHX43Ha5Ro/n9tgo/0x4AAAAAADV3ju2YEd8uiR-k/dark/fbE/failure_retry/flexible?lang=auto:1:48260)
    at rA (https://challenges.cloudflare.com/cdn-cgi/challenge-platform/h/g/turnstile/f/av0/rch_TcxkYBvD0b1tSoKYVWTM4tHFrWZyfeRWuOJhgHzTQM-1788712195-1.3.1.1-.Egz2r0dY5qtoGtTaxAUiZNw1w2mZXBM7xHX43Ha5Ro/n9tgo/0x4AAAAAADV3ju2YEd8uiR-k/dark/fbE/failure_retry/flexible?lang=auto:1:53476)
    at kEKKl (https://challenges.cloudflare.com/cdn-cgi/challenge-platform/h/g/turnstile/f/av0/rch_TcxkYBvD0b1tSoKYVWTM4tHFrWZyfeRWuOJhgHzTQM-1788712195-1.3.1.1-.Egz2r0dY5qtoGtTaxAUiZNw1w2mZXBM7xHX43Ha5Ro/n9tgo/0x4AAAAAADV3ju2YEd8uiR-k/dark/fbE/failure_retry/flexible?lang=auto:1:119306)
    at Q (https://challenges.cloudflare.com/cdn-cgi/challenge-platform/h/g/turnstile/f/av0/rch_TcxkYBvD0b1tSoKYVWTM4tHFrWZyfeRWuOJhgHzTQM-1788712195-1.3.1.1-.Egz2r0dY5qtoGtTaxAUiZNw1w2mZXBM7xHX43Ha5Ro/n9tgo/0x4AAAAAADV3ju2YEd8uiR-k/dark/fbE/failure_retry/flexible?lang=auto:1:127911)
    at rf (https://challenges.cloudflare.com/cdn-cgi/challenge-platform/h/g/turnstile/f/av0/rch_TcxkYBvD0b1tSoKYVWTM4tHFrWZyfeRWuOJhgHzTQM-1788712195-1.3.1.1-.Egz2r0dY5qtoGtTaxAUiZNw1w2mZXBM7xHX43Ha5Ro/n9tgo/0x4AAAAAADV3ju2YEd8uiR-k/dark/fbE/failure_retry/flexible?lang=auto:1:162082)
    at sAhpF (https://challenges.cloudflare.com/cdn-cgi/challenge-platform/h/g/turnstile/f/av0/rch_TcxkYBvD0b1tSoKYVWTM4tHFrWZyfeRWuOJhgHzTQM-1788712195-1.3.1.1-.Egz2r0dY5qtoGtTaxAUiZNw1w2mZXBM7xHX43Ha5Ro/n9tgo/0x4AAAAAADV3ju2YEd8uiR-k/dark/fbE/failure_retry/flexible?lang=auto:1:153633)
    at rl (https://challenges.cloudflare.com/cdn-cgi/challenge-platform/h/g/turnstile/f/av0/rch_TcxkYBvD0b1tSoKYVWTM4tHFrWZyfeRWuOJhgHzTQM-1788712195-1.3.1.1-.Egz2r0dY5qtoGtTaxAUiZNw1w2mZXBM7xHX43Ha5Ro/n9tgo/0x4AAAAAADV3ju2YEd8uiR-k/dark/fbE/failure_retry/flexible?lang=auto:1:155936)
[ 1183831ms] [ERROR] Failed to load resource: the server responded with a status of 400 () @ https://challenges.cloudflare.com/cdn-cgi/challenge-platform/h/g/fo/1197279624:1788707334:Txm0ocitY3JTXxkcL5r3OGSsr15drffiIs-d_ujGMYU/a36edb36fd0dd87b/wmDGZNm_vbLI5BdkTsZ0idvi2tXwixEuJg.ycj3AGXA-1788712205-1.2.1.1-M7F5Ym1vZ4F80Jax.AhNw5UyuYgQfVVl1joA5QYCAgTxTw_NXkaoiN9hk7u37ymf:0
[ 1193920ms] [ERROR] Unable to post message to https://challenges.cloudflare.com. Recipient has origin http://localhost:3000.
 @ https://challenges.cloudflare.com/turnstile/v0/g/330e41bb475c/api.js:1
[ 1194006ms] Blocked a frame with origin "https://challenges.cloudflare.com" from accessing a frame with origin "http://localhost:3000".  The frame requesting access has a protocol of "https", the frame being accessed has a protocol of "http". Protocols must match.

    at unknown (https://challenges.cloudflare.com/cdn-cgi/challenge-platform/h/g/turnstile/f/av0/rchc7.gIdoknP3jmiVs3yX08XDUpvfAMkQQmkyZWcsV6Bg-1788712205-1.3.1.1-CnhGdKpapr8TqqG9xB8i3234FkJfpz6Qhv3rhFp5Okg/n9tgo/0x4AAAAAADV3ju2YEd8uiR-k/dark/fbE/failure_retry/flexible?lang=auto:1:50280)
    at Hr (https://challenges.cloudflare.com/cdn-cgi/challenge-platform/h/g/turnstile/f/av0/rchc7.gIdoknP3jmiVs3yX08XDUpvfAMkQQmkyZWcsV6Bg-1788712205-1.3.1.1-CnhGdKpapr8TqqG9xB8i3234FkJfpz6Qhv3rhFp5Okg/n9tgo/0x4AAAAAADV3ju2YEd8uiR-k/dark/fbE/failure_retry/flexible?lang=auto:1:222676)
    at H4 (https://challenges.cloudflare.com/cdn-cgi/challenge-platform/h/g/turnstile/f/av0/rchc7.gIdoknP3jmiVs3yX08XDUpvfAMkQQmkyZWcsV6Bg-1788712205-1.3.1.1-CnhGdKpapr8TqqG9xB8i3234FkJfpz6Qhv3rhFp5Okg/n9tgo/0x4AAAAAADV3ju2YEd8uiR-k/dark/fbE/failure_retry/flexible?lang=auto:1:89670)
    at unknown (https://challenges.cloudflare.com/cdn-cgi/challenge-platform/h/g/turnstile/f/av0/rchc7.gIdoknP3jmiVs3yX08XDUpvfAMkQQmkyZWcsV6Bg-1788712205-1.3.1.1-CnhGdKpapr8TqqG9xB8i3234FkJfpz6Qhv3rhFp5Okg/n9tgo/0x4AAAAAADV3ju2YEd8uiR-k/dark/fbE/failure_retry/flexible?lang=auto:1:49830)
    at Hr (https://challenges.cloudflare.com/cdn-cgi/challenge-platform/h/g/turnstile/f/av0/rchc7.gIdoknP3jmiVs3yX08XDUpvfAMkQQmkyZWcsV6Bg-1788712205-1.3.1.1-CnhGdKpapr8TqqG9xB8i3234FkJfpz6Qhv3rhFp5Okg/n9tgo/0x4AAAAAADV3ju2YEd8uiR-k/dark/fbE/failure_retry/flexible?lang=auto:1:222676)
    at D (https://challenges.cloudflare.com/cdn-cgi/challenge-platform/h/g/turnstile/f/av0/rchc7.gIdoknP3jmiVs3yX08XDUpvfAMkQQmkyZWcsV6Bg-1788712205-1.3.1.1-CnhGdKpapr8TqqG9xB8i3234FkJfpz6Qhv3rhFp5Okg/n9tgo/0x4AAAAAADV3ju2YEd8uiR-k/dark/fbE/failure_retry/flexible?lang=auto:1:72478)
    at TbWEe (https://challenges.cloudflare.com/cdn-cgi/challenge-platform/h/g/turnstile/f/av0/rchc7.gIdoknP3jmiVs3yX08XDUpvfAMkQQmkyZWcsV6Bg-1788712205-1.3.1.1-CnhGdKpapr8TqqG9xB8i3234FkJfpz6Qhv3rhFp5Okg/n9tgo/0x4AAAAAADV3ju2YEd8uiR-k/dark/fbE/failure_retry/flexible?lang=auto:1:228529)
    at He (https://challenges.cloudflare.com/cdn-cgi/challenge-platform/h/g/turnstile/f/av0/rchc7.gIdoknP3jmiVs3yX08XDUpvfAMkQQmkyZWcsV6Bg-1788712205-1.3.1.1-CnhGdKpapr8TqqG9xB8i3234FkJfpz6Qhv3rhFp5Okg/n9tgo/0x4AAAAAADV3ju2YEd8uiR-k/dark/fbE/failure_retry/flexible?lang=auto:1:236808)
    at sXEKM (https://challenges.cloudflare.com/cdn-cgi/challenge-platform/h/g/turnstile/f/av0/rchc7.gIdoknP3jmiVs3yX08XDUpvfAMkQQmkyZWcsV6Bg-1788712205-1.3.1.1-CnhGdKpapr8TqqG9xB8i3234FkJfpz6Qhv3rhFp5Okg/n9tgo/0x4AAAAAADV3ju2YEd8uiR-k/dark/fbE/failure_retry/flexible?lang=auto:1:228763)
    at Hx (https://challenges.cloudflare.com/cdn-cgi/challenge-platform/h/g/turnstile/f/av0/rchc7.gIdoknP3jmiVs3yX08XDUpvfAMkQQmkyZWcsV6Bg-1788712205-1.3.1.1-CnhGdKpapr8TqqG9xB8i3234FkJfpz6Qhv3rhFp5Okg/n9tgo/0x4AAAAAADV3ju2YEd8uiR-k/dark/fbE/failure_retry/flexible?lang=auto:1:230886)
[ 1194152ms] [ERROR] Failed to load resource: the server responded with a status of 400 () @ https://challenges.cloudflare.com/cdn-cgi/challenge-platform/h/g/fo/1197279624:1788707334:Txm0ocitY3JTXxkcL5r3OGSsr15drffiIs-d_ujGMYU/a36edb779a2ed87b/hOV6vqwUPuHJz0BK0aLvJTuTVkEh1t7T7KxzvDkGonw-1788712216-1.2.1.1-nVOTZspKfLUlFQPOjSRgPUieTefXpP2t7o_pXpQHtFFmA72ThGkQKsm8Z8y1HzJ7:0
[ 1204358ms] Blocked a frame with origin "https://challenges.cloudflare.com" from accessing a frame with origin "http://localhost:3000".  The frame requesting access has a protocol of "https", the frame being accessed has a protocol of "http". Protocols must match.

    at unknown (https://challenges.cloudflare.com/cdn-cgi/challenge-platform/h/g/turnstile/f/av0/rchsccUu19NV6W_igcgwIHbrA2etwwq_dR0VaCxgb7TOFQ-1788712216-1.3.1.1-9P88IaYPiQOPItzmWqkytkaSerhOaDIUpP0Wl92_6yk/n9tgo/0x4AAAAAADV3ju2YEd8uiR-k/dark/fbE/failure_retry/flexible?lang=auto:1:50885)
    at Hr (https://challenges.cloudflare.com/cdn-cgi/challenge-platform/h/g/turnstile/f/av0/rchsccUu19NV6W_igcgwIHbrA2etwwq_dR0VaCxgb7TOFQ-1788712216-1.3.1.1-9P88IaYPiQOPItzmWqkytkaSerhOaDIUpP0Wl92_6yk/n9tgo/0x4AAAAAADV3ju2YEd8uiR-k/dark/fbE/failure_retry/flexible?lang=auto:1:58443)
    at vyyWS (https://challenges.cloudflare.com/cdn-cgi/challenge-platform/h/g/turnstile/f/av0/rchsccUu19NV6W_igcgwIHbrA2etwwq_dR0VaCxgb7TOFQ-1788712216-1.3.1.1-9P88IaYPiQOPItzmWqkytkaSerhOaDIUpP0Wl92_6yk/n9tgo/0x4AAAAAADV3ju2YEd8uiR-k/dark/fbE/failure_retry/flexible?lang=auto:1:242715)
    at H4 (https://challenges.cloudflare.com/cdn-cgi/challenge-platform/h/g/turnstile/f/av0/rchsccUu19NV6W_igcgwIHbrA2etwwq_dR0VaCxgb7TOFQ-1788712216-1.3.1.1-9P88IaYPiQOPItzmWqkytkaSerhOaDIUpP0Wl92_6yk/n9tgo/0x4AAAAAADV3ju2YEd8uiR-k/dark/fbE/failure_retry/flexible?lang=auto:1:243886)
    at unknown (https://challenges.cloudflare.com/cdn-cgi/challenge-platform/h/g/turnstile/f/av0/rchsccUu19NV6W_igcgwIHbrA2etwwq_dR0VaCxgb7TOFQ-1788712216-1.3.1.1-9P88IaYPiQOPItzmWqkytkaSerhOaDIUpP0Wl92_6yk/n9tgo/0x4AAAAAADV3ju2YEd8uiR-k/dark/fbE/failure_retry/flexible?lang=auto:1:50435)
    at Hr (https://challenges.cloudflare.com/cdn-cgi/challenge-platform/h/g/turnstile/f/av0/rchsccUu19NV6W_igcgwIHbrA2etwwq_dR0VaCxgb7TOFQ-1788712216-1.3.1.1-9P88IaYPiQOPItzmWqkytkaSerhOaDIUpP0Wl92_6yk/n9tgo/0x4AAAAAADV3ju2YEd8uiR-k/dark/fbE/failure_retry/flexible?lang=auto:1:58443)
    at jZXwI (https://challenges.cloudflare.com/cdn-cgi/challenge-platform/h/g/turnstile/f/av0/rchsccUu19NV6W_igcgwIHbrA2etwwq_dR0VaCxgb7TOFQ-1788712216-1.3.1.1-9P88IaYPiQOPItzmWqkytkaSerhOaDIUpP0Wl92_6yk/n9tgo/0x4AAAAAADV3ju2YEd8uiR-k/dark/fbE/failure_retry/flexible?lang=auto:1:62601)
    at D (https://challenges.cloudflare.com/cdn-cgi/challenge-platform/h/g/turnstile/f/av0/rchsccUu19NV6W_igcgwIHbrA2etwwq_dR0VaCxgb7TOFQ-1788712216-1.3.1.1-9P88IaYPiQOPItzmWqkytkaSerhOaDIUpP0Wl92_6yk/n9tgo/0x4AAAAAADV3ju2YEd8uiR-k/dark/fbE/failure_retry/flexible?lang=auto:1:71023)
    at He (https://challenges.cloudflare.com/cdn-cgi/challenge-platform/h/g/turnstile/f/av0/rchsccUu19NV6W_igcgwIHbrA2etwwq_dR0VaCxgb7TOFQ-1788712216-1.3.1.1-9P88IaYPiQOPItzmWqkytkaSerhOaDIUpP0Wl92_6yk/n9tgo/0x4AAAAAADV3ju2YEd8uiR-k/dark/fbE/failure_retry/flexible?lang=auto:1:219741)
    at Hx (https://challenges.cloudflare.com/cdn-cgi/challenge-platform/h/g/turnstile/f/av0/rchsccUu19NV6W_igcgwIHbrA2etwwq_dR0VaCxgb7TOFQ-1788712216-1.3.1.1-9P88IaYPiQOPItzmWqkytkaSerhOaDIUpP0Wl92_6yk/n9tgo/0x4AAAAAADV3ju2YEd8uiR-k/dark/fbE/failure_retry/flexible?lang=auto:1:216261)
[ 1204496ms] [ERROR] Failed to load resource: the server responded with a status of 400 () @ https://challenges.cloudflare.com/cdn-cgi/challenge-platform/h/g/fo/1197279624:1788707334:Txm0ocitY3JTXxkcL5r3OGSsr15drffiIs-d_ujGMYU/a36edbb83872d87b/AXz3gVLkb9PvKdTJDmNftXUuOUtR07L8FLU6xyUdlVk-1788712226-1.2.1.1-.TNofo1YtRHXlaWK_aJSCS_XMxDlJzWt7EaWY02Ypc77T9chuzBJXy60uWxGEmqT:0
[ 1214657ms] Blocked a frame with origin "https://challenges.cloudflare.com" from accessing a frame with origin "http://localhost:3000".  The frame requesting access has a protocol of "https", the frame being accessed has a protocol of "http". Protocols must match.

    at unknown (https://challenges.cloudflare.com/cdn-cgi/challenge-platform/h/g/turnstile/f/av0/rchnCDcTGtouIAHs3JPkQ4v_f4QQsrHOvbIzDpgDfSCLC0-1788712226-1.3.1.1-v59wmbbIKoVX.s6BQPeu2ziP8KtJ2.tjPZcFymLTC9o/n9tgo/0x4AAAAAADV3ju2YEd8uiR-k/dark/fbE/failure_retry/flexible?lang=auto:1:49361)
    at Hr (https://challenges.cloudflare.com/cdn-cgi/challenge-platform/h/g/turnstile/f/av0/rchnCDcTGtouIAHs3JPkQ4v_f4QQsrHOvbIzDpgDfSCLC0-1788712226-1.3.1.1-v59wmbbIKoVX.s6BQPeu2ziP8KtJ2.tjPZcFymLTC9o/n9tgo/0x4AAAAAADV3ju2YEd8uiR-k/dark/fbE/failure_retry/flexible?lang=auto:1:135283)
    at H4 (https://challenges.cloudflare.com/cdn-cgi/challenge-platform/h/g/turnstile/f/av0/rchnCDcTGtouIAHs3JPkQ4v_f4QQsrHOvbIzDpgDfSCLC0-1788712226-1.3.1.1-v59wmbbIKoVX.s6BQPeu2ziP8KtJ2.tjPZcFymLTC9o/n9tgo/0x4AAAAAADV3ju2YEd8uiR-k/dark/fbE/failure_retry/flexible?lang=auto:1:188287)
    at unknown (https://challenges.cloudflare.com/cdn-cgi/challenge-platform/h/g/turnstile/f/av0/rchnCDcTGtouIAHs3JPkQ4v_f4QQsrHOvbIzDpgDfSCLC0-1788712226-1.3.1.1-v59wmbbIKoVX.s6BQPeu2ziP8KtJ2.tjPZcFymLTC9o/n9tgo/0x4AAAAAADV3ju2YEd8uiR-k/dark/fbE/failure_retry/flexible?lang=auto:1:48911)
    at Hr (https://challenges.cloudflare.com/cdn-cgi/challenge-platform/h/g/turnstile/f/av0/rchnCDcTGtouIAHs3JPkQ4v_f4QQsrHOvbIzDpgDfSCLC0-1788712226-1.3.1.1-v59wmbbIKoVX.s6BQPeu2ziP8KtJ2.tjPZcFymLTC9o/n9tgo/0x4AAAAAADV3ju2YEd8uiR-k/dark/fbE/failure_retry/flexible?lang=auto:1:135283)
    at D (https://challenges.cloudflare.com/cdn-cgi/challenge-platform/h/g/turnstile/f/av0/rchnCDcTGtouIAHs3JPkQ4v_f4QQsrHOvbIzDpgDfSCLC0-1788712226-1.3.1.1-v59wmbbIKoVX.s6BQPeu2ziP8KtJ2.tjPZcFymLTC9o/n9tgo/0x4AAAAAADV3ju2YEd8uiR-k/dark/fbE/failure_retry/flexible?lang=auto:1:62498)
    at AWLbu (https://challenges.cloudflare.com/cdn-cgi/challenge-platform/h/g/turnstile/f/av0/rchnCDcTGtouIAHs3JPkQ4v_f4QQsrHOvbIzDpgDfSCLC0-1788712226-1.3.1.1-v59wmbbIKoVX.s6BQPeu2ziP8KtJ2.tjPZcFymLTC9o/n9tgo/0x4AAAAAADV3ju2YEd8uiR-k/dark/fbE/failure_retry/flexible?lang=auto:1:227766)
    at He (https://challenges.cloudflare.com/cdn-cgi/challenge-platform/h/g/turnstile/f/av0/rchnCDcTGtouIAHs3JPkQ4v_f4QQsrHOvbIzDpgDfSCLC0-1788712226-1.3.1.1-v59wmbbIKoVX.s6BQPeu2ziP8KtJ2.tjPZcFymLTC9o/n9tgo/0x4AAAAAADV3ju2YEd8uiR-k/dark/fbE/failure_retry/flexible?lang=auto:1:233706)
    at Hx (https://challenges.cloudflare.com/cdn-cgi/challenge-platform/h/g/turnstile/f/av0/rchnCDcTGtouIAHs3JPkQ4v_f4QQsrHOvbIzDpgDfSCLC0-1788712226-1.3.1.1-v59wmbbIKoVX.s6BQPeu2ziP8KtJ2.tjPZcFymLTC9o/n9tgo/0x4AAAAAADV3ju2YEd8uiR-k/dark/fbE/failure_retry/flexible?lang=auto:1:230142)
[ 1214801ms] [ERROR] Failed to load resource: the server responded with a status of 400 () @ https://challenges.cloudflare.com/cdn-cgi/challenge-platform/h/g/fo/1197279624:1788707334:Txm0ocitY3JTXxkcL5r3OGSsr15drffiIs-d_ujGMYU/a36edbf87ba6d87b/4i1rkzDnArUXpLyek4JmVIeqTvvFhMuj.PS6YBsGZ6g-1788712236-1.2.1.1-ltQr9vkCHtnd0HlIxxlMZlIrlqowcOonyiLW7Y_zs.1dA_0U_uRBCKD23TyB6b3F:0
[ 1224923ms] Blocked a frame with origin "https://challenges.cloudflare.com" from accessing a frame with origin "http://localhost:3000".  The frame requesting access has a protocol of "https", the frame being accessed has a protocol of "http". Protocols must match.

    at unknown (https://challenges.cloudflare.com/cdn-cgi/challenge-platform/h/g/turnstile/f/av0/rchUkhU10IYeI2l_iCmyA0NkcusyvmYzhSGJpu.Qxlv0w8-1788712236-1.3.1.1-UlszvcSFNg0Bb3pVKP6TuE7Q24HCKOyZfIfc3Ss9Xuo/n9tgo/0x4AAAAAADV3ju2YEd8uiR-k/dark/fbE/failure_retry/flexible?lang=auto:1:48818)
    at rA (https://challenges.cloudflare.com/cdn-cgi/challenge-platform/h/g/turnstile/f/av0/rchUkhU10IYeI2l_iCmyA0NkcusyvmYzhSGJpu.Qxlv0w8-1788712236-1.3.1.1-UlszvcSFNg0Bb3pVKP6TuE7Q24HCKOyZfIfc3Ss9Xuo/n9tgo/0x4AAAAAADV3ju2YEd8uiR-k/dark/fbE/failure_retry/flexible?lang=auto:1:238684)
    at zfzpM (https://challenges.cloudflare.com/cdn-cgi/challenge-platform/h/g/turnstile/f/av0/rchUkhU10IYeI2l_iCmyA0NkcusyvmYzhSGJpu.Qxlv0w8-1788712236-1.3.1.1-UlszvcSFNg0Bb3pVKP6TuE7Q24HCKOyZfIfc3Ss9Xuo/n9tgo/0x4AAAAAADV3ju2YEd8uiR-k/dark/fbE/failure_retry/flexible?lang=auto:1:92584)
    at r4 (https://challenges.cloudflare.com/cdn-cgi/challenge-platform/h/g/turnstile/f/av0/rchUkhU10IYeI2l_iCmyA0NkcusyvmYzhSGJpu.Qxlv0w8-1788712236-1.3.1.1-UlszvcSFNg0Bb3pVKP6TuE7Q24HCKOyZfIfc3Ss9Xuo/n9tgo/0x4AAAAAADV3ju2YEd8uiR-k/dark/fbE/failure_retry/flexible?lang=auto:1:93892)
    at unknown (https://challenges.cloudflare.com/cdn-cgi/challenge-platform/h/g/turnstile/f/av0/rchUkhU10IYeI2l_iCmyA0NkcusyvmYzhSGJpu.Qxlv0w8-1788712236-1.3.1.1-UlszvcSFNg0Bb3pVKP6TuE7Q24HCKOyZfIfc3Ss9Xuo/n9tgo/0x4AAAAAADV3ju2YEd8uiR-k/dark/fbE/failure_retry/flexible?lang=auto:1:48368)
    at rA (https://challenges.cloudflare.com/cdn-cgi/challenge-platform/h/g/turnstile/f/av0/rchUkhU10IYeI2l_iCmyA0NkcusyvmYzhSGJpu.Qxlv0w8-1788712236-1.3.1.1-UlszvcSFNg0Bb3pVKP6TuE7Q24HCKOyZfIfc3Ss9Xuo/n9tgo/0x4AAAAAADV3ju2YEd8uiR-k/dark/fbE/failure_retry/flexible?lang=auto:1:238684)
    at Q (https://challenges.cloudflare.com/cdn-cgi/challenge-platform/h/g/turnstile/f/av0/rchUkhU10IYeI2l_iCmyA0NkcusyvmYzhSGJpu.Qxlv0w8-1788712236-1.3.1.1-UlszvcSFNg0Bb3pVKP6TuE7Q24HCKOyZfIfc3Ss9Xuo/n9tgo/0x4AAAAAADV3ju2YEd8uiR-k/dark/fbE/failure_retry/flexible?lang=auto:1:59817)
    at rf (https://challenges.cloudflare.com/cdn-cgi/challenge-platform/h/g/turnstile/f/av0/rchUkhU10IYeI2l_iCmyA0NkcusyvmYzhSGJpu.Qxlv0w8-1788712236-1.3.1.1-UlszvcSFNg0Bb3pVKP6TuE7Q24HCKOyZfIfc3Ss9Xuo/n9tgo/0x4AAAAAADV3ju2YEd8uiR-k/dark/fbE/failure_retry/flexible?lang=auto:1:168441)
    at rl (https://challenges.cloudflare.com/cdn-cgi/challenge-platform/h/g/turnstile/f/av0/rchUkhU10IYeI2l_iCmyA0NkcusyvmYzhSGJpu.Qxlv0w8-1788712236-1.3.1.1-UlszvcSFNg0Bb3pVKP6TuE7Q24HCKOyZfIfc3Ss9Xuo/n9tgo/0x4AAAAAADV3ju2YEd8uiR-k/dark/fbE/failure_retry/flexible?lang=auto:1:165843)
[ 1225069ms] [ERROR] Failed to load resource: the server responded with a status of 400 () @ https://challenges.cloudflare.com/cdn-cgi/challenge-platform/h/g/fo/1197279624:1788707334:Txm0ocitY3JTXxkcL5r3OGSsr15drffiIs-d_ujGMYU/a36edc38ceddd87b/NJA7v8anr4XdkYjRf5JE2o8h5nzdD5JsVB7S4fKZFwI-1788712247-1.2.1.1-wO7HJYyvd05nffs7mwCjPjFtzEDam8JNqK5KOJSSf_9hrLz0B5FuMoBNGPtGs8C_:0
[ 1235267ms] Blocked a frame with origin "https://challenges.cloudflare.com" from accessing a frame with origin "http://localhost:3000".  The frame requesting access has a protocol of "https", the frame being accessed has a protocol of "http". Protocols must match.

    at unknown (https://challenges.cloudflare.com/cdn-cgi/challenge-platform/h/g/turnstile/f/av0/rch0xvPDxp7Z3Jsn2VR4JaUAbEZdYa._cAU7qu9DL7h62E-1788712247-1.3.1.1-5dp.PBvs5tS65W7gvJyq2osuqdiWH3V4AAoqIN1ofC0/n9tgo/0x4AAAAAADV3ju2YEd8uiR-k/dark/fbE/failure_retry/flexible?lang=auto:1:48905)
    at Hr (https://challenges.cloudflare.com/cdn-cgi/challenge-platform/h/g/turnstile/f/av0/rch0xvPDxp7Z3Jsn2VR4JaUAbEZdYa._cAU7qu9DL7h62E-1788712247-1.3.1.1-5dp.PBvs5tS65W7gvJyq2osuqdiWH3V4AAoqIN1ofC0/n9tgo/0x4AAAAAADV3ju2YEd8uiR-k/dark/fbE/failure_retry/flexible?lang=auto:1:149417)
    at H4 (https://challenges.cloudflare.com/cdn-cgi/challenge-platform/h/g/turnstile/f/av0/rch0xvPDxp7Z3Jsn2VR4JaUAbEZdYa._cAU7qu9DL7h62E-1788712247-1.3.1.1-5dp.PBvs5tS65W7gvJyq2osuqdiWH3V4AAoqIN1ofC0/n9tgo/0x4AAAAAADV3ju2YEd8uiR-k/dark/fbE/failure_retry/flexible?lang=auto:1:253599)
    at unknown (https://challenges.cloudflare.com/cdn-cgi/challenge-platform/h/g/turnstile/f/av0/rch0xvPDxp7Z3Jsn2VR4JaUAbEZdYa._cAU7qu9DL7h62E-1788712247-1.3.1.1-5dp.PBvs5tS65W7gvJyq2osuqdiWH3V4AAoqIN1ofC0/n9tgo/0x4AAAAAADV3ju2YEd8uiR-k/dark/fbE/failure_retry/flexible?lang=auto:1:48455)
    at Hr (https://challenges.cloudflare.com/cdn-cgi/challenge-platform/h/g/turnstile/f/av0/rch0xvPDxp7Z3Jsn2VR4JaUAbEZdYa._cAU7qu9DL7h62E-1788712247-1.3.1.1-5dp.PBvs5tS65W7gvJyq2osuqdiWH3V4AAoqIN1ofC0/n9tgo/0x4AAAAAADV3ju2YEd8uiR-k/dark/fbE/failure_retry/flexible?lang=auto:1:149417)
    at CqbHw (https://challenges.cloudflare.com/cdn-cgi/challenge-platform/h/g/turnstile/f/av0/rch0xvPDxp7Z3Jsn2VR4JaUAbEZdYa._cAU7qu9DL7h62E-1788712247-1.3.1.1-5dp.PBvs5tS65W7gvJyq2osuqdiWH3V4AAoqIN1ofC0/n9tgo/0x4AAAAAADV3ju2YEd8uiR-k/dark/fbE/failure_retry/flexible?lang=auto:1:160734)
    at D (https://challenges.cloudflare.com/cdn-cgi/challenge-platform/h/g/turnstile/f/av0/rch0xvPDxp7Z3Jsn2VR4JaUAbEZdYa._cAU7qu9DL7h62E-1788712247-1.3.1.1-5dp.PBvs5tS65W7gvJyq2osuqdiWH3V4AAoqIN1ofC0/n9tgo/0x4AAAAAADV3ju2YEd8uiR-k/dark/fbE/failure_retry/flexible?lang=auto:1:171531)
    at He (https://challenges.cloudflare.com/cdn-cgi/challenge-platform/h/g/turnstile/f/av0/rch0xvPDxp7Z3Jsn2VR4JaUAbEZdYa._cAU7qu9DL7h62E-1788712247-1.3.1.1-5dp.PBvs5tS65W7gvJyq2osuqdiWH3V4AAoqIN1ofC0/n9tgo/0x4AAAAAADV3ju2YEd8uiR-k/dark/fbE/failure_retry/flexible?lang=auto:1:124837)
    at Hx (https://challenges.cloudflare.com/cdn-cgi/challenge-platform/h/g/turnstile/f/av0/rch0xvPDxp7Z3Jsn2VR4JaUAbEZdYa._cAU7qu9DL7h62E-1788712247-1.3.1.1-5dp.PBvs5tS65W7gvJyq2osuqdiWH3V4AAoqIN1ofC0/n9tgo/0x4AAAAAADV3ju2YEd8uiR-k/dark/fbE/failure_retry/flexible?lang=auto:1:121703)
[ 1235418ms] [ERROR] Failed to load resource: the server responded with a status of 400 () @ https://challenges.cloudflare.com/cdn-cgi/challenge-platform/h/g/fo/1197279624:1788707334:Txm0ocitY3JTXxkcL5r3OGSsr15drffiIs-d_ujGMYU/a36edc792f35d87b/Z7j_3od1ilN7R6BSmHKk9X.dtXYaJ2IonHaOJP4wEbc-1788712257-1.2.1.1-wY25xwpXNh32ZMNL8s3Ch_ZDOQL3e4iCyj1e1dxAkK8.tyAH1trtdG.8abqLb4G8:0
[ 1245446ms] [ERROR] Unable to post message to https://challenges.cloudflare.com. Recipient has origin http://localhost:3000.
 @ https://challenges.cloudflare.com/turnstile/v0/g/330e41bb475c/api.js:1
[ 1245536ms] Blocked a frame with origin "https://challenges.cloudflare.com" from accessing a frame with origin "http://localhost:3000".  The frame requesting access has a protocol of "https", the frame being accessed has a protocol of "http". Protocols must match.

    at unknown (https://challenges.cloudflare.com/cdn-cgi/challenge-platform/h/g/turnstile/f/av0/rchmtvDlOFOe2W77n856MhIWwqqobafkgwV_eOCrUNOxYk-1788712257-1.3.1.1-yfH23wAun10uFY7blw1bDE7hX_emcwDLHo7bAPZvVzU/n9tgo/0x4AAAAAADV3ju2YEd8uiR-k/dark/fbE/failure_retry/flexible?lang=auto:1:50885)
    at Hr (https://challenges.cloudflare.com/cdn-cgi/challenge-platform/h/g/turnstile/f/av0/rchmtvDlOFOe2W77n856MhIWwqqobafkgwV_eOCrUNOxYk-1788712257-1.3.1.1-yfH23wAun10uFY7blw1bDE7hX_emcwDLHo7bAPZvVzU/n9tgo/0x4AAAAAADV3ju2YEd8uiR-k/dark/fbE/failure_retry/flexible?lang=auto:1:58443)
    at vyyWS (https://challenges.cloudflare.com/cdn-cgi/challenge-platform/h/g/turnstile/f/av0/rchmtvDlOFOe2W77n856MhIWwqqobafkgwV_eOCrUNOxYk-1788712257-1.3.1.1-yfH23wAun10uFY7blw1bDE7hX_emcwDLHo7bAPZvVzU/n9tgo/0x4AAAAAADV3ju2YEd8uiR-k/dark/fbE/failure_retry/flexible?lang=auto:1:242715)
    at H4 (https://challenges.cloudflare.com/cdn-cgi/challenge-platform/h/g/turnstile/f/av0/rchmtvDlOFOe2W77n856MhIWwqqobafkgwV_eOCrUNOxYk-1788712257-1.3.1.1-yfH23wAun10uFY7blw1bDE7hX_emcwDLHo7bAPZvVzU/n9tgo/0x4AAAAAADV3ju2YEd8uiR-k/dark/fbE/failure_retry/flexible?lang=auto:1:243886)
    at unknown (https://challenges.cloudflare.com/cdn-cgi/challenge-platform/h/g/turnstile/f/av0/rchmtvDlOFOe2W77n856MhIWwqqobafkgwV_eOCrUNOxYk-1788712257-1.3.1.1-yfH23wAun10uFY7blw1bDE7hX_emcwDLHo7bAPZvVzU/n9tgo/0x4AAAAAADV3ju2YEd8uiR-k/dark/fbE/failure_retry/flexible?lang=auto:1:50435)
    at Hr (https://challenges.cloudflare.com/cdn-cgi/challenge-platform/h/g/turnstile/f/av0/rchmtvDlOFOe2W77n856MhIWwqqobafkgwV_eOCrUNOxYk-1788712257-1.3.1.1-yfH23wAun10uFY7blw1bDE7hX_emcwDLHo7bAPZvVzU/n9tgo/0x4AAAAAADV3ju2YEd8uiR-k/dark/fbE/failure_retry/flexible?lang=auto:1:58443)
    at jZXwI (https://challenges.cloudflare.com/cdn-cgi/challenge-platform/h/g/turnstile/f/av0/rchmtvDlOFOe2W77n856MhIWwqqobafkgwV_eOCrUNOxYk-1788712257-1.3.1.1-yfH23wAun10uFY7blw1bDE7hX_emcwDLHo7bAPZvVzU/n9tgo/0x4AAAAAADV3ju2YEd8uiR-k/dark/fbE/failure_retry/flexible?lang=auto:1:62601)
    at D (https://challenges.cloudflare.com/cdn-cgi/challenge-platform/h/g/turnstile/f/av0/rchmtvDlOFOe2W77n856MhIWwqqobafkgwV_eOCrUNOxYk-1788712257-1.3.1.1-yfH23wAun10uFY7blw1bDE7hX_emcwDLHo7bAPZvVzU/n9tgo/0x4AAAAAADV3ju2YEd8uiR-k/dark/fbE/failure_retry/flexible?lang=auto:1:71023)
    at He (https://challenges.cloudflare.com/cdn-cgi/challenge-platform/h/g/turnstile/f/av0/rchmtvDlOFOe2W77n856MhIWwqqobafkgwV_eOCrUNOxYk-1788712257-1.3.1.1-yfH23wAun10uFY7blw1bDE7hX_emcwDLHo7bAPZvVzU/n9tgo/0x4AAAAAADV3ju2YEd8uiR-k/dark/fbE/failure_retry/flexible?lang=auto:1:219741)
    at Hx (https://challenges.cloudflare.com/cdn-cgi/challenge-platform/h/g/turnstile/f/av0/rchmtvDlOFOe2W77n856MhIWwqqobafkgwV_eOCrUNOxYk-1788712257-1.3.1.1-yfH23wAun10uFY7blw1bDE7hX_emcwDLHo7bAPZvVzU/n9tgo/0x4AAAAAADV3ju2YEd8uiR-k/dark/fbE/failure_retry/flexible?lang=auto:1:216261)
[ 1245686ms] [ERROR] Failed to load resource: the server responded with a status of 400 () @ https://challenges.cloudflare.com/cdn-cgi/challenge-platform/h/g/fo/1197279624:1788707334:Txm0ocitY3JTXxkcL5r3OGSsr15drffiIs-d_ujGMYU/a36edcb99809d87b/YJYS1v2bt0kaKH1x1GP62XJX.ez1BcHhRPc_uTrNAVA-1788712267-1.2.1.1-Cale_r_0NcxAJl8wOJgLmF.efTTtvjYpc6X4t9A3b4BufmlXR.J2XS00OmbXVkfX:0
[ 1255833ms] Blocked a frame with origin "https://challenges.cloudflare.com" from accessing a frame with origin "http://localhost:3000".  The frame requesting access has a protocol of "https", the frame being accessed has a protocol of "http". Protocols must match.

    at unknown (https://challenges.cloudflare.com/cdn-cgi/challenge-platform/h/g/turnstile/f/av0/rchRZFU0clR_A_ywTin.Nvw4EbBP3AIhWbCWb1aJLLfOfA-1788712267-1.3.1.1-PGZgOcibaQyObKCKM5.NpF.uOKDuXho9ew4jLSSCAV0/n9tgo/0x4AAAAAADV3ju2YEd8uiR-k/dark/fbE/failure_retry/flexible?lang=auto:1:50762)
    at rA (https://challenges.cloudflare.com/cdn-cgi/challenge-platform/h/g/turnstile/f/av0/rchRZFU0clR_A_ywTin.Nvw4EbBP3AIhWbCWb1aJLLfOfA-1788712267-1.3.1.1-PGZgOcibaQyObKCKM5.NpF.uOKDuXho9ew4jLSSCAV0/n9tgo/0x4AAAAAADV3ju2YEd8uiR-k/dark/fbE/failure_retry/flexible?lang=auto:1:123426)
    at r4 (https://challenges.cloudflare.com/cdn-cgi/challenge-platform/h/g/turnstile/f/av0/rchRZFU0clR_A_ywTin.Nvw4EbBP3AIhWbCWb1aJLLfOfA-1788712267-1.3.1.1-PGZgOcibaQyObKCKM5.NpF.uOKDuXho9ew4jLSSCAV0/n9tgo/0x4AAAAAADV3ju2YEd8uiR-k/dark/fbE/failure_retry/flexible?lang=auto:1:250988)
    at unknown (https://challenges.cloudflare.com/cdn-cgi/challenge-platform/h/g/turnstile/f/av0/rchRZFU0clR_A_ywTin.Nvw4EbBP3AIhWbCWb1aJLLfOfA-1788712267-1.3.1.1-PGZgOcibaQyObKCKM5.NpF.uOKDuXho9ew4jLSSCAV0/n9tgo/0x4AAAAAADV3ju2YEd8uiR-k/dark/fbE/failure_retry/flexible?lang=auto:1:50312)
    at rA (https://challenges.cloudflare.com/cdn-cgi/challenge-platform/h/g/turnstile/f/av0/rchRZFU0clR_A_ywTin.Nvw4EbBP3AIhWbCWb1aJLLfOfA-1788712267-1.3.1.1-PGZgOcibaQyObKCKM5.NpF.uOKDuXho9ew4jLSSCAV0/n9tgo/0x4AAAAAADV3ju2YEd8uiR-k/dark/fbE/failure_retry/flexible?lang=auto:1:123426)
    at PgLsR (https://challenges.cloudflare.com/cdn-cgi/challenge-platform/h/g/turnstile/f/av0/rchRZFU0clR_A_ywTin.Nvw4EbBP3AIhWbCWb1aJLLfOfA-1788712267-1.3.1.1-PGZgOcibaQyObKCKM5.NpF.uOKDuXho9ew4jLSSCAV0/n9tgo/0x4AAAAAADV3ju2YEd8uiR-k/dark/fbE/failure_retry/flexible?lang=auto:1:125538)
    at Q (https://challenges.cloudflare.com/cdn-cgi/challenge-platform/h/g/turnstile/f/av0/rchRZFU0clR_A_ywTin.Nvw4EbBP3AIhWbCWb1aJLLfOfA-1788712267-1.3.1.1-PGZgOcibaQyObKCKM5.NpF.uOKDuXho9ew4jLSSCAV0/n9tgo/0x4AAAAAADV3ju2YEd8uiR-k/dark/fbE/failure_retry/flexible?lang=auto:1:133916)
    at uRkyn (https://challenges.cloudflare.com/cdn-cgi/challenge-platform/h/g/turnstile/f/av0/rchRZFU0clR_A_ywTin.Nvw4EbBP3AIhWbCWb1aJLLfOfA-1788712267-1.3.1.1-PGZgOcibaQyObKCKM5.NpF.uOKDuXho9ew4jLSSCAV0/n9tgo/0x4AAAAAADV3ju2YEd8uiR-k/dark/fbE/failure_retry/flexible?lang=auto:1:239275)
    at rf (https://challenges.cloudflare.com/cdn-cgi/challenge-platform/h/g/turnstile/f/av0/rchRZFU0clR_A_ywTin.Nvw4EbBP3AIhWbCWb1aJLLfOfA-1788712267-1.3.1.1-PGZgOcibaQyObKCKM5.NpF.uOKDuXho9ew4jLSSCAV0/n9tgo/0x4AAAAAADV3ju2YEd8uiR-k/dark/fbE/failure_retry/flexible?lang=auto:1:246536)
    at rl (https://challenges.cloudflare.com/cdn-cgi/challenge-platform/h/g/turnstile/f/av0/rchRZFU0clR_A_ywTin.Nvw4EbBP3AIhWbCWb1aJLLfOfA-1788712267-1.3.1.1-PGZgOcibaQyObKCKM5.NpF.uOKDuXho9ew4jLSSCAV0/n9tgo/0x4AAAAAADV3ju2YEd8uiR-k/dark/fbE/failure_retry/flexible?lang=auto:1:241439)
[ 1255981ms] [ERROR] Failed to load resource: the server responded with a status of 400 () @ https://challenges.cloudflare.com/cdn-cgi/challenge-platform/h/g/fo/1197279624:1788707334:Txm0ocitY3JTXxkcL5r3OGSsr15drffiIs-d_ujGMYU/a36edcf9fe99d87b/KpfNtZhP7Ad3VmCxFSrq66xaqtSWUPQ7HEHMD2gQjo4-1788712278-1.2.1.1-Nd8oIVu1nZLKLcYeqDR7YQvPYNkqBtaLD9sP6vPLyaJ0nNUKLuc5Mpenp6RpV.mn:0
[ 1266196ms] Blocked a frame with origin "https://challenges.cloudflare.com" from accessing a frame with origin "http://localhost:3000".  The frame requesting access has a protocol of "https", the frame being accessed has a protocol of "http". Protocols must match.

    at unknown (https://challenges.cloudflare.com/cdn-cgi/challenge-platform/h/g/turnstile/f/av0/rchTYeW_sCyi0VEd2fV3cSObhABNhIJ35cGyukTp4jJftk-1788712278-1.3.1.1-ZgdQEx8xVCFjzwLR72pTv450FhplN_12PGhkA27QO3Q/n9tgo/0x4AAAAAADV3ju2YEd8uiR-k/dark/fbE/failure_retry/flexible?lang=auto:1:48905)
    at Hr (https://challenges.cloudflare.com/cdn-cgi/challenge-platform/h/g/turnstile/f/av0/rchTYeW_sCyi0VEd2fV3cSObhABNhIJ35cGyukTp4jJftk-1788712278-1.3.1.1-ZgdQEx8xVCFjzwLR72pTv450FhplN_12PGhkA27QO3Q/n9tgo/0x4AAAAAADV3ju2YEd8uiR-k/dark/fbE/failure_retry/flexible?lang=auto:1:149417)
    at H4 (https://challenges.cloudflare.com/cdn-cgi/challenge-platform/h/g/turnstile/f/av0/rchTYeW_sCyi0VEd2fV3cSObhABNhIJ35cGyukTp4jJftk-1788712278-1.3.1.1-ZgdQEx8xVCFjzwLR72pTv450FhplN_12PGhkA27QO3Q/n9tgo/0x4AAAAAADV3ju2YEd8uiR-k/dark/fbE/failure_retry/flexible?lang=auto:1:253599)
    at unknown (https://challenges.cloudflare.com/cdn-cgi/challenge-platform/h/g/turnstile/f/av0/rchTYeW_sCyi0VEd2fV3cSObhABNhIJ35cGyukTp4jJftk-1788712278-1.3.1.1-ZgdQEx8xVCFjzwLR72pTv450FhplN_12PGhkA27QO3Q/n9tgo/0x4AAAAAADV3ju2YEd8uiR-k/dark/fbE/failure_retry/flexible?lang=auto:1:48455)
    at Hr (https://challenges.cloudflare.com/cdn-cgi/challenge-platform/h/g/turnstile/f/av0/rchTYeW_sCyi0VEd2fV3cSObhABNhIJ35cGyukTp4jJftk-1788712278-1.3.1.1-ZgdQEx8xVCFjzwLR72pTv450FhplN_12PGhkA27QO3Q/n9tgo/0x4AAAAAADV3ju2YEd8uiR-k/dark/fbE/failure_retry/flexible?lang=auto:1:149417)
    at CqbHw (https://challenges.cloudflare.com/cdn-cgi/challenge-platform/h/g/turnstile/f/av0/rchTYeW_sCyi0VEd2fV3cSObhABNhIJ35cGyukTp4jJftk-1788712278-1.3.1.1-ZgdQEx8xVCFjzwLR72pTv450FhplN_12PGhkA27QO3Q/n9tgo/0x4AAAAAADV3ju2YEd8uiR-k/dark/fbE/failure_retry/flexible?lang=auto:1:160734)
    at D (https://challenges.cloudflare.com/cdn-cgi/challenge-platform/h/g/turnstile/f/av0/rchTYeW_sCyi0VEd2fV3cSObhABNhIJ35cGyukTp4jJftk-1788712278-1.3.1.1-ZgdQEx8xVCFjzwLR72pTv450FhplN_12PGhkA27QO3Q/n9tgo/0x4AAAAAADV3ju2YEd8uiR-k/dark/fbE/failure_retry/flexible?lang=auto:1:171531)
    at He (https://challenges.cloudflare.com/cdn-cgi/challenge-platform/h/g/turnstile/f/av0/rchTYeW_sCyi0VEd2fV3cSObhABNhIJ35cGyukTp4jJftk-1788712278-1.3.1.1-ZgdQEx8xVCFjzwLR72pTv450FhplN_12PGhkA27QO3Q/n9tgo/0x4AAAAAADV3ju2YEd8uiR-k/dark/fbE/failure_retry/flexible?lang=auto:1:124837)
    at Hx (https://challenges.cloudflare.com/cdn-cgi/challenge-platform/h/g/turnstile/f/av0/rchTYeW_sCyi0VEd2fV3cSObhABNhIJ35cGyukTp4jJftk-1788712278-1.3.1.1-ZgdQEx8xVCFjzwLR72pTv450FhplN_12PGhkA27QO3Q/n9tgo/0x4AAAAAADV3ju2YEd8uiR-k/dark/fbE/failure_retry/flexible?lang=auto:1:121703)
[ 1266341ms] [ERROR] Failed to load resource: the server responded with a status of 400 () @ https://challenges.cloudflare.com/cdn-cgi/challenge-platform/h/g/fo/1197279624:1788707334:Txm0ocitY3JTXxkcL5r3OGSsr15drffiIs-d_ujGMYU/a36edd3adfc5d87b/3wnnlBHBSaPMlfOn0lmWXCsVJOgNRdIakwzA_KEh6MI-1788712288-1.2.1.1-i1xBUFXPwHJPcC1NQVbU3eceCIRqTZ2MDKpLPb9Lr.DvnPLDtJBGJLOazlj2sJXc:0
[ 1276737ms] Blocked a frame with origin "https://challenges.cloudflare.com" from accessing a frame with origin "http://localhost:3000".  The frame requesting access has a protocol of "https", the frame being accessed has a protocol of "http". Protocols must match.

    at unknown (https://challenges.cloudflare.com/cdn-cgi/challenge-platform/h/g/turnstile/f/av0/rchYGr.m0wHAgTTz61H0CjGWwd6lYbXZQRSehoc9MqTH3I-1788712288-1.3.1.1-S3lFDs3WCxLwt4Wcb_.f5iix9vPOmI5EZ5J7Nz3bthc/n9tgo/0x4AAAAAADV3ju2YEd8uiR-k/dark/fbE/failure_retry/flexible?lang=auto:1:42393)
    at R2 (https://challenges.cloudflare.com/cdn-cgi/challenge-platform/h/g/turnstile/f/av0/rchYGr.m0wHAgTTz61H0CjGWwd6lYbXZQRSehoc9MqTH3I-1788712288-1.3.1.1-S3lFDs3WCxLwt4Wcb_.f5iix9vPOmI5EZ5J7Nz3bthc/n9tgo/0x4AAAAAADV3ju2YEd8uiR-k/dark/fbE/failure_retry/flexible?lang=auto:1:167948)
    at EA (https://challenges.cloudflare.com/cdn-cgi/challenge-platform/h/g/turnstile/f/av0/rchYGr.m0wHAgTTz61H0CjGWwd6lYbXZQRSehoc9MqTH3I-1788712288-1.3.1.1-S3lFDs3WCxLwt4Wcb_.f5iix9vPOmI5EZ5J7Nz3bthc/n9tgo/0x4AAAAAADV3ju2YEd8uiR-k/dark/fbE/failure_retry/flexible?lang=auto:1:257488)
    at unknown (https://challenges.cloudflare.com/cdn-cgi/challenge-platform/h/g/turnstile/f/av0/rchYGr.m0wHAgTTz61H0CjGWwd6lYbXZQRSehoc9MqTH3I-1788712288-1.3.1.1-S3lFDs3WCxLwt4Wcb_.f5iix9vPOmI5EZ5J7Nz3bthc/n9tgo/0x4AAAAAADV3ju2YEd8uiR-k/dark/fbE/failure_retry/flexible?lang=auto:1:41945)
    at R2 (https://challenges.cloudflare.com/cdn-cgi/challenge-platform/h/g/turnstile/f/av0/rchYGr.m0wHAgTTz61H0CjGWwd6lYbXZQRSehoc9MqTH3I-1788712288-1.3.1.1-S3lFDs3WCxLwt4Wcb_.f5iix9vPOmI5EZ5J7Nz3bthc/n9tgo/0x4AAAAAADV3ju2YEd8uiR-k/dark/fbE/failure_retry/flexible?lang=auto:1:167948)
    at eAlga (https://challenges.cloudflare.com/cdn-cgi/challenge-platform/h/g/turnstile/f/av0/rchYGr.m0wHAgTTz61H0CjGWwd6lYbXZQRSehoc9MqTH3I-1788712288-1.3.1.1-S3lFDs3WCxLwt4Wcb_.f5iix9vPOmI5EZ5J7Nz3bthc/n9tgo/0x4AAAAAADV3ju2YEd8uiR-k/dark/fbE/failure_retry/flexible?lang=auto:1:62555)
    at T (https://challenges.cloudflare.com/cdn-cgi/challenge-platform/h/g/turnstile/f/av0/rchYGr.m0wHAgTTz61H0CjGWwd6lYbXZQRSehoc9MqTH3I-1788712288-1.3.1.1-S3lFDs3WCxLwt4Wcb_.f5iix9vPOmI5EZ5J7Nz3bthc/n9tgo/0x4AAAAAADV3ju2YEd8uiR-k/dark/fbE/failure_retry/flexible?lang=auto:1:70842)
    at vA (https://challenges.cloudflare.com/cdn-cgi/challenge-platform/h/g/turnstile/f/av0/rchYGr.m0wHAgTTz61H0CjGWwd6lYbXZQRSehoc9MqTH3I-1788712288-1.3.1.1-S3lFDs3WCxLwt4Wcb_.f5iix9vPOmI5EZ5J7Nz3bthc/n9tgo/0x4AAAAAADV3ju2YEd8uiR-k/dark/fbE/failure_retry/flexible?lang=auto:1:155142)
    at qmnvH (https://challenges.cloudflare.com/cdn-cgi/challenge-platform/h/g/turnstile/f/av0/rchYGr.m0wHAgTTz61H0CjGWwd6lYbXZQRSehoc9MqTH3I-1788712288-1.3.1.1-S3lFDs3WCxLwt4Wcb_.f5iix9vPOmI5EZ5J7Nz3bthc/n9tgo/0x4AAAAAADV3ju2YEd8uiR-k/dark/fbE/failure_retry/flexible?lang=auto:1:151870)
    at vB (https://challenges.cloudflare.com/cdn-cgi/challenge-platform/h/g/turnstile/f/av0/rchYGr.m0wHAgTTz61H0CjGWwd6lYbXZQRSehoc9MqTH3I-1788712288-1.3.1.1-S3lFDs3WCxLwt4Wcb_.f5iix9vPOmI5EZ5J7Nz3bthc/n9tgo/0x4AAAAAADV3ju2YEd8uiR-k/dark/fbE/failure_retry/flexible?lang=auto:1:153841)
[ 1276942ms] [ERROR] Failed to load resource: the server responded with a status of 400 () @ https://challenges.cloudflare.com/cdn-cgi/challenge-platform/h/g/fo/1333606025:1788711185:W3ZRz1KqFUmlS1FXmgdGDKK_Nz3Ce2MtbMRGETegIZQ/a36edd7afa1cd87b/2x0b.APJPDab7HHWSyf9y2g6VBr7fb819jEgbv3wIlw-1788712298-1.2.1.1-d6i7r6A8s8n4.cvkjawAmliKfQk5I1W62qHtv1iCBq7v5MU3Q_r7Kp6sUSTenNnq:0
[ 1287049ms] Blocked a frame with origin "https://challenges.cloudflare.com" from accessing a frame with origin "http://localhost:3000".  The frame requesting access has a protocol of "https", the frame being accessed has a protocol of "http". Protocols must match.

    at unknown (https://challenges.cloudflare.com/cdn-cgi/challenge-platform/h/g/turnstile/f/av0/rch0I2t09YRZm8rMYbXU5UQTMcNvSVtcJFLwrMpvoUcBTo-1788712298-1.3.1.1-sLsdLp_LUBq2i499QMyjvKNINUYhKvXbQw07CVHUaZc/n9tgo/0x4AAAAAADV3ju2YEd8uiR-k/dark/fbE/failure_retry/flexible?lang=auto:1:43023)
    at J2 (https://challenges.cloudflare.com/cdn-cgi/challenge-platform/h/g/turnstile/f/av0/rch0I2t09YRZm8rMYbXU5UQTMcNvSVtcJFLwrMpvoUcBTo-1788712298-1.3.1.1-sLsdLp_LUBq2i499QMyjvKNINUYhKvXbQw07CVHUaZc/n9tgo/0x4AAAAAADV3ju2YEd8uiR-k/dark/fbE/failure_retry/flexible?lang=auto:1:224825)
    at TN (https://challenges.cloudflare.com/cdn-cgi/challenge-platform/h/g/turnstile/f/av0/rch0I2t09YRZm8rMYbXU5UQTMcNvSVtcJFLwrMpvoUcBTo-1788712298-1.3.1.1-sLsdLp_LUBq2i499QMyjvKNINUYhKvXbQw07CVHUaZc/n9tgo/0x4AAAAAADV3ju2YEd8uiR-k/dark/fbE/failure_retry/flexible?lang=auto:1:244448)
    at unknown (https://challenges.cloudflare.com/cdn-cgi/challenge-platform/h/g/turnstile/f/av0/rch0I2t09YRZm8rMYbXU5UQTMcNvSVtcJFLwrMpvoUcBTo-1788712298-1.3.1.1-sLsdLp_LUBq2i499QMyjvKNINUYhKvXbQw07CVHUaZc/n9tgo/0x4AAAAAADV3ju2YEd8uiR-k/dark/fbE/failure_retry/flexible?lang=auto:1:42575)
    at J2 (https://challenges.cloudflare.com/cdn-cgi/challenge-platform/h/g/turnstile/f/av0/rch0I2t09YRZm8rMYbXU5UQTMcNvSVtcJFLwrMpvoUcBTo-1788712298-1.3.1.1-sLsdLp_LUBq2i499QMyjvKNINUYhKvXbQw07CVHUaZc/n9tgo/0x4AAAAAADV3ju2YEd8uiR-k/dark/fbE/failure_retry/flexible?lang=auto:1:224825)
    at X (https://challenges.cloudflare.com/cdn-cgi/challenge-platform/h/g/turnstile/f/av0/rch0I2t09YRZm8rMYbXU5UQTMcNvSVtcJFLwrMpvoUcBTo-1788712298-1.3.1.1-sLsdLp_LUBq2i499QMyjvKNINUYhKvXbQw07CVHUaZc/n9tgo/0x4AAAAAADV3ju2YEd8uiR-k/dark/fbE/failure_retry/flexible?lang=auto:1:192691)
    at zN (https://challenges.cloudflare.com/cdn-cgi/challenge-platform/h/g/turnstile/f/av0/rch0I2t09YRZm8rMYbXU5UQTMcNvSVtcJFLwrMpvoUcBTo-1788712298-1.3.1.1-sLsdLp_LUBq2i499QMyjvKNINUYhKvXbQw07CVHUaZc/n9tgo/0x4AAAAAADV3ju2YEd8uiR-k/dark/fbE/failure_retry/flexible?lang=auto:1:104528)
    at zQ (https://challenges.cloudflare.com/cdn-cgi/challenge-platform/h/g/turnstile/f/av0/rch0I2t09YRZm8rMYbXU5UQTMcNvSVtcJFLwrMpvoUcBTo-1788712298-1.3.1.1-sLsdLp_LUBq2i499QMyjvKNINUYhKvXbQw07CVHUaZc/n9tgo/0x4AAAAAADV3ju2YEd8uiR-k/dark/fbE/failure_retry/flexible?lang=auto:1:98750)
[ 1287201ms] [ERROR] Failed to load resource: the server responded with a status of 400 () @ https://challenges.cloudflare.com/cdn-cgi/challenge-platform/h/g/fo/1333606025:1788711185:W3ZRz1KqFUmlS1FXmgdGDKK_Nz3Ce2MtbMRGETegIZQ/a36eddbd1c4fd87b/STqpTCLKh4l09uZt1g9MUraf.xv4VxHecIq0nWeCWaQ-1788712309-1.2.1.1-3IMWxyq8oYaPkjvhrTp4U8uWCfeFxoTmlBjrdGZcDFqoRpUd2OO7nFWzgGko_8Z6:0
[ 1297461ms] Blocked a frame with origin "https://challenges.cloudflare.com" from accessing a frame with origin "http://localhost:3000".  The frame requesting access has a protocol of "https", the frame being accessed has a protocol of "http". Protocols must match.

    at unknown (https://challenges.cloudflare.com/cdn-cgi/challenge-platform/h/g/turnstile/f/av0/rchjV2wmBWiodEXV51.5bUlAK9fd6QP5s.c.AFYKLK8KPs-1788712309-1.3.1.1-pFOF9RwTRu_EDvu6YpPb0C.m8_mI9XvmYw5fzO.MjT0/n9tgo/0x4AAAAAADV3ju2YEd8uiR-k/dark/fbE/failure_retry/flexible?lang=auto:1:42427)
    at J2 (https://challenges.cloudflare.com/cdn-cgi/challenge-platform/h/g/turnstile/f/av0/rchjV2wmBWiodEXV51.5bUlAK9fd6QP5s.c.AFYKLK8KPs-1788712309-1.3.1.1-pFOF9RwTRu_EDvu6YpPb0C.m8_mI9XvmYw5fzO.MjT0/n9tgo/0x4AAAAAADV3ju2YEd8uiR-k/dark/fbE/failure_retry/flexible?lang=auto:1:129591)
    at WFOZB (https://challenges.cloudflare.com/cdn-cgi/challenge-platform/h/g/turnstile/f/av0/rchjV2wmBWiodEXV51.5bUlAK9fd6QP5s.c.AFYKLK8KPs-1788712309-1.3.1.1-pFOF9RwTRu_EDvu6YpPb0C.m8_mI9XvmYw5fzO.MjT0/n9tgo/0x4AAAAAADV3ju2YEd8uiR-k/dark/fbE/failure_retry/flexible?lang=auto:1:197746)
    at TN (https://challenges.cloudflare.com/cdn-cgi/challenge-platform/h/g/turnstile/f/av0/rchjV2wmBWiodEXV51.5bUlAK9fd6QP5s.c.AFYKLK8KPs-1788712309-1.3.1.1-pFOF9RwTRu_EDvu6YpPb0C.m8_mI9XvmYw5fzO.MjT0/n9tgo/0x4AAAAAADV3ju2YEd8uiR-k/dark/fbE/failure_retry/flexible?lang=auto:1:198845)
    at unknown (https://challenges.cloudflare.com/cdn-cgi/challenge-platform/h/g/turnstile/f/av0/rchjV2wmBWiodEXV51.5bUlAK9fd6QP5s.c.AFYKLK8KPs-1788712309-1.3.1.1-pFOF9RwTRu_EDvu6YpPb0C.m8_mI9XvmYw5fzO.MjT0/n9tgo/0x4AAAAAADV3ju2YEd8uiR-k/dark/fbE/failure_retry/flexible?lang=auto:1:41979)
    at J2 (https://challenges.cloudflare.com/cdn-cgi/challenge-platform/h/g/turnstile/f/av0/rchjV2wmBWiodEXV51.5bUlAK9fd6QP5s.c.AFYKLK8KPs-1788712309-1.3.1.1-pFOF9RwTRu_EDvu6YpPb0C.m8_mI9XvmYw5fzO.MjT0/n9tgo/0x4AAAAAADV3ju2YEd8uiR-k/dark/fbE/failure_retry/flexible?lang=auto:1:129591)
    at X (https://challenges.cloudflare.com/cdn-cgi/challenge-platform/h/g/turnstile/f/av0/rchjV2wmBWiodEXV51.5bUlAK9fd6QP5s.c.AFYKLK8KPs-1788712309-1.3.1.1-pFOF9RwTRu_EDvu6YpPb0C.m8_mI9XvmYw5fzO.MjT0/n9tgo/0x4AAAAAADV3ju2YEd8uiR-k/dark/fbE/failure_retry/flexible?lang=auto:1:71082)
    at hilVa (https://challenges.cloudflare.com/cdn-cgi/challenge-platform/h/g/turnstile/f/av0/rchjV2wmBWiodEXV51.5bUlAK9fd6QP5s.c.AFYKLK8KPs-1788712309-1.3.1.1-pFOF9RwTRu_EDvu6YpPb0C.m8_mI9XvmYw5fzO.MjT0/n9tgo/0x4AAAAAADV3ju2YEd8uiR-k/dark/fbE/failure_retry/flexible?lang=auto:1:146783)
    at zN (https://challenges.cloudflare.com/cdn-cgi/challenge-platform/h/g/turnstile/f/av0/rchjV2wmBWiodEXV51.5bUlAK9fd6QP5s.c.AFYKLK8KPs-1788712309-1.3.1.1-pFOF9RwTRu_EDvu6YpPb0C.m8_mI9XvmYw5fzO.MjT0/n9tgo/0x4AAAAAADV3ju2YEd8uiR-k/dark/fbE/failure_retry/flexible?lang=auto:1:155432)
    at hilVa (https://challenges.cloudflare.com/cdn-cgi/challenge-platform/h/g/turnstile/f/av0/rchjV2wmBWiodEXV51.5bUlAK9fd6QP5s.c.AFYKLK8KPs-1788712309-1.3.1.1-pFOF9RwTRu_EDvu6YpPb0C.m8_mI9XvmYw5fzO.MjT0/n9tgo/0x4AAAAAADV3ju2YEd8uiR-k/dark/fbE/failure_retry/flexible?lang=auto:1:146783)
    at zQ (https://challenges.cloudflare.com/cdn-cgi/challenge-platform/h/g/turnstile/f/av0/rchjV2wmBWiodEXV51.5bUlAK9fd6QP5s.c.AFYKLK8KPs-1788712309-1.3.1.1-pFOF9RwTRu_EDvu6YpPb0C.m8_mI9XvmYw5fzO.MjT0/n9tgo/0x4AAAAAADV3ju2YEd8uiR-k/dark/fbE/failure_retry/flexible?lang=auto:1:149464)
[ 1297609ms] [ERROR] Failed to load resource: the server responded with a status of 400 () @ https://challenges.cloudflare.com/cdn-cgi/challenge-platform/h/g/fo/1333606025:1788711185:W3ZRz1KqFUmlS1FXmgdGDKK_Nz3Ce2MtbMRGETegIZQ/a36eddfd5b43d87b/un8ynwvo9fdm41B_G4zO8pT2_RBVuj0yUaa0Bc4mUcA-1788712319-1.2.1.1-9Ji1GmZAz4E7vxPtrSSnxt.Swe3G3fVy9JhixG9bzdHJW3tWDpz_BaBsDVO.y7Bo:0
[ 1307770ms] Blocked a frame with origin "https://challenges.cloudflare.com" from accessing a frame with origin "http://localhost:3000".  The frame requesting access has a protocol of "https", the frame being accessed has a protocol of "http". Protocols must match.

    at unknown (https://challenges.cloudflare.com/cdn-cgi/challenge-platform/h/g/turnstile/f/av0/rch9HCeNR6r0GlEzaMh_qZBp2yjX1iE6ymvQOlbRmvRZss-1788712319-1.3.1.1-ZPP.KH6dMaASOG7eKHtk1_PorBlibEo.jZvg6xZZLoY/n9tgo/0x4AAAAAADV3ju2YEd8uiR-k/dark/fbE/failure_retry/flexible?lang=auto:1:42364)
    at R2 (https://challenges.cloudflare.com/cdn-cgi/challenge-platform/h/g/turnstile/f/av0/rch9HCeNR6r0GlEzaMh_qZBp2yjX1iE6ymvQOlbRmvRZss-1788712319-1.3.1.1-ZPP.KH6dMaASOG7eKHtk1_PorBlibEo.jZvg6xZZLoY/n9tgo/0x4AAAAAADV3ju2YEd8uiR-k/dark/fbE/failure_retry/flexible?lang=auto:1:78800)
    at QsZyL (https://challenges.cloudflare.com/cdn-cgi/challenge-platform/h/g/turnstile/f/av0/rch9HCeNR6r0GlEzaMh_qZBp2yjX1iE6ymvQOlbRmvRZss-1788712319-1.3.1.1-ZPP.KH6dMaASOG7eKHtk1_PorBlibEo.jZvg6xZZLoY/n9tgo/0x4AAAAAADV3ju2YEd8uiR-k/dark/fbE/failure_retry/flexible?lang=auto:1:107647)
    at EA (https://challenges.cloudflare.com/cdn-cgi/challenge-platform/h/g/turnstile/f/av0/rch9HCeNR6r0GlEzaMh_qZBp2yjX1iE6ymvQOlbRmvRZss-1788712319-1.3.1.1-ZPP.KH6dMaASOG7eKHtk1_PorBlibEo.jZvg6xZZLoY/n9tgo/0x4AAAAAADV3ju2YEd8uiR-k/dark/fbE/failure_retry/flexible?lang=auto:1:108923)
    at unknown (https://challenges.cloudflare.com/cdn-cgi/challenge-platform/h/g/turnstile/f/av0/rch9HCeNR6r0GlEzaMh_qZBp2yjX1iE6ymvQOlbRmvRZss-1788712319-1.3.1.1-ZPP.KH6dMaASOG7eKHtk1_PorBlibEo.jZvg6xZZLoY/n9tgo/0x4AAAAAADV3ju2YEd8uiR-k/dark/fbE/failure_retry/flexible?lang=auto:1:41916)
    at R2 (https://challenges.cloudflare.com/cdn-cgi/challenge-platform/h/g/turnstile/f/av0/rch9HCeNR6r0GlEzaMh_qZBp2yjX1iE6ymvQOlbRmvRZss-1788712319-1.3.1.1-ZPP.KH6dMaASOG7eKHtk1_PorBlibEo.jZvg6xZZLoY/n9tgo/0x4AAAAAADV3ju2YEd8uiR-k/dark/fbE/failure_retry/flexible?lang=auto:1:78800)
    at bZNhM (https://challenges.cloudflare.com/cdn-cgi/challenge-platform/h/g/turnstile/f/av0/rch9HCeNR6r0GlEzaMh_qZBp2yjX1iE6ymvQOlbRmvRZss-1788712319-1.3.1.1-ZPP.KH6dMaASOG7eKHtk1_PorBlibEo.jZvg6xZZLoY/n9tgo/0x4AAAAAADV3ju2YEd8uiR-k/dark/fbE/failure_retry/flexible?lang=auto:1:233923)
    at T (https://challenges.cloudflare.com/cdn-cgi/challenge-platform/h/g/turnstile/f/av0/rch9HCeNR6r0GlEzaMh_qZBp2yjX1iE6ymvQOlbRmvRZss-1788712319-1.3.1.1-ZPP.KH6dMaASOG7eKHtk1_PorBlibEo.jZvg6xZZLoY/n9tgo/0x4AAAAAADV3ju2YEd8uiR-k/dark/fbE/failure_retry/flexible?lang=auto:1:242339)
    at vA (https://challenges.cloudflare.com/cdn-cgi/challenge-platform/h/g/turnstile/f/av0/rch9HCeNR6r0GlEzaMh_qZBp2yjX1iE6ymvQOlbRmvRZss-1788712319-1.3.1.1-ZPP.KH6dMaASOG7eKHtk1_PorBlibEo.jZvg6xZZLoY/n9tgo/0x4AAAAAADV3ju2YEd8uiR-k/dark/fbE/failure_retry/flexible?lang=auto:1:133264)
    at vSgbU (https://challenges.cloudflare.com/cdn-cgi/challenge-platform/h/g/turnstile/f/av0/rch9HCeNR6r0GlEzaMh_qZBp2yjX1iE6ymvQOlbRmvRZss-1788712319-1.3.1.1-ZPP.KH6dMaASOG7eKHtk1_PorBlibEo.jZvg6xZZLoY/n9tgo/0x4AAAAAADV3ju2YEd8uiR-k/dark/fbE/failure_retry/flexible?lang=auto:1:129352)
    at vB (https://challenges.cloudflare.com/cdn-cgi/challenge-platform/h/g/turnstile/f/av0/rch9HCeNR6r0GlEzaMh_qZBp2yjX1iE6ymvQOlbRmvRZss-1788712319-1.3.1.1-ZPP.KH6dMaASOG7eKHtk1_PorBlibEo.jZvg6xZZLoY/n9tgo/0x4AAAAAADV3ju2YEd8uiR-k/dark/fbE/failure_retry/flexible?lang=auto:1:131496)
[ 1307921ms] [ERROR] Failed to load resource: the server responded with a status of 400 () @ https://challenges.cloudflare.com/cdn-cgi/challenge-platform/h/g/fo/1333606025:1788711185:W3ZRz1KqFUmlS1FXmgdGDKK_Nz3Ce2MtbMRGETegIZQ/a36ede3e78f9d87b/EdFCN4znyPdIfF_0bNASzYZKIKxjvZxOqoJfXM35zdA-1788712329-1.2.1.1-WaTbDi9JWYgffXdCF0gJMydVACvwNyw9MgzRyqUY1Qgw8XRaTtg5d0ocikx2aueX:0
[ 1318111ms] Blocked a frame with origin "https://challenges.cloudflare.com" from accessing a frame with origin "http://localhost:3000".  The frame requesting access has a protocol of "https", the frame being accessed has a protocol of "http". Protocols must match.

    at unknown (https://challenges.cloudflare.com/cdn-cgi/challenge-platform/h/g/turnstile/f/av0/rchqLTRWkjaYyO0vyg3gMX9UwK9_rQysnGL.beXAiFZxQg-1788712329-1.3.1.1-PmuPYXVXc.Ex4MWwSSvFDLbSjR3qUYNBKUSm_Pe_uzg/n9tgo/0x4AAAAAADV3ju2YEd8uiR-k/dark/fbE/failure_retry/flexible?lang=auto:1:43246)
    at J3 (https://challenges.cloudflare.com/cdn-cgi/challenge-platform/h/g/turnstile/f/av0/rchqLTRWkjaYyO0vyg3gMX9UwK9_rQysnGL.beXAiFZxQg-1788712329-1.3.1.1-PmuPYXVXc.Ex4MWwSSvFDLbSjR3qUYNBKUSm_Pe_uzg/n9tgo/0x4AAAAAADV3ju2YEd8uiR-k/dark/fbE/failure_retry/flexible?lang=auto:1:131912)
    at Tf (https://challenges.cloudflare.com/cdn-cgi/challenge-platform/h/g/turnstile/f/av0/rchqLTRWkjaYyO0vyg3gMX9UwK9_rQysnGL.beXAiFZxQg-1788712329-1.3.1.1-PmuPYXVXc.Ex4MWwSSvFDLbSjR3qUYNBKUSm_Pe_uzg/n9tgo/0x4AAAAAADV3ju2YEd8uiR-k/dark/fbE/failure_retry/flexible?lang=auto:1:129857)
    at unknown (https://challenges.cloudflare.com/cdn-cgi/challenge-platform/h/g/turnstile/f/av0/rchqLTRWkjaYyO0vyg3gMX9UwK9_rQysnGL.beXAiFZxQg-1788712329-1.3.1.1-PmuPYXVXc.Ex4MWwSSvFDLbSjR3qUYNBKUSm_Pe_uzg/n9tgo/0x4AAAAAADV3ju2YEd8uiR-k/dark/fbE/failure_retry/flexible?lang=auto:1:42798)
    at J3 (https://challenges.cloudflare.com/cdn-cgi/challenge-platform/h/g/turnstile/f/av0/rchqLTRWkjaYyO0vyg3gMX9UwK9_rQysnGL.beXAiFZxQg-1788712329-1.3.1.1-PmuPYXVXc.Ex4MWwSSvFDLbSjR3qUYNBKUSm_Pe_uzg/n9tgo/0x4AAAAAADV3ju2YEd8uiR-k/dark/fbE/failure_retry/flexible?lang=auto:1:131912)
    at g (https://challenges.cloudflare.com/cdn-cgi/challenge-platform/h/g/turnstile/f/av0/rchqLTRWkjaYyO0vyg3gMX9UwK9_rQysnGL.beXAiFZxQg-1788712329-1.3.1.1-PmuPYXVXc.Ex4MWwSSvFDLbSjR3qUYNBKUSm_Pe_uzg/n9tgo/0x4AAAAAADV3ju2YEd8uiR-k/dark/fbE/failure_retry/flexible?lang=auto:1:197703)
    at zN (https://challenges.cloudflare.com/cdn-cgi/challenge-platform/h/g/turnstile/f/av0/rchqLTRWkjaYyO0vyg3gMX9UwK9_rQysnGL.beXAiFZxQg-1788712329-1.3.1.1-PmuPYXVXc.Ex4MWwSSvFDLbSjR3qUYNBKUSm_Pe_uzg/n9tgo/0x4AAAAAADV3ju2YEd8uiR-k/dark/fbE/failure_retry/flexible?lang=auto:1:113755)
    at zQ (https://challenges.cloudflare.com/cdn-cgi/challenge-platform/h/g/turnstile/f/av0/rchqLTRWkjaYyO0vyg3gMX9UwK9_rQysnGL.beXAiFZxQg-1788712329-1.3.1.1-PmuPYXVXc.Ex4MWwSSvFDLbSjR3qUYNBKUSm_Pe_uzg/n9tgo/0x4AAAAAADV3ju2YEd8uiR-k/dark/fbE/failure_retry/flexible?lang=auto:1:108093)
[ 1318268ms] [ERROR] Failed to load resource: the server responded with a status of 400 () @ https://challenges.cloudflare.com/cdn-cgi/challenge-platform/h/g/fo/1333606025:1788711185:W3ZRz1KqFUmlS1FXmgdGDKK_Nz3Ce2MtbMRGETegIZQ/a36ede7ed847d87b/B2Pd7GHrzjJOIXT4Rbuwyj6I4OSadrk6WXeBKBpJ8D8-1788712340-1.2.1.1-hQafGEQg5uFJjH5kf6bIMl.ehSLBNggTpNKKU0rHtH7MLPeY4u8fH67MI6HR4mrp:0
[ 1328622ms] Blocked a frame with origin "https://challenges.cloudflare.com" from accessing a frame with origin "http://localhost:3000".  The frame requesting access has a protocol of "https", the frame being accessed has a protocol of "http". Protocols must match.

    at unknown (https://challenges.cloudflare.com/cdn-cgi/challenge-platform/h/g/turnstile/f/av0/rchd0irweLaBBSRRHfEpdXh6rlyFB.uorexjpN_OB1K34M-1788712340-1.3.1.1-dVqz6.ahrwjIqmpZd.i4SpX3.4cj0t4v0l0yZ1ddXms/n9tgo/0x4AAAAAADV3ju2YEd8uiR-k/dark/fbE/failure_retry/flexible?lang=auto:1:42766)
    at R2 (https://challenges.cloudflare.com/cdn-cgi/challenge-platform/h/g/turnstile/f/av0/rchd0irweLaBBSRRHfEpdXh6rlyFB.uorexjpN_OB1K34M-1788712340-1.3.1.1-dVqz6.ahrwjIqmpZd.i4SpX3.4cj0t4v0l0yZ1ddXms/n9tgo/0x4AAAAAADV3ju2YEd8uiR-k/dark/fbE/failure_retry/flexible?lang=auto:1:111199)
    at MIZac (https://challenges.cloudflare.com/cdn-cgi/challenge-platform/h/g/turnstile/f/av0/rchd0irweLaBBSRRHfEpdXh6rlyFB.uorexjpN_OB1K34M-1788712340-1.3.1.1-dVqz6.ahrwjIqmpZd.i4SpX3.4cj0t4v0l0yZ1ddXms/n9tgo/0x4AAAAAADV3ju2YEd8uiR-k/dark/fbE/failure_retry/flexible?lang=auto:1:174058)
    at EA (https://challenges.cloudflare.com/cdn-cgi/challenge-platform/h/g/turnstile/f/av0/rchd0irweLaBBSRRHfEpdXh6rlyFB.uorexjpN_OB1K34M-1788712340-1.3.1.1-dVqz6.ahrwjIqmpZd.i4SpX3.4cj0t4v0l0yZ1ddXms/n9tgo/0x4AAAAAADV3ju2YEd8uiR-k/dark/fbE/failure_retry/flexible?lang=auto:1:175270)
    at unknown (https://challenges.cloudflare.com/cdn-cgi/challenge-platform/h/g/turnstile/f/av0/rchd0irweLaBBSRRHfEpdXh6rlyFB.uorexjpN_OB1K34M-1788712340-1.3.1.1-dVqz6.ahrwjIqmpZd.i4SpX3.4cj0t4v0l0yZ1ddXms/n9tgo/0x4AAAAAADV3ju2YEd8uiR-k/dark/fbE/failure_retry/flexible?lang=auto:1:42318)
    at R2 (https://challenges.cloudflare.com/cdn-cgi/challenge-platform/h/g/turnstile/f/av0/rchd0irweLaBBSRRHfEpdXh6rlyFB.uorexjpN_OB1K34M-1788712340-1.3.1.1-dVqz6.ahrwjIqmpZd.i4SpX3.4cj0t4v0l0yZ1ddXms/n9tgo/0x4AAAAAADV3ju2YEd8uiR-k/dark/fbE/failure_retry/flexible?lang=auto:1:111199)
    at GXRoI (https://challenges.cloudflare.com/cdn-cgi/challenge-platform/h/g/turnstile/f/av0/rchd0irweLaBBSRRHfEpdXh6rlyFB.uorexjpN_OB1K34M-1788712340-1.3.1.1-dVqz6.ahrwjIqmpZd.i4SpX3.4cj0t4v0l0yZ1ddXms/n9tgo/0x4AAAAAADV3ju2YEd8uiR-k/dark/fbE/failure_retry/flexible?lang=auto:1:227854)
    at T (https://challenges.cloudflare.com/cdn-cgi/challenge-platform/h/g/turnstile/f/av0/rchd0irweLaBBSRRHfEpdXh6rlyFB.uorexjpN_OB1K34M-1788712340-1.3.1.1-dVqz6.ahrwjIqmpZd.i4SpX3.4cj0t4v0l0yZ1ddXms/n9tgo/0x4AAAAAADV3ju2YEd8uiR-k/dark/fbE/failure_retry/flexible?lang=auto:1:238937)
    at vA (https://challenges.cloudflare.com/cdn-cgi/challenge-platform/h/g/turnstile/f/av0/rchd0irweLaBBSRRHfEpdXh6rlyFB.uorexjpN_OB1K34M-1788712340-1.3.1.1-dVqz6.ahrwjIqmpZd.i4SpX3.4cj0t4v0l0yZ1ddXms/n9tgo/0x4AAAAAADV3ju2YEd8uiR-k/dark/fbE/failure_retry/flexible?lang=auto:1:93926)
    at vB (https://challenges.cloudflare.com/cdn-cgi/challenge-platform/h/g/turnstile/f/av0/rchd0irweLaBBSRRHfEpdXh6rlyFB.uorexjpN_OB1K34M-1788712340-1.3.1.1-dVqz6.ahrwjIqmpZd.i4SpX3.4cj0t4v0l0yZ1ddXms/n9tgo/0x4AAAAAADV3ju2YEd8uiR-k/dark/fbE/failure_retry/flexible?lang=auto:1:92671)
[ 1328738ms] [ERROR] Failed to load resource: the server responded with a status of 400 () @ https://challenges.cloudflare.com/cdn-cgi/challenge-platform/h/g/fo/1333606025:1788711185:W3ZRz1KqFUmlS1FXmgdGDKK_Nz3Ce2MtbMRGETegIZQ/a36edec0ae0bd87b/E1.w3H6OWhfObq0Io8krUxoUIoJtRKGKS.JYqjMMWvo-1788712350-1.2.1.1-K9_ALQV7_GZGiNu3gl.crwTRlqM24134vQLtGEkyNs7jETmzRGDGf8Ld0eR6JEBN:0
[ 1338981ms] Blocked a frame with origin "https://challenges.cloudflare.com" from accessing a frame with origin "http://localhost:3000".  The frame requesting access has a protocol of "https", the frame being accessed has a protocol of "http". Protocols must match.

    at unknown (https://challenges.cloudflare.com/cdn-cgi/challenge-platform/h/g/turnstile/f/av0/rcheZ796nsQqkMVH5KtCAhv6e6o2h0X3n04sKjQdAZJIPQ-1788712350-1.3.1.1-5rP6ImLi8BUz4QGeXDabpzDjv17jHQ3emZFSmUkgHzA/n9tgo/0x4AAAAAADV3ju2YEd8uiR-k/dark/fbE/failure_retry/flexible?lang=auto:1:42761)
    at J3 (https://challenges.cloudflare.com/cdn-cgi/challenge-platform/h/g/turnstile/f/av0/rcheZ796nsQqkMVH5KtCAhv6e6o2h0X3n04sKjQdAZJIPQ-1788712350-1.3.1.1-5rP6ImLi8BUz4QGeXDabpzDjv17jHQ3emZFSmUkgHzA/n9tgo/0x4AAAAAADV3ju2YEd8uiR-k/dark/fbE/failure_retry/flexible?lang=auto:1:161997)
    at Tf (https://challenges.cloudflare.com/cdn-cgi/challenge-platform/h/g/turnstile/f/av0/rcheZ796nsQqkMVH5KtCAhv6e6o2h0X3n04sKjQdAZJIPQ-1788712350-1.3.1.1-5rP6ImLi8BUz4QGeXDabpzDjv17jHQ3emZFSmUkgHzA/n9tgo/0x4AAAAAADV3ju2YEd8uiR-k/dark/fbE/failure_retry/flexible?lang=auto:1:244376)
    at unknown (https://challenges.cloudflare.com/cdn-cgi/challenge-platform/h/g/turnstile/f/av0/rcheZ796nsQqkMVH5KtCAhv6e6o2h0X3n04sKjQdAZJIPQ-1788712350-1.3.1.1-5rP6ImLi8BUz4QGeXDabpzDjv17jHQ3emZFSmUkgHzA/n9tgo/0x4AAAAAADV3ju2YEd8uiR-k/dark/fbE/failure_retry/flexible?lang=auto:1:42313)
    at J3 (https://challenges.cloudflare.com/cdn-cgi/challenge-platform/h/g/turnstile/f/av0/rcheZ796nsQqkMVH5KtCAhv6e6o2h0X3n04sKjQdAZJIPQ-1788712350-1.3.1.1-5rP6ImLi8BUz4QGeXDabpzDjv17jHQ3emZFSmUkgHzA/n9tgo/0x4AAAAAADV3ju2YEd8uiR-k/dark/fbE/failure_retry/flexible?lang=auto:1:161997)
    at g (https://challenges.cloudflare.com/cdn-cgi/challenge-platform/h/g/turnstile/f/av0/rcheZ796nsQqkMVH5KtCAhv6e6o2h0X3n04sKjQdAZJIPQ-1788712350-1.3.1.1-5rP6ImLi8BUz4QGeXDabpzDjv17jHQ3emZFSmUkgHzA/n9tgo/0x4AAAAAADV3ju2YEd8uiR-k/dark/fbE/failure_retry/flexible?lang=auto:1:70654)
    at zN (https://challenges.cloudflare.com/cdn-cgi/challenge-platform/h/g/turnstile/f/av0/rcheZ796nsQqkMVH5KtCAhv6e6o2h0X3n04sKjQdAZJIPQ-1788712350-1.3.1.1-5rP6ImLi8BUz4QGeXDabpzDjv17jHQ3emZFSmUkgHzA/n9tgo/0x4AAAAAADV3ju2YEd8uiR-k/dark/fbE/failure_retry/flexible?lang=auto:1:85267)
    at zQ (https://challenges.cloudflare.com/cdn-cgi/challenge-platform/h/g/turnstile/f/av0/rcheZ796nsQqkMVH5KtCAhv6e6o2h0X3n04sKjQdAZJIPQ-1788712350-1.3.1.1-5rP6ImLi8BUz4QGeXDabpzDjv17jHQ3emZFSmUkgHzA/n9tgo/0x4AAAAAADV3ju2YEd8uiR-k/dark/fbE/failure_retry/flexible?lang=auto:1:83955)
[ 1339097ms] [ERROR] Failed to load resource: the server responded with a status of 400 () @ https://challenges.cloudflare.com/cdn-cgi/challenge-platform/h/g/fo/1333606025:1788711185:W3ZRz1KqFUmlS1FXmgdGDKK_Nz3Ce2MtbMRGETegIZQ/a36edf011df4d87b/ZATzlhtx1ImDUeTNKXnXWA6FV1_OgkNWJeWWQPMSAw8-1788712361-1.2.1.1-uOLkPKsyRrYObeTecDFd38wUXmCndBQi5crdVMDLztFwsauXOEPWr5G1StT3j1aI:0
[ 1349237ms] Blocked a frame with origin "https://challenges.cloudflare.com" from accessing a frame with origin "http://localhost:3000".  The frame requesting access has a protocol of "https", the frame being accessed has a protocol of "http". Protocols must match.

    at unknown (https://challenges.cloudflare.com/cdn-cgi/challenge-platform/h/g/turnstile/f/av0/rchLBUsSQK6uUSZGJ7D7sCKdi7fLG9GX19wlHUdPRnGPk4-1788712361-1.3.1.1-xDKJVHHWVlU4GsjIR6xBo3AyzEYORlUulDRDU7N8vEw/n9tgo/0x4AAAAAADV3ju2YEd8uiR-k/dark/fbE/failure_retry/flexible?lang=auto:1:42761)
    at J3 (https://challenges.cloudflare.com/cdn-cgi/challenge-platform/h/g/turnstile/f/av0/rchLBUsSQK6uUSZGJ7D7sCKdi7fLG9GX19wlHUdPRnGPk4-1788712361-1.3.1.1-xDKJVHHWVlU4GsjIR6xBo3AyzEYORlUulDRDU7N8vEw/n9tgo/0x4AAAAAADV3ju2YEd8uiR-k/dark/fbE/failure_retry/flexible?lang=auto:1:161997)
    at Tf (https://challenges.cloudflare.com/cdn-cgi/challenge-platform/h/g/turnstile/f/av0/rchLBUsSQK6uUSZGJ7D7sCKdi7fLG9GX19wlHUdPRnGPk4-1788712361-1.3.1.1-xDKJVHHWVlU4GsjIR6xBo3AyzEYORlUulDRDU7N8vEw/n9tgo/0x4AAAAAADV3ju2YEd8uiR-k/dark/fbE/failure_retry/flexible?lang=auto:1:244376)
    at unknown (https://challenges.cloudflare.com/cdn-cgi/challenge-platform/h/g/turnstile/f/av0/rchLBUsSQK6uUSZGJ7D7sCKdi7fLG9GX19wlHUdPRnGPk4-1788712361-1.3.1.1-xDKJVHHWVlU4GsjIR6xBo3AyzEYORlUulDRDU7N8vEw/n9tgo/0x4AAAAAADV3ju2YEd8uiR-k/dark/fbE/failure_retry/flexible?lang=auto:1:42313)
    at J3 (https://challenges.cloudflare.com/cdn-cgi/challenge-platform/h/g/turnstile/f/av0/rchLBUsSQK6uUSZGJ7D7sCKdi7fLG9GX19wlHUdPRnGPk4-1788712361-1.3.1.1-xDKJVHHWVlU4GsjIR6xBo3AyzEYORlUulDRDU7N8vEw/n9tgo/0x4AAAAAADV3ju2YEd8uiR-k/dark/fbE/failure_retry/flexible?lang=auto:1:161997)
    at g (https://challenges.cloudflare.com/cdn-cgi/challenge-platform/h/g/turnstile/f/av0/rchLBUsSQK6uUSZGJ7D7sCKdi7fLG9GX19wlHUdPRnGPk4-1788712361-1.3.1.1-xDKJVHHWVlU4GsjIR6xBo3AyzEYORlUulDRDU7N8vEw/n9tgo/0x4AAAAAADV3ju2YEd8uiR-k/dark/fbE/failure_retry/flexible?lang=auto:1:70654)
    at zN (https://challenges.cloudflare.com/cdn-cgi/challenge-platform/h/g/turnstile/f/av0/rchLBUsSQK6uUSZGJ7D7sCKdi7fLG9GX19wlHUdPRnGPk4-1788712361-1.3.1.1-xDKJVHHWVlU4GsjIR6xBo3AyzEYORlUulDRDU7N8vEw/n9tgo/0x4AAAAAADV3ju2YEd8uiR-k/dark/fbE/failure_retry/flexible?lang=auto:1:85267)
    at zQ (https://challenges.cloudflare.com/cdn-cgi/challenge-platform/h/g/turnstile/f/av0/rchLBUsSQK6uUSZGJ7D7sCKdi7fLG9GX19wlHUdPRnGPk4-1788712361-1.3.1.1-xDKJVHHWVlU4GsjIR6xBo3AyzEYORlUulDRDU7N8vEw/n9tgo/0x4AAAAAADV3ju2YEd8uiR-k/dark/fbE/failure_retry/flexible?lang=auto:1:83955)
[ 1349386ms] [ERROR] Failed to load resource: the server responded with a status of 400 () @ https://challenges.cloudflare.com/cdn-cgi/challenge-platform/h/g/fo/1333606025:1788711185:W3ZRz1KqFUmlS1FXmgdGDKK_Nz3Ce2MtbMRGETegIZQ/a36edf41ac66d87b/Agk9q1XdN34dhi.WiGY3YUN4t51EtdQXr5.uafy_QdY-1788712371-1.2.1.1-8OtSfkrHq3Myl3Ul5p.oyqxEFG2vheS4rQWo6Na.ond581RqBI0dAdBOoFi8lTcj:0
[ 1359581ms] Blocked a frame with origin "https://challenges.cloudflare.com" from accessing a frame with origin "http://localhost:3000".  The frame requesting access has a protocol of "https", the frame being accessed has a protocol of "http". Protocols must match.

    at unknown (https://challenges.cloudflare.com/cdn-cgi/challenge-platform/h/g/turnstile/f/av0/rchrY6io.YfTFLQw6iGG7Vm78HUf_LHlVwioGLk.8chkMA-1788712371-1.3.1.1-GLjy8ap6Pv6VMzGbm8UV3pzxIGYVHCtYffu_nUh_XfM/n9tgo/0x4AAAAAADV3ju2YEd8uiR-k/dark/fbE/failure_retry/flexible?lang=auto:1:42136)
    at R2 (https://challenges.cloudflare.com/cdn-cgi/challenge-platform/h/g/turnstile/f/av0/rchrY6io.YfTFLQw6iGG7Vm78HUf_LHlVwioGLk.8chkMA-1788712371-1.3.1.1-GLjy8ap6Pv6VMzGbm8UV3pzxIGYVHCtYffu_nUh_XfM/n9tgo/0x4AAAAAADV3ju2YEd8uiR-k/dark/fbE/failure_retry/flexible?lang=auto:1:80288)
    at EA (https://challenges.cloudflare.com/cdn-cgi/challenge-platform/h/g/turnstile/f/av0/rchrY6io.YfTFLQw6iGG7Vm78HUf_LHlVwioGLk.8chkMA-1788712371-1.3.1.1-GLjy8ap6Pv6VMzGbm8UV3pzxIGYVHCtYffu_nUh_XfM/n9tgo/0x4AAAAAADV3ju2YEd8uiR-k/dark/fbE/failure_retry/flexible?lang=auto:1:66505)
    at unknown (https://challenges.cloudflare.com/cdn-cgi/challenge-platform/h/g/turnstile/f/av0/rchrY6io.YfTFLQw6iGG7Vm78HUf_LHlVwioGLk.8chkMA-1788712371-1.3.1.1-GLjy8ap6Pv6VMzGbm8UV3pzxIGYVHCtYffu_nUh_XfM/n9tgo/0x4AAAAAADV3ju2YEd8uiR-k/dark/fbE/failure_retry/flexible?lang=auto:1:41688)
    at R2 (https://challenges.cloudflare.com/cdn-cgi/challenge-platform/h/g/turnstile/f/av0/rchrY6io.YfTFLQw6iGG7Vm78HUf_LHlVwioGLk.8chkMA-1788712371-1.3.1.1-GLjy8ap6Pv6VMzGbm8UV3pzxIGYVHCtYffu_nUh_XfM/n9tgo/0x4AAAAAADV3ju2YEd8uiR-k/dark/fbE/failure_retry/flexible?lang=auto:1:80288)
    at T (https://challenges.cloudflare.com/cdn-cgi/challenge-platform/h/g/turnstile/f/av0/rchrY6io.YfTFLQw6iGG7Vm78HUf_LHlVwioGLk.8chkMA-1788712371-1.3.1.1-GLjy8ap6Pv6VMzGbm8UV3pzxIGYVHCtYffu_nUh_XfM/n9tgo/0x4AAAAAADV3ju2YEd8uiR-k/dark/fbE/failure_retry/flexible?lang=auto:1:230621)
    at CLHtH (https://challenges.cloudflare.com/cdn-cgi/challenge-platform/h/g/turnstile/f/av0/rchrY6io.YfTFLQw6iGG7Vm78HUf_LHlVwioGLk.8chkMA-1788712371-1.3.1.1-GLjy8ap6Pv6VMzGbm8UV3pzxIGYVHCtYffu_nUh_XfM/n9tgo/0x4AAAAAADV3ju2YEd8uiR-k/dark/fbE/failure_retry/flexible?lang=auto:1:212069)
    at vA (https://challenges.cloudflare.com/cdn-cgi/challenge-platform/h/g/turnstile/f/av0/rchrY6io.YfTFLQw6iGG7Vm78HUf_LHlVwioGLk.8chkMA-1788712371-1.3.1.1-GLjy8ap6Pv6VMzGbm8UV3pzxIGYVHCtYffu_nUh_XfM/n9tgo/0x4AAAAAADV3ju2YEd8uiR-k/dark/fbE/failure_retry/flexible?lang=auto:1:216009)
    at vB (https://challenges.cloudflare.com/cdn-cgi/challenge-platform/h/g/turnstile/f/av0/rchrY6io.YfTFLQw6iGG7Vm78HUf_LHlVwioGLk.8chkMA-1788712371-1.3.1.1-GLjy8ap6Pv6VMzGbm8UV3pzxIGYVHCtYffu_nUh_XfM/n9tgo/0x4AAAAAADV3ju2YEd8uiR-k/dark/fbE/failure_retry/flexible?lang=auto:1:214374)
[ 1359729ms] [ERROR] Failed to load resource: the server responded with a status of 400 () @ https://challenges.cloudflare.com/cdn-cgi/challenge-platform/h/g/fo/1333606025:1788711185:W3ZRz1KqFUmlS1FXmgdGDKK_Nz3Ce2MtbMRGETegIZQ/a36edf827ac3d87b/GXRzpuZYAf7cFdAWrB9WQd_GAJxmy9kgo6vWNdWJOvE-1788712381-1.2.1.1-zXZS.mW8P08UH3eJlne2lNiNl2bXQlAwBZXdH6UlHFjTBOWrmAHCIZCIXxF2RgYz:0
[ 1369848ms] Blocked a frame with origin "https://challenges.cloudflare.com" from accessing a frame with origin "http://localhost:3000".  The frame requesting access has a protocol of "https", the frame being accessed has a protocol of "http". Protocols must match.

    at unknown (https://challenges.cloudflare.com/cdn-cgi/challenge-platform/h/g/turnstile/f/av0/rchELS7NJuJmp5w0.74VWj64ZdkPy76F5D1MAmsCfojtac-1788712381-1.3.1.1-rX.tceA9ZuS_n4QjUN.9Cp_7SVz5rRfZpyfuCsdraOQ/n9tgo/0x4AAAAAADV3ju2YEd8uiR-k/dark/fbE/failure_retry/flexible?lang=auto:1:43344)
    at J3 (https://challenges.cloudflare.com/cdn-cgi/challenge-platform/h/g/turnstile/f/av0/rchELS7NJuJmp5w0.74VWj64ZdkPy76F5D1MAmsCfojtac-1788712381-1.3.1.1-rX.tceA9ZuS_n4QjUN.9Cp_7SVz5rRfZpyfuCsdraOQ/n9tgo/0x4AAAAAADV3ju2YEd8uiR-k/dark/fbE/failure_retry/flexible?lang=auto:1:69721)
    at XrXXU (https://challenges.cloudflare.com/cdn-cgi/challenge-platform/h/g/turnstile/f/av0/rchELS7NJuJmp5w0.74VWj64ZdkPy76F5D1MAmsCfojtac-1788712381-1.3.1.1-rX.tceA9ZuS_n4QjUN.9Cp_7SVz5rRfZpyfuCsdraOQ/n9tgo/0x4AAAAAADV3ju2YEd8uiR-k/dark/fbE/failure_retry/flexible?lang=auto:1:63132)
    at Tf (https://challenges.cloudflare.com/cdn-cgi/challenge-platform/h/g/turnstile/f/av0/rchELS7NJuJmp5w0.74VWj64ZdkPy76F5D1MAmsCfojtac-1788712381-1.3.1.1-rX.tceA9ZuS_n4QjUN.9Cp_7SVz5rRfZpyfuCsdraOQ/n9tgo/0x4AAAAAADV3ju2YEd8uiR-k/dark/fbE/failure_retry/flexible?lang=auto:1:64370)
    at unknown (https://challenges.cloudflare.com/cdn-cgi/challenge-platform/h/g/turnstile/f/av0/rchELS7NJuJmp5w0.74VWj64ZdkPy76F5D1MAmsCfojtac-1788712381-1.3.1.1-rX.tceA9ZuS_n4QjUN.9Cp_7SVz5rRfZpyfuCsdraOQ/n9tgo/0x4AAAAAADV3ju2YEd8uiR-k/dark/fbE/failure_retry/flexible?lang=auto:1:42896)
    at J3 (https://challenges.cloudflare.com/cdn-cgi/challenge-platform/h/g/turnstile/f/av0/rchELS7NJuJmp5w0.74VWj64ZdkPy76F5D1MAmsCfojtac-1788712381-1.3.1.1-rX.tceA9ZuS_n4QjUN.9Cp_7SVz5rRfZpyfuCsdraOQ/n9tgo/0x4AAAAAADV3ju2YEd8uiR-k/dark/fbE/failure_retry/flexible?lang=auto:1:69721)
    at g (https://challenges.cloudflare.com/cdn-cgi/challenge-platform/h/g/turnstile/f/av0/rchELS7NJuJmp5w0.74VWj64ZdkPy76F5D1MAmsCfojtac-1788712381-1.3.1.1-rX.tceA9ZuS_n4QjUN.9Cp_7SVz5rRfZpyfuCsdraOQ/n9tgo/0x4AAAAAADV3ju2YEd8uiR-k/dark/fbE/failure_retry/flexible?lang=auto:1:82093)
    at Wmdsp (https://challenges.cloudflare.com/cdn-cgi/challenge-platform/h/g/turnstile/f/av0/rchELS7NJuJmp5w0.74VWj64ZdkPy76F5D1MAmsCfojtac-1788712381-1.3.1.1-rX.tceA9ZuS_n4QjUN.9Cp_7SVz5rRfZpyfuCsdraOQ/n9tgo/0x4AAAAAADV3ju2YEd8uiR-k/dark/fbE/failure_retry/flexible?lang=auto:1:84732)
    at zN (https://challenges.cloudflare.com/cdn-cgi/challenge-platform/h/g/turnstile/f/av0/rchELS7NJuJmp5w0.74VWj64ZdkPy76F5D1MAmsCfojtac-1788712381-1.3.1.1-rX.tceA9ZuS_n4QjUN.9Cp_7SVz5rRfZpyfuCsdraOQ/n9tgo/0x4AAAAAADV3ju2YEd8uiR-k/dark/fbE/failure_retry/flexible?lang=auto:1:89595)
    at zQ (https://challenges.cloudflare.com/cdn-cgi/challenge-platform/h/g/turnstile/f/av0/rchELS7NJuJmp5w0.74VWj64ZdkPy76F5D1MAmsCfojtac-1788712381-1.3.1.1-rX.tceA9ZuS_n4QjUN.9Cp_7SVz5rRfZpyfuCsdraOQ/n9tgo/0x4AAAAAADV3ju2YEd8uiR-k/dark/fbE/failure_retry/flexible?lang=auto:1:87593)
[ 1369999ms] [ERROR] Failed to load resource: the server responded with a status of 400 () @ https://challenges.cloudflare.com/cdn-cgi/challenge-platform/h/g/fo/1333606025:1788711185:W3ZRz1KqFUmlS1FXmgdGDKK_Nz3Ce2MtbMRGETegIZQ/a36edfc27cb6d87b/QyySKFxzercRChMCSbyqNsZDRe920TgPvSWkoPq7mM4-1788712392-1.2.1.1-ZJwpKMC05RaI2ZM4vNqpgzkLp2dH3QhLnovb.UpRrMwUgaPREIqS63R5RsWZ9837:0
[ 1371450ms] Blocked a frame with origin "https://challenges.cloudflare.com" from accessing a frame with origin "http://localhost:3000".  The frame requesting access has a protocol of "https", the frame being accessed has a protocol of "http". Protocols must match.

    at unknown (https://challenges.cloudflare.com/cdn-cgi/challenge-platform/h/g/turnstile/f/av0/rchq8m6X0GoBPnQRb9ReHlS0pSzwXLT128bmWfgU39o9HM-1788712392-1.3.1.1-NJrEKdfedWmSMuDuYGd9YXiZmkwLQ_ybUfLhwp.ldqo/n9tgo/0x4AAAAAADV3ju2YEd8uiR-k/dark/fbE/api/flexible?lang=auto:1:43003)
    at R2 (https://challenges.cloudflare.com/cdn-cgi/challenge-platform/h/g/turnstile/f/av0/rchq8m6X0GoBPnQRb9ReHlS0pSzwXLT128bmWfgU39o9HM-1788712392-1.3.1.1-NJrEKdfedWmSMuDuYGd9YXiZmkwLQ_ybUfLhwp.ldqo/n9tgo/0x4AAAAAADV3ju2YEd8uiR-k/dark/fbE/api/flexible?lang=auto:1:173672)
    at mNKDh (https://challenges.cloudflare.com/cdn-cgi/challenge-platform/h/g/turnstile/f/av0/rchq8m6X0GoBPnQRb9ReHlS0pSzwXLT128bmWfgU39o9HM-1788712392-1.3.1.1-NJrEKdfedWmSMuDuYGd9YXiZmkwLQ_ybUfLhwp.ldqo/n9tgo/0x4AAAAAADV3ju2YEd8uiR-k/dark/fbE/api/flexible?lang=auto:1:90201)
    at EA (https://challenges.cloudflare.com/cdn-cgi/challenge-platform/h/g/turnstile/f/av0/rchq8m6X0GoBPnQRb9ReHlS0pSzwXLT128bmWfgU39o9HM-1788712392-1.3.1.1-NJrEKdfedWmSMuDuYGd9YXiZmkwLQ_ybUfLhwp.ldqo/n9tgo/0x4AAAAAADV3ju2YEd8uiR-k/dark/fbE/api/flexible?lang=auto:1:91478)
    at unknown (https://challenges.cloudflare.com/cdn-cgi/challenge-platform/h/g/turnstile/f/av0/rchq8m6X0GoBPnQRb9ReHlS0pSzwXLT128bmWfgU39o9HM-1788712392-1.3.1.1-NJrEKdfedWmSMuDuYGd9YXiZmkwLQ_ybUfLhwp.ldqo/n9tgo/0x4AAAAAADV3ju2YEd8uiR-k/dark/fbE/api/flexible?lang=auto:1:42555)
    at R2 (https://challenges.cloudflare.com/cdn-cgi/challenge-platform/h/g/turnstile/f/av0/rchq8m6X0GoBPnQRb9ReHlS0pSzwXLT128bmWfgU39o9HM-1788712392-1.3.1.1-NJrEKdfedWmSMuDuYGd9YXiZmkwLQ_ybUfLhwp.ldqo/n9tgo/0x4AAAAAADV3ju2YEd8uiR-k/dark/fbE/api/flexible?lang=auto:1:173672)
    at T (https://challenges.cloudflare.com/cdn-cgi/challenge-platform/h/g/turnstile/f/av0/rchq8m6X0GoBPnQRb9ReHlS0pSzwXLT128bmWfgU39o9HM-1788712392-1.3.1.1-NJrEKdfedWmSMuDuYGd9YXiZmkwLQ_ybUfLhwp.ldqo/n9tgo/0x4AAAAAADV3ju2YEd8uiR-k/dark/fbE/api/flexible?lang=auto:1:248730)
    at vA (https://challenges.cloudflare.com/cdn-cgi/challenge-platform/h/g/turnstile/f/av0/rchq8m6X0GoBPnQRb9ReHlS0pSzwXLT128bmWfgU39o9HM-1788712392-1.3.1.1-NJrEKdfedWmSMuDuYGd9YXiZmkwLQ_ybUfLhwp.ldqo/n9tgo/0x4AAAAAADV3ju2YEd8uiR-k/dark/fbE/api/flexible?lang=auto:1:62552)
    at vB (https://challenges.cloudflare.com/cdn-cgi/challenge-platform/h/g/turnstile/f/av0/rchq8m6X0GoBPnQRb9ReHlS0pSzwXLT128bmWfgU39o9HM-1788712392-1.3.1.1-NJrEKdfedWmSMuDuYGd9YXiZmkwLQ_ybUfLhwp.ldqo/n9tgo/0x4AAAAAADV3ju2YEd8uiR-k/dark/fbE/api/flexible?lang=auto:1:58239)
[ 1371598ms] [ERROR] Failed to load resource: the server responded with a status of 400 () @ https://challenges.cloudflare.com/cdn-cgi/challenge-platform/h/g/fo/1333606025:1788711185:W3ZRz1KqFUmlS1FXmgdGDKK_Nz3Ce2MtbMRGETegIZQ/a36edfccaa44d87b/voZNL1_cL0PAtlcyykP0RzALKDKtNWwjMuefXe9cR5k-1788712393-1.2.1.1-lOBWUelLcRtw8BGBXuXng9Hgio5jVGu0Xuu4GHu5h6cMYsoEYaEHXt25wH14X7tC:0
[ 1374413ms] [INFO] <Suspense> is an experimental feature and its API will likely change. @ http://localhost:3000/_nuxt/node_modules/.pnpm/@vue+runtime-core@3.5.33/node_modules/@vue/runtime-core/dist/runtime-core.esm-bundler.js?v=4a573216:7239
[ 1374502ms] [LOG] %c[Vercel Web Analytics]%c Debug mode is enabled by default in development. No requests will be sent to the server. color: rgb(120, 120, 120) color: inherit @ https://va.vercel-scripts.com/v1/script.debug.js:0
[ 1374503ms] [LOG] %c[Vercel Web Analytics]%c Running queued event color: rgb(120, 120, 120) color: inherit pageview {route: /demo, path: /demo} @ https://va.vercel-scripts.com/v1/script.debug.js:0
[ 1374507ms] [LOG] %c[Vercel Web Analytics]%c [view] http://localhost:3000/demo?boot=1788712395803 color: rgb(120, 120, 120) color: inherit {o: http://localhost:3000/demo?boot=1788712395803, sv: 0.1.3, sdkn: @vercel/analytics/nuxt, sdkv: 2.0.1, ts: 1788712396766} /_vercel/insights/view @ https://va.vercel-scripts.com/v1/script.debug.js:0
[ 1374533ms] [LOG] ✨ %cNuxt DevTools %c Press Shift + Option + D to open DevTools color: black; border-radius: 3px 0 0 3px; padding: 2px 2px 1px 10px; background: #00DC82 border-radius: 0 3px 3px 0; padding: 2px 10px 1px 2px; background: #00DC8220  @ http://localhost:3000/_nuxt/node_modules/.pnpm/@nuxt+devtools@3.2.4_supports-color@10.2.2_vite@7.3.2_@types+node@26.1.1_jiti@2.6.1_ter_28972f42c82fd27b0e3f96c17cda5782/node_modules/@nuxt/devtools/dist/runtime/plugins/devtools.client.js?v=4a573216:51
[ 1379389ms] [INFO] [gymscan] 0B calls explode 26 @ http://localhost:3000/_nuxt/utils/gymscan/stage.ts:1217
[ 1382964ms] [INFO] [gymscan] 0B calls explode 26 @ http://localhost:3000/_nuxt/utils/gymscan/stage.ts?t=1788712402512:1217
[ 1384748ms] [INFO] [gymscan] 0B calls planted 48 @ http://localhost:3000/_nuxt/utils/gymscan/stage.ts?t=1788712402512:1221
[ 1401188ms] [INFO] [gymscan] 0B calls explode 26 @ http://localhost:3000/_nuxt/utils/gymscan/stage.ts?t=1788712420370:1217
[ 1402973ms] [INFO] [gymscan] 0B calls planted 48 @ http://localhost:3000/_nuxt/utils/gymscan/stage.ts?t=1788712420370:1221
[ 1422490ms] [INFO] [gymscan] 0B calls explode 26 @ http://localhost:3000/_nuxt/utils/gymscan/stage.ts?t=1788712441180:1217
[ 1424290ms] [INFO] [gymscan] 0B calls planted 48 @ http://localhost:3000/_nuxt/utils/gymscan/stage.ts?t=1788712441180:1221
[ 1436691ms] [INFO] [gymscan] 0B calls explode 26 @ http://localhost:3000/_nuxt/utils/gymscan/stage.ts?t=1788712455596:1217
[ 1438476ms] [INFO] [gymscan] 0B calls planted 48 @ http://localhost:3000/_nuxt/utils/gymscan/stage.ts?t=1788712455596:1221
[ 1450029ms] [INFO] [gymscan] 0B calls explode 26 @ http://localhost:3000/_nuxt/utils/gymscan/stage.ts?t=1788712469613:1222
[ 1451815ms] [INFO] [gymscan] 0B calls planted 48 @ http://localhost:3000/_nuxt/utils/gymscan/stage.ts?t=1788712469613:1226
[ 1459785ms] [LOG] %cssr:success%c Vite server hmr 16 files 
      background: #2ecc71;
      border-radius: 0.5em;
      color: white;
      font-weight: bold;
      padding: 2px 0.5em;
      in 12.45ms 
  at vite_node_entry_default (node_modules/.pnpm/@nuxt+vite-builder@3.21.2_@types+node@26.1.1_magicast@0.5.2_nuxt@3.21.2_@emnapi+core@1._a4b3153523cf62a7d8205505e2d0041e/node_modules/@nuxt/vite-builder/dist/vite-node-entry.mjs)
  at process.processTicksAndRejections (node:internal/process/task_queues)
  at async Object.renderToString (node_modules/.pnpm/vue-bundle-renderer@2.2.0/node_modules/vue-bundle-renderer/dist/runtime.mjs)
 @ http://localhost:3000/_nuxt/node_modules/.pnpm/consola@3.4.2/node_modules/consola/dist/browser.mjs?v=4a573216:47
[ 1459826ms] [INFO] <Suspense> is an experimental feature and its API will likely change. @ http://localhost:3000/_nuxt/node_modules/.pnpm/@vue+runtime-core@3.5.33/node_modules/@vue/runtime-core/dist/runtime-core.esm-bundler.js?v=4a573216:7239
[ 1459876ms] [LOG] %c[Vercel Web Analytics]%c Debug mode is enabled by default in development. No requests will be sent to the server. color: rgb(120, 120, 120) color: inherit @ https://va.vercel-scripts.com/v1/script.debug.js:0
[ 1459876ms] [LOG] %c[Vercel Web Analytics]%c Running queued event color: rgb(120, 120, 120) color: inherit pageview {route: /demo, path: /demo} @ https://va.vercel-scripts.com/v1/script.debug.js:0
[ 1459877ms] [LOG] %c[Vercel Web Analytics]%c [view] http://localhost:3000/demo?m=1788712481495 color: rgb(120, 120, 120) color: inherit {o: http://localhost:3000/demo?m=1788712481495, sv: 0.1.3, sdkn: @vercel/analytics/nuxt, sdkv: 2.0.1, ts: 1788712482135} /_vercel/insights/view @ https://va.vercel-scripts.com/v1/script.debug.js:0
[ 1459893ms] [LOG] ✨ %cNuxt DevTools %c Press Shift + Option + D to open DevTools color: black; border-radius: 3px 0 0 3px; padding: 2px 2px 1px 10px; background: #00DC82 border-radius: 0 3px 3px 0; padding: 2px 10px 1px 2px; background: #00DC8220  @ http://localhost:3000/_nuxt/node_modules/.pnpm/@nuxt+devtools@3.2.4_supports-color@10.2.2_vite@7.3.2_@types+node@26.1.1_jiti@2.6.1_ter_28972f42c82fd27b0e3f96c17cda5782/node_modules/@nuxt/devtools/dist/runtime/plugins/devtools.client.js?v=4a573216:51
[ 1463539ms] [INFO] <Suspense> is an experimental feature and its API will likely change. @ http://localhost:3000/_nuxt/node_modules/.pnpm/@vue+runtime-core@3.5.33/node_modules/@vue/runtime-core/dist/runtime-core.esm-bundler.js?v=4a573216:7239
[ 1463573ms] [LOG] %c[Vercel Web Analytics]%c Debug mode is enabled by default in development. No requests will be sent to the server. color: rgb(120, 120, 120) color: inherit @ https://va.vercel-scripts.com/v1/script.debug.js:0
[ 1463573ms] [LOG] %c[Vercel Web Analytics]%c Running queued event color: rgb(120, 120, 120) color: inherit pageview {route: /demo, path: /demo} @ https://va.vercel-scripts.com/v1/script.debug.js:0
[ 1463574ms] [LOG] %c[Vercel Web Analytics]%c [view] http://localhost:3000/demo?skip=1788712485486 color: rgb(120, 120, 120) color: inherit {o: http://localhost:3000/demo?skip=1788712485486, sv: 0.1.3, sdkn: @vercel/analytics/nuxt, sdkv: 2.0.1, ts: 1788712485832} /_vercel/insights/view @ https://va.vercel-scripts.com/v1/script.debug.js:0
[ 1463589ms] [LOG] ✨ %cNuxt DevTools %c Press Shift + Option + D to open DevTools color: black; border-radius: 3px 0 0 3px; padding: 2px 2px 1px 10px; background: #00DC82 border-radius: 0 3px 3px 0; padding: 2px 10px 1px 2px; background: #00DC8220  @ http://localhost:3000/_nuxt/node_modules/.pnpm/@nuxt+devtools@3.2.4_supports-color@10.2.2_vite@7.3.2_@types+node@26.1.1_jiti@2.6.1_ter_28972f42c82fd27b0e3f96c17cda5782/node_modules/@nuxt/devtools/dist/runtime/plugins/devtools.client.js?v=4a573216:51
[ 1466101ms] [INFO] [gymscan] 0B calls explode 26 @ http://localhost:3000/_nuxt/utils/gymscan/stage.ts?t=1788712469613:1222
[ 1467887ms] [INFO] [gymscan] 0B calls planted 48 @ http://localhost:3000/_nuxt/utils/gymscan/stage.ts?t=1788712469613:1226
[ 1471236ms] [INFO] [gymscan] 0B calls explode 26 @ http://localhost:3000/_nuxt/utils/gymscan/stage.ts?t=1788712490832:1222
[ 1473021ms] [INFO] [gymscan] 0B calls planted 48 @ http://localhost:3000/_nuxt/utils/gymscan/stage.ts?t=1788712490832:1226
[ 1558738ms] [ERROR] WebSocket connection to 'ws://localhost:3000/_nuxt/?token=0oa4m3TiEEA-' failed: The network connection was lost. @ :0
[ 1558740ms] [LOG] [vite] server connection lost. Polling for restart... @ http://localhost:3000/_nuxt/@vite/client:864
[ 1560648ms] [ERROR] Failed to load resource: the server responded with a status of 503 (Service Unavailable) @ http://localhost:3000/demo?skip=1788712485486:0
[ 1560759ms] [ERROR] Failed to load resource: the server responded with a status of 503 (Service Unavailable) @ http://localhost:3000/demo?skip=1788712485486:0
[ 1561840ms] [ERROR] Failed to load resource: the server responded with a status of 503 (Service Unavailable) @ http://localhost:3000/demo?skip=1788712485486:0
[ 1565915ms] [INFO] <Suspense> is an experimental feature and its API will likely change. @ http://localhost:3000/_nuxt/node_modules/.pnpm/@vue+runtime-core@3.5.33/node_modules/@vue/runtime-core/dist/runtime-core.esm-bundler.js?v=4a573216:7239
[ 1566048ms] [LOG] %c[Vercel Web Analytics]%c Debug mode is enabled by default in development. No requests will be sent to the server. color: rgb(120, 120, 120) color: inherit @ https://va.vercel-scripts.com/v1/script.debug.js:0
[ 1566048ms] [LOG] %c[Vercel Web Analytics]%c Running queued event color: rgb(120, 120, 120) color: inherit pageview {route: /demo, path: /demo} @ https://va.vercel-scripts.com/v1/script.debug.js:0
[ 1566051ms] [LOG] %c[Vercel Web Analytics]%c [view] http://localhost:3000/demo?skip=1788712485486 color: rgb(120, 120, 120) color: inherit {o: http://localhost:3000/demo?skip=1788712485486, sv: 0.1.3, sdkn: @vercel/analytics/nuxt, sdkv: 2.0.1, ts: 1788712588310} /_vercel/insights/view @ https://va.vercel-scripts.com/v1/script.debug.js:0
[ 1566201ms] [LOG] ✨ %cNuxt DevTools %c Press Shift + Option + D to open DevTools color: black; border-radius: 3px 0 0 3px; padding: 2px 2px 1px 10px; background: #00DC82 border-radius: 0 3px 3px 0; padding: 2px 10px 1px 2px; background: #00DC8220  @ http://localhost:3000/_nuxt/node_modules/.pnpm/@nuxt+devtools@3.2.4_supports-color@10.2.2_vite@7.3.2_@types+node@26.1.1_jiti@2.6.1_ter_28972f42c82fd27b0e3f96c17cda5782/node_modules/@nuxt/devtools/dist/runtime/plugins/devtools.client.js?v=4a573216:51
[ 1571928ms] [INFO] [gymscan] 0B calls explode 26 @ http://localhost:3000/_nuxt/utils/gymscan/stage.ts:1222
[ 1573322ms] [ERROR] WebSocket connection to 'ws://localhost:3000/_nuxt/?token=1mAfFNm-AZiq' failed: The network connection was lost. @ :0
[ 1573323ms] [LOG] [vite] server connection lost. Polling for restart... @ http://localhost:3000/_nuxt/@vite/client:864
[ 1573718ms] [INFO] [gymscan] 0B calls planted 48 @ http://localhost:3000/_nuxt/utils/gymscan/stage.ts:1226
[ 1574948ms] [ERROR] Failed to load resource: the server responded with a status of 503 (Service Unavailable) @ http://localhost:3000/demo?skip=1788712485486:0
[ 1575067ms] [ERROR] Failed to load resource: the server responded with a status of 503 (Service Unavailable) @ http://localhost:3000/demo?skip=1788712485486:0
[ 1576080ms] [ERROR] Failed to load resource: the server responded with a status of 503 (Service Unavailable) @ http://localhost:3000/demo?skip=1788712485486:0
[ 1580682ms] [INFO] <Suspense> is an experimental feature and its API will likely change. @ http://localhost:3000/_nuxt/node_modules/.pnpm/@vue+runtime-core@3.5.33/node_modules/@vue/runtime-core/dist/runtime-core.esm-bundler.js?v=4a573216:7239
[ 1580927ms] [LOG] %c[Vercel Web Analytics]%c Debug mode is enabled by default in development. No requests will be sent to the server. color: rgb(120, 120, 120) color: inherit @ https://va.vercel-scripts.com/v1/script.debug.js:0
[ 1580929ms] [LOG] %c[Vercel Web Analytics]%c Running queued event color: rgb(120, 120, 120) color: inherit pageview {route: /demo, path: /demo} @ https://va.vercel-scripts.com/v1/script.debug.js:0
[ 1580939ms] [LOG] %c[Vercel Web Analytics]%c [view] http://localhost:3000/demo?skip=1788712485486 color: rgb(120, 120, 120) color: inherit {o: http://localhost:3000/demo?skip=1788712485486, sv: 0.1.3, sdkn: @vercel/analytics/nuxt, sdkv: 2.0.1, ts: 1788712603197} /_vercel/insights/view @ https://va.vercel-scripts.com/v1/script.debug.js:0
[ 1581105ms] [LOG] ✨ %cNuxt DevTools %c Press Shift + Option + D to open DevTools color: black; border-radius: 3px 0 0 3px; padding: 2px 2px 1px 10px; background: #00DC82 border-radius: 0 3px 3px 0; padding: 2px 10px 1px 2px; background: #00DC8220  @ http://localhost:3000/_nuxt/node_modules/.pnpm/@nuxt+devtools@3.2.4_supports-color@10.2.2_vite@7.3.2_@types+node@26.1.1_jiti@2.6.1_ter_28972f42c82fd27b0e3f96c17cda5782/node_modules/@nuxt/devtools/dist/runtime/plugins/devtools.client.js?v=4a573216:51
[ 1586835ms] [INFO] [gymscan] 0B calls explode 26 @ http://localhost:3000/_nuxt/utils/gymscan/stage.ts:1222
[ 1588799ms] [INFO] [gymscan] 0B calls planted 48 @ http://localhost:3000/_nuxt/utils/gymscan/stage.ts:1226
[ 1638125ms] [INFO] <Suspense> is an experimental feature and its API will likely change. @ http://localhost:3000/_nuxt/node_modules/.pnpm/@vue+runtime-core@3.5.33/node_modules/@vue/runtime-core/dist/runtime-core.esm-bundler.js?v=4a573216:7239
[ 1638217ms] [LOG] %c[Vercel Web Analytics]%c Debug mode is enabled by default in development. No requests will be sent to the server. color: rgb(120, 120, 120) color: inherit @ https://va.vercel-scripts.com/v1/script.debug.js:0
[ 1638217ms] [LOG] %c[Vercel Web Analytics]%c Running queued event color: rgb(120, 120, 120) color: inherit pageview {route: /demo, path: /demo} @ https://va.vercel-scripts.com/v1/script.debug.js:0
[ 1638218ms] [LOG] %c[Vercel Web Analytics]%c [view] http://localhost:3000/demo?skip=1788712485486 color: rgb(120, 120, 120) color: inherit {o: http://localhost:3000/demo?skip=1788712485486, sv: 0.1.3, sdkn: @vercel/analytics/nuxt, sdkv: 2.0.1, ts: 1788712660476} /_vercel/insights/view @ https://va.vercel-scripts.com/v1/script.debug.js:0
[ 1638318ms] [LOG] ✨ %cNuxt DevTools %c Press Shift + Option + D to open DevTools color: black; border-radius: 3px 0 0 3px; padding: 2px 2px 1px 10px; background: #00DC82 border-radius: 0 3px 3px 0; padding: 2px 10px 1px 2px; background: #00DC8220  @ http://localhost:3000/_nuxt/node_modules/.pnpm/@nuxt+devtools@3.2.4_supports-color@10.2.2_vite@7.3.2_@types+node@26.1.1_jiti@2.6.1_ter_28972f42c82fd27b0e3f96c17cda5782/node_modules/@nuxt/devtools/dist/runtime/plugins/devtools.client.js?v=4a573216:51
[ 1643500ms] [INFO] [gymscan] 0B calls explode 26 @ http://localhost:3000/_nuxt/utils/gymscan/stage.ts:1222
[ 1645286ms] [INFO] [gymscan] 0B calls planted 48 @ http://localhost:3000/_nuxt/utils/gymscan/stage.ts:1226
[ 1687494ms] [ERROR] WebSocket connection to 'ws://localhost:3000/_nuxt/?token=OSKRfGhyZUv_' failed: The network connection was lost. @ :0
[ 1687496ms] [LOG] [vite] server connection lost. Polling for restart... @ http://localhost:3000/_nuxt/@vite/client:864
[ 1689052ms] [ERROR] Failed to load resource: the server responded with a status of 503 (Service Unavailable) @ http://localhost:3000/demo?skip=1788712485486:0
[ 1689106ms] [ERROR] Failed to load resource: the server responded with a status of 503 (Service Unavailable) @ http://localhost:3000/demo?skip=1788712485486:0
[ 1690112ms] [ERROR] Failed to load resource: the server responded with a status of 503 (Service Unavailable) @ http://localhost:3000/demo?skip=1788712485486:0
[ 1694928ms] [INFO] <Suspense> is an experimental feature and its API will likely change. @ http://localhost:3000/_nuxt/node_modules/.pnpm/@vue+runtime-core@3.5.33/node_modules/@vue/runtime-core/dist/runtime-core.esm-bundler.js?v=4a573216:7239
[ 1695018ms] [LOG] %c[Vercel Web Analytics]%c Debug mode is enabled by default in development. No requests will be sent to the server. color: rgb(120, 120, 120) color: inherit @ https://va.vercel-scripts.com/v1/script.debug.js:0
[ 1695018ms] [LOG] %c[Vercel Web Analytics]%c Running queued event color: rgb(120, 120, 120) color: inherit pageview {route: /demo, path: /demo} @ https://va.vercel-scripts.com/v1/script.debug.js:0
[ 1695019ms] [LOG] %c[Vercel Web Analytics]%c [view] http://localhost:3000/demo?skip=1788712485486 color: rgb(120, 120, 120) color: inherit {o: http://localhost:3000/demo?skip=1788712485486, sv: 0.1.3, sdkn: @vercel/analytics/nuxt, sdkv: 2.0.1, ts: 1788712717277} /_vercel/insights/view @ https://va.vercel-scripts.com/v1/script.debug.js:0
[ 1695163ms] [LOG] ✨ %cNuxt DevTools %c Press Shift + Option + D to open DevTools color: black; border-radius: 3px 0 0 3px; padding: 2px 2px 1px 10px; background: #00DC82 border-radius: 0 3px 3px 0; padding: 2px 10px 1px 2px; background: #00DC8220  @ http://localhost:3000/_nuxt/node_modules/.pnpm/@nuxt+devtools@3.2.4_supports-color@10.2.2_vite@7.3.2_@types+node@26.1.1_jiti@2.6.1_ter_28972f42c82fd27b0e3f96c17cda5782/node_modules/@nuxt/devtools/dist/runtime/plugins/devtools.client.js?v=4a573216:51
[ 1701068ms] [INFO] [gymscan] 0B calls explode 26 @ http://localhost:3000/_nuxt/utils/gymscan/stage.ts:1222
[ 1702824ms] [ERROR] WebSocket connection to 'ws://localhost:3000/_nuxt/?token=ySKLsAHI4rDq' failed: The network connection was lost. @ :0
[ 1702825ms] [LOG] [vite] server connection lost. Polling for restart... @ http://localhost:3000/_nuxt/@vite/client:864
[ 1702850ms] [INFO] [gymscan] 0B calls planted 48 @ http://localhost:3000/_nuxt/utils/gymscan/stage.ts:1226
[ 1704327ms] [ERROR] Failed to load resource: the server responded with a status of 503 (Service Unavailable) @ http://localhost:3000/demo?skip=1788712485486:0
[ 1704397ms] [ERROR] Failed to load resource: the server responded with a status of 503 (Service Unavailable) @ http://localhost:3000/demo?skip=1788712485486:0
[ 1705504ms] [ERROR] Failed to load resource: the server responded with a status of 503 (Service Unavailable) @ http://localhost:3000/demo?skip=1788712485486:0
[ 1709672ms] [INFO] <Suspense> is an experimental feature and its API will likely change. @ http://localhost:3000/_nuxt/node_modules/.pnpm/@vue+runtime-core@3.5.33/node_modules/@vue/runtime-core/dist/runtime-core.esm-bundler.js?v=4a573216:7239
[ 1709791ms] [LOG] %c[Vercel Web Analytics]%c Debug mode is enabled by default in development. No requests will be sent to the server. color: rgb(120, 120, 120) color: inherit @ https://va.vercel-scripts.com/v1/script.debug.js:0
[ 1709791ms] [LOG] %c[Vercel Web Analytics]%c Running queued event color: rgb(120, 120, 120) color: inherit pageview {route: /demo, path: /demo} @ https://va.vercel-scripts.com/v1/script.debug.js:0
[ 1709794ms] [LOG] %c[Vercel Web Analytics]%c [view] http://localhost:3000/demo?skip=1788712485486 color: rgb(120, 120, 120) color: inherit {o: http://localhost:3000/demo?skip=1788712485486, sv: 0.1.3, sdkn: @vercel/analytics/nuxt, sdkv: 2.0.1, ts: 1788712732052} /_vercel/insights/view @ https://va.vercel-scripts.com/v1/script.debug.js:0
[ 1709929ms] [LOG] ✨ %cNuxt DevTools %c Press Shift + Option + D to open DevTools color: black; border-radius: 3px 0 0 3px; padding: 2px 2px 1px 10px; background: #00DC82 border-radius: 0 3px 3px 0; padding: 2px 10px 1px 2px; background: #00DC8220  @ http://localhost:3000/_nuxt/node_modules/.pnpm/@nuxt+devtools@3.2.4_supports-color@10.2.2_vite@7.3.2_@types+node@26.1.1_jiti@2.6.1_ter_28972f42c82fd27b0e3f96c17cda5782/node_modules/@nuxt/devtools/dist/runtime/plugins/devtools.client.js?v=4a573216:51
[ 1715077ms] [INFO] [gymscan] 0B calls explode 26 @ http://localhost:3000/_nuxt/utils/gymscan/stage.ts:1222
[ 1716861ms] [INFO] [gymscan] 0B calls planted 48 @ http://localhost:3000/_nuxt/utils/gymscan/stage.ts:1226
[ 3051682ms] [INFO] <Suspense> is an experimental feature and its API will likely change. @ http://localhost:3000/_nuxt/node_modules/.pnpm/@vue+runtime-core@3.5.33/node_modules/@vue/runtime-core/dist/runtime-core.esm-bundler.js?v=4a573216:7239
[ 3051886ms] [LOG] %c[Vercel Web Analytics]%c Debug mode is enabled by default in development. No requests will be sent to the server. color: rgb(120, 120, 120) color: inherit @ https://va.vercel-scripts.com/v1/script.debug.js:0
[ 3051886ms] [LOG] %c[Vercel Web Analytics]%c Running queued event color: rgb(120, 120, 120) color: inherit pageview {route: /demo, path: /demo} @ https://va.vercel-scripts.com/v1/script.debug.js:0
[ 3051889ms] [LOG] %c[Vercel Web Analytics]%c [view] http://localhost:3000/demo?skip=1788712485486 color: rgb(120, 120, 120) color: inherit {o: http://localhost:3000/demo?skip=1788712485486, sv: 0.1.3, sdkn: @vercel/analytics/nuxt, sdkv: 2.0.1, ts: 1788714074147} /_vercel/insights/view @ https://va.vercel-scripts.com/v1/script.debug.js:0
[ 3051935ms] [LOG] ✨ %cNuxt DevTools %c Press Shift + Option + D to open DevTools color: black; border-radius: 3px 0 0 3px; padding: 2px 2px 1px 10px; background: #00DC82 border-radius: 0 3px 3px 0; padding: 2px 10px 1px 2px; background: #00DC8220  @ http://localhost:3000/_nuxt/node_modules/.pnpm/@nuxt+devtools@3.2.4_supports-color@10.2.2_vite@7.3.2_@types+node@26.1.1_jiti@2.6.1_ter_28972f42c82fd27b0e3f96c17cda5782/node_modules/@nuxt/devtools/dist/runtime/plugins/devtools.client.js?v=4a573216:51
[ 3056103ms] [INFO] <Suspense> is an experimental feature and its API will likely change. @ http://localhost:3000/_nuxt/node_modules/.pnpm/@vue+runtime-core@3.5.33/node_modules/@vue/runtime-core/dist/runtime-core.esm-bundler.js?v=4a573216:7239
[ 3056160ms] [LOG] %c[Vercel Web Analytics]%c Debug mode is enabled by default in development. No requests will be sent to the server. color: rgb(120, 120, 120) color: inherit @ https://va.vercel-scripts.com/v1/script.debug.js:0
[ 3056160ms] [LOG] %c[Vercel Web Analytics]%c Running queued event color: rgb(120, 120, 120) color: inherit pageview {route: /demo, path: /demo} @ https://va.vercel-scripts.com/v1/script.debug.js:0
[ 3056163ms] [LOG] %c[Vercel Web Analytics]%c [view] http://localhost:3000/demo?boot=1788714077840 color: rgb(120, 120, 120) color: inherit {o: http://localhost:3000/demo?boot=1788714077840, sv: 0.1.3, sdkn: @vercel/analytics/nuxt, sdkv: 2.0.1, ts: 1788714078421} /_vercel/insights/view @ https://va.vercel-scripts.com/v1/script.debug.js:0
[ 3056189ms] [LOG] ✨ %cNuxt DevTools %c Press Shift + Option + D to open DevTools color: black; border-radius: 3px 0 0 3px; padding: 2px 2px 1px 10px; background: #00DC82 border-radius: 0 3px 3px 0; padding: 2px 10px 1px 2px; background: #00DC8220  @ http://localhost:3000/_nuxt/node_modules/.pnpm/@nuxt+devtools@3.2.4_supports-color@10.2.2_vite@7.3.2_@types+node@26.1.1_jiti@2.6.1_ter_28972f42c82fd27b0e3f96c17cda5782/node_modules/@nuxt/devtools/dist/runtime/plugins/devtools.client.js?v=4a573216:51
[ 3060898ms] [INFO] [gymscan] 0B calls explode 26 @ http://localhost:3000/_nuxt/utils/gymscan/stage.ts:1222
[ 3062682ms] [INFO] [gymscan] 0B calls planted 48 @ http://localhost:3000/_nuxt/utils/gymscan/stage.ts:1226
[ 3080009ms] [INFO] <Suspense> is an experimental feature and its API will likely change. @ http://localhost:3000/_nuxt/node_modules/.pnpm/@vue+runtime-core@3.5.33/node_modules/@vue/runtime-core/dist/runtime-core.esm-bundler.js?v=4a573216:7239
[ 3080058ms] [LOG] %c[Vercel Web Analytics]%c Debug mode is enabled by default in development. No requests will be sent to the server. color: rgb(120, 120, 120) color: inherit @ https://va.vercel-scripts.com/v1/script.debug.js:0
[ 3080058ms] [LOG] %c[Vercel Web Analytics]%c Running queued event color: rgb(120, 120, 120) color: inherit pageview {route: /demo, path: /demo} @ https://va.vercel-scripts.com/v1/script.debug.js:0
[ 3080059ms] [LOG] %c[Vercel Web Analytics]%c [view] http://localhost:3000/demo?m=1788714101806 color: rgb(120, 120, 120) color: inherit {o: http://localhost:3000/demo?m=1788714101806, sv: 0.1.3, sdkn: @vercel/analytics/nuxt, sdkv: 2.0.1, ts: 1788714102317} /_vercel/insights/view @ https://va.vercel-scripts.com/v1/script.debug.js:0
[ 3080077ms] [LOG] ✨ %cNuxt DevTools %c Press Shift + Option + D to open DevTools color: black; border-radius: 3px 0 0 3px; padding: 2px 2px 1px 10px; background: #00DC82 border-radius: 0 3px 3px 0; padding: 2px 10px 1px 2px; background: #00DC8220  @ http://localhost:3000/_nuxt/node_modules/.pnpm/@nuxt+devtools@3.2.4_supports-color@10.2.2_vite@7.3.2_@types+node@26.1.1_jiti@2.6.1_ter_28972f42c82fd27b0e3f96c17cda5782/node_modules/@nuxt/devtools/dist/runtime/plugins/devtools.client.js?v=4a573216:51
[ 3084590ms] [INFO] [gymscan] 0B calls explode 9 @ http://localhost:3000/_nuxt/utils/gymscan/stage.ts:1222
[ 3086358ms] [INFO] [gymscan] 0B calls planted 24 @ http://localhost:3000/_nuxt/utils/gymscan/stage.ts:1226
[ 3102309ms] [ERROR] WebSocket connection to 'ws://localhost:3000/_nuxt/?token=-872xGqtayXL' failed: The network connection was lost. @ :0
[ 3102310ms] [LOG] [vite] server connection lost. Polling for restart... @ http://localhost:3000/_nuxt/@vite/client:864
[ 3103794ms] [ERROR] Failed to load resource: the server responded with a status of 503 (Service Unavailable) @ http://localhost:3000/demo?m=1788714101806:0
[ 3103855ms] [ERROR] Failed to load resource: the server responded with a status of 503 (Service Unavailable) @ http://localhost:3000/demo?m=1788714101806:0
[ 3104863ms] [ERROR] Failed to load resource: the server responded with a status of 503 (Service Unavailable) @ http://localhost:3000/demo?m=1788714101806:0
[ 3109243ms] [INFO] <Suspense> is an experimental feature and its API will likely change. @ http://localhost:3000/_nuxt/node_modules/.pnpm/@vue+runtime-core@3.5.33/node_modules/@vue/runtime-core/dist/runtime-core.esm-bundler.js?v=4a573216:7239
[ 3109338ms] [LOG] %c[Vercel Web Analytics]%c Debug mode is enabled by default in development. No requests will be sent to the server. color: rgb(120, 120, 120) color: inherit @ https://va.vercel-scripts.com/v1/script.debug.js:0
[ 3109338ms] [LOG] %c[Vercel Web Analytics]%c Running queued event color: rgb(120, 120, 120) color: inherit pageview {route: /demo, path: /demo} @ https://va.vercel-scripts.com/v1/script.debug.js:0
[ 3109339ms] [LOG] %c[Vercel Web Analytics]%c [view] http://localhost:3000/demo?m=1788714101806 color: rgb(120, 120, 120) color: inherit {o: http://localhost:3000/demo?m=1788714101806, sv: 0.1.3, sdkn: @vercel/analytics/nuxt, sdkv: 2.0.1, ts: 1788714131598} /_vercel/insights/view @ https://va.vercel-scripts.com/v1/script.debug.js:0
[ 3109493ms] [LOG] ✨ %cNuxt DevTools %c Press Shift + Option + D to open DevTools color: black; border-radius: 3px 0 0 3px; padding: 2px 2px 1px 10px; background: #00DC82 border-radius: 0 3px 3px 0; padding: 2px 10px 1px 2px; background: #00DC8220  @ http://localhost:3000/_nuxt/node_modules/.pnpm/@nuxt+devtools@3.2.4_supports-color@10.2.2_vite@7.3.2_@types+node@26.1.1_jiti@2.6.1_ter_28972f42c82fd27b0e3f96c17cda5782/node_modules/@nuxt/devtools/dist/runtime/plugins/devtools.client.js?v=4a573216:51
[ 3113957ms] [INFO] [gymscan] 0B calls explode 9 @ http://localhost:3000/_nuxt/utils/gymscan/stage.ts:1222
[ 3115742ms] [INFO] [gymscan] 0B calls planted 24 @ http://localhost:3000/_nuxt/utils/gymscan/stage.ts:1226
[ 3314138ms] [INFO] <Suspense> is an experimental feature and its API will likely change. @ http://localhost:3000/_nuxt/node_modules/.pnpm/@vue+runtime-core@3.5.33/node_modules/@vue/runtime-core/dist/runtime-core.esm-bundler.js?v=4a573216:7239
[ 3314251ms] [LOG] %c[Vercel Web Analytics]%c Debug mode is enabled by default in development. No requests will be sent to the server. color: rgb(120, 120, 120) color: inherit @ https://va.vercel-scripts.com/v1/script.debug.js:0
[ 3314251ms] [LOG] %c[Vercel Web Analytics]%c Running queued event color: rgb(120, 120, 120) color: inherit pageview {route: /demo, path: /demo} @ https://va.vercel-scripts.com/v1/script.debug.js:0
[ 3314253ms] [LOG] %c[Vercel Web Analytics]%c [view] http://localhost:3000/demo?m=1788714101806 color: rgb(120, 120, 120) color: inherit {o: http://localhost:3000/demo?m=1788714101806, sv: 0.1.3, sdkn: @vercel/analytics/nuxt, sdkv: 2.0.1, ts: 1788714336512} /_vercel/insights/view @ https://va.vercel-scripts.com/v1/script.debug.js:0
[ 3314281ms] [LOG] ✨ %cNuxt DevTools %c Press Shift + Option + D to open DevTools color: black; border-radius: 3px 0 0 3px; padding: 2px 2px 1px 10px; background: #00DC82 border-radius: 0 3px 3px 0; padding: 2px 10px 1px 2px; background: #00DC8220  @ http://localhost:3000/_nuxt/node_modules/.pnpm/@nuxt+devtools@3.2.4_supports-color@10.2.2_vite@7.3.2_@types+node@26.1.1_jiti@2.6.1_ter_28972f42c82fd27b0e3f96c17cda5782/node_modules/@nuxt/devtools/dist/runtime/plugins/devtools.client.js?v=4a573216:51
[ 3318912ms] [INFO] [gymscan] 0B calls explode 9 @ http://localhost:3000/_nuxt/utils/gymscan/stage.ts:1222
[ 3320696ms] [INFO] [gymscan] 0B calls planted 24 @ http://localhost:3000/_nuxt/utils/gymscan/stage.ts:1226
[ 3324423ms] [WARNING] [nuxt] Cannot load payload  /pricing/_payload.json?1788714346664 TypeError: Load failed @ http://localhost:3000/_nuxt/node_modules/.pnpm/nuxt@3.21.2_@emnapi+core@1.10.0_@emnapi+runtime@1.11.3_@parcel+watcher@2.5.6_@types+nod_529923af24574705ccdd3c2cb50f4411/node_modules/nuxt/dist/app/composables/payload.js?t=1788714334215&v=4a573216:81
[ 3324425ms] [WARNING] [nuxt] Cannot load payload  /for-trainers/_payload.json?1788714346664 TypeError: Load failed @ http://localhost:3000/_nuxt/node_modules/.pnpm/nuxt@3.21.2_@emnapi+core@1.10.0_@emnapi+runtime@1.11.3_@parcel+watcher@2.5.6_@types+nod_529923af24574705ccdd3c2cb50f4411/node_modules/nuxt/dist/app/composables/payload.js?t=1788714334215&v=4a573216:81
[ 3324426ms] [WARNING] [nuxt] Cannot load payload  /exercises/_payload.json?1788714346664 TypeError: Load failed @ http://localhost:3000/_nuxt/node_modules/.pnpm/nuxt@3.21.2_@emnapi+core@1.10.0_@emnapi+runtime@1.11.3_@parcel+watcher@2.5.6_@types+nod_529923af24574705ccdd3c2cb50f4411/node_modules/nuxt/dist/app/composables/payload.js?t=1788714334215&v=4a573216:81
[ 3324971ms] [INFO] <Suspense> is an experimental feature and its API will likely change. @ http://localhost:3000/_nuxt/node_modules/.pnpm/@vue+runtime-core@3.5.33/node_modules/@vue/runtime-core/dist/runtime-core.esm-bundler.js?v=4a573216:7239
[ 3325047ms] [LOG] %c[Vercel Web Analytics]%c Debug mode is enabled by default in development. No requests will be sent to the server. color: rgb(120, 120, 120) color: inherit @ https://va.vercel-scripts.com/v1/script.debug.js:0
[ 3325047ms] [LOG] %c[Vercel Web Analytics]%c Running queued event color: rgb(120, 120, 120) color: inherit pageview {route: /demo, path: /demo} @ https://va.vercel-scripts.com/v1/script.debug.js:0
[ 3325047ms] [LOG] %c[Vercel Web Analytics]%c [view] http://localhost:3000/demo?boot=1788714346629 color: rgb(120, 120, 120) color: inherit {o: http://localhost:3000/demo?boot=1788714346629, sv: 0.1.3, sdkn: @vercel/analytics/nuxt, sdkv: 2.0.1, ts: 1788714347306} /_vercel/insights/view @ https://va.vercel-scripts.com/v1/script.debug.js:0
[ 3325067ms] [LOG] ✨ %cNuxt DevTools %c Press Shift + Option + D to open DevTools color: black; border-radius: 3px 0 0 3px; padding: 2px 2px 1px 10px; background: #00DC82 border-radius: 0 3px 3px 0; padding: 2px 10px 1px 2px; background: #00DC8220  @ http://localhost:3000/_nuxt/node_modules/.pnpm/@nuxt+devtools@3.2.4_supports-color@10.2.2_vite@7.3.2_@types+node@26.1.1_jiti@2.6.1_ter_28972f42c82fd27b0e3f96c17cda5782/node_modules/@nuxt/devtools/dist/runtime/plugins/devtools.client.js?v=4a573216:51
[ 3329796ms] [INFO] [gymscan] 0B calls explode 26 @ http://localhost:3000/_nuxt/utils/gymscan/stage.ts:1222
[ 3331580ms] [INFO] [gymscan] 0B calls planted 48 @ http://localhost:3000/_nuxt/utils/gymscan/stage.ts:1226
[ 3355006ms] [ERROR] [vite] TypeError: Importing a module script failed. @ http://localhost:3000/_nuxt/@vite/client:179
[ 3355007ms] [ERROR] [vite] Failed to reload /components/gym/GymArrival.vue?vue&type=style&index=0&scoped=1d9e7956&lang.css. This could be due to syntax errors or importing non-existent modules. (see errors above) @ http://localhost:3000/_nuxt/@vite/client:180
[ 3355594ms] [LOG] %cssr:success%c Vite server hmr 10 files 
      background: #2ecc71;
      border-radius: 0.5em;
      color: white;
      font-weight: bold;
      padding: 2px 0.5em;
      in 51.449ms 
  at vite_node_entry_default (node_modules/.pnpm/@nuxt+vite-builder@3.21.2_@types+node@26.1.1_magicast@0.5.2_nuxt@3.21.2_@emnapi+core@1._a4b3153523cf62a7d8205505e2d0041e/node_modules/@nuxt/vite-builder/dist/vite-node-entry.mjs)
  at process.processTicksAndRejections (node:internal/process/task_queues)
  at async Object.renderToString (node_modules/.pnpm/vue-bundle-renderer@2.2.0/node_modules/vue-bundle-renderer/dist/runtime.mjs)
 @ http://localhost:3000/_nuxt/node_modules/.pnpm/consola@3.4.2/node_modules/consola/dist/browser.mjs?v=4a573216:47
[ 3355621ms] [INFO] <Suspense> is an experimental feature and its API will likely change. @ http://localhost:3000/_nuxt/node_modules/.pnpm/@vue+runtime-core@3.5.33/node_modules/@vue/runtime-core/dist/runtime-core.esm-bundler.js?v=4a573216:7239
[ 3355664ms] [LOG] %c[Vercel Web Analytics]%c Debug mode is enabled by default in development. No requests will be sent to the server. color: rgb(120, 120, 120) color: inherit @ https://va.vercel-scripts.com/v1/script.debug.js:0
[ 3355664ms] [LOG] %c[Vercel Web Analytics]%c Running queued event color: rgb(120, 120, 120) color: inherit pageview {route: /demo, path: /demo} @ https://va.vercel-scripts.com/v1/script.debug.js:0
[ 3355665ms] [LOG] %c[Vercel Web Analytics]%c [view] http://localhost:3000/demo?m=1788714377073 color: rgb(120, 120, 120) color: inherit {o: http://localhost:3000/demo?m=1788714377073, sv: 0.1.3, sdkn: @vercel/analytics/nuxt, sdkv: 2.0.1, ts: 1788714377923} /_vercel/insights/view @ https://va.vercel-scripts.com/v1/script.debug.js:0
[ 3355680ms] [LOG] ✨ %cNuxt DevTools %c Press Shift + Option + D to open DevTools color: black; border-radius: 3px 0 0 3px; padding: 2px 2px 1px 10px; background: #00DC82 border-radius: 0 3px 3px 0; padding: 2px 10px 1px 2px; background: #00DC8220  @ http://localhost:3000/_nuxt/node_modules/.pnpm/@nuxt+devtools@3.2.4_supports-color@10.2.2_vite@7.3.2_@types+node@26.1.1_jiti@2.6.1_ter_28972f42c82fd27b0e3f96c17cda5782/node_modules/@nuxt/devtools/dist/runtime/plugins/devtools.client.js?v=4a573216:51
[ 3360149ms] [INFO] [gymscan] 0B calls explode 9 @ http://localhost:3000/_nuxt/utils/gymscan/stage.ts:1222
[ 3361934ms] [INFO] [gymscan] 0B calls planted 24 @ http://localhost:3000/_nuxt/utils/gymscan/stage.ts:1226
[ 3384578ms] [ERROR] WebSocket connection to 'ws://localhost:3000/_nuxt/?token=irV7-dHPPzcf' failed: The network connection was lost. @ :0
[ 3384579ms] [LOG] [vite] server connection lost. Polling for restart... @ http://localhost:3000/_nuxt/@vite/client:864
[ 3385782ms] [ERROR] Failed to load resource: the server responded with a status of 503 (Service Unavailable) @ http://localhost:3000/demo?m=1788714377073:0
[ 3385838ms] [ERROR] Failed to load resource: the server responded with a status of 503 (Service Unavailable) @ http://localhost:3000/demo?m=1788714377073:0
[ 3386910ms] [ERROR] Failed to load resource: the server responded with a status of 503 (Service Unavailable) @ http://localhost:3000/demo?m=1788714377073:0
[ 3391076ms] [INFO] <Suspense> is an experimental feature and its API will likely change. @ http://localhost:3000/_nuxt/node_modules/.pnpm/@vue+runtime-core@3.5.33/node_modules/@vue/runtime-core/dist/runtime-core.esm-bundler.js?v=4a573216:7239
[ 3391168ms] [LOG] %c[Vercel Web Analytics]%c Debug mode is enabled by default in development. No requests will be sent to the server. color: rgb(120, 120, 120) color: inherit @ https://va.vercel-scripts.com/v1/script.debug.js:0
[ 3391168ms] [LOG] %c[Vercel Web Analytics]%c Running queued event color: rgb(120, 120, 120) color: inherit pageview {route: /demo, path: /demo} @ https://va.vercel-scripts.com/v1/script.debug.js:0
[ 3391171ms] [LOG] %c[Vercel Web Analytics]%c [view] http://localhost:3000/demo?m=1788714377073 color: rgb(120, 120, 120) color: inherit {o: http://localhost:3000/demo?m=1788714377073, sv: 0.1.3, sdkn: @vercel/analytics/nuxt, sdkv: 2.0.1, ts: 1788714413429} /_vercel/insights/view @ https://va.vercel-scripts.com/v1/script.debug.js:0
[ 3391293ms] [LOG] ✨ %cNuxt DevTools %c Press Shift + Option + D to open DevTools color: black; border-radius: 3px 0 0 3px; padding: 2px 2px 1px 10px; background: #00DC82 border-radius: 0 3px 3px 0; padding: 2px 10px 1px 2px; background: #00DC8220  @ http://localhost:3000/_nuxt/node_modules/.pnpm/@nuxt+devtools@3.2.4_supports-color@10.2.2_vite@7.3.2_@types+node@26.1.1_jiti@2.6.1_ter_28972f42c82fd27b0e3f96c17cda5782/node_modules/@nuxt/devtools/dist/runtime/plugins/devtools.client.js?v=4a573216:51
[ 3394857ms] [ERROR] WebSocket connection to 'ws://localhost:3000/_nuxt/?token=qhFlwGf6Zsme' failed: The network connection was lost. @ :0
[ 3394858ms] [LOG] [vite] server connection lost. Polling for restart... @ http://localhost:3000/_nuxt/@vite/client:864
[ 3395679ms] [INFO] [gymscan] 0B calls explode 9 @ http://localhost:3000/_nuxt/utils/gymscan/stage.ts:1222
[ 3396346ms] [ERROR] Failed to load resource: the server responded with a status of 503 (Service Unavailable) @ http://localhost:3000/demo?m=1788714377073:0
[ 3396389ms] [ERROR] Failed to load resource: the server responded with a status of 503 (Service Unavailable) @ http://localhost:3000/demo?m=1788714377073:0
[ 3397924ms] [ERROR] Failed to load resource: the server responded with a status of 503 (Service Unavailable) @ http://localhost:3000/demo?m=1788714377073:0
[ 3402683ms] [INFO] <Suspense> is an experimental feature and its API will likely change. @ http://localhost:3000/_nuxt/node_modules/.pnpm/@vue+runtime-core@3.5.33/node_modules/@vue/runtime-core/dist/runtime-core.esm-bundler.js?v=4a573216:7239
[ 3402769ms] [LOG] %c[Vercel Web Analytics]%c Debug mode is enabled by default in development. No requests will be sent to the server. color: rgb(120, 120, 120) color: inherit @ https://va.vercel-scripts.com/v1/script.debug.js:0
[ 3402769ms] [LOG] %c[Vercel Web Analytics]%c Running queued event color: rgb(120, 120, 120) color: inherit pageview {route: /demo, path: /demo} @ https://va.vercel-scripts.com/v1/script.debug.js:0
[ 3402770ms] [LOG] %c[Vercel Web Analytics]%c [view] http://localhost:3000/demo?m=1788714377073 color: rgb(120, 120, 120) color: inherit {o: http://localhost:3000/demo?m=1788714377073, sv: 0.1.3, sdkn: @vercel/analytics/nuxt, sdkv: 2.0.1, ts: 1788714425028} /_vercel/insights/view @ https://va.vercel-scripts.com/v1/script.debug.js:0
[ 3402873ms] [LOG] ✨ %cNuxt DevTools %c Press Shift + Option + D to open DevTools color: black; border-radius: 3px 0 0 3px; padding: 2px 2px 1px 10px; background: #00DC82 border-radius: 0 3px 3px 0; padding: 2px 10px 1px 2px; background: #00DC8220  @ http://localhost:3000/_nuxt/node_modules/.pnpm/@nuxt+devtools@3.2.4_supports-color@10.2.2_vite@7.3.2_@types+node@26.1.1_jiti@2.6.1_ter_28972f42c82fd27b0e3f96c17cda5782/node_modules/@nuxt/devtools/dist/runtime/plugins/devtools.client.js?v=4a573216:51
[ 3407304ms] [INFO] [gymscan] 0B calls explode 9 @ http://localhost:3000/_nuxt/utils/gymscan/stage.ts:1222
[ 3409089ms] [INFO] [gymscan] 0B calls planted 24 @ http://localhost:3000/_nuxt/utils/gymscan/stage.ts:1226
[ 5947622ms] [ERROR] WebSocket connection to 'ws://localhost:3000/_nuxt/?token=vesf1cb-8RBD' failed: The network connection was lost. @ :0
[ 5947634ms] [LOG] [vite] server connection lost. Polling for restart... @ http://localhost:3000/_nuxt/@vite/client:864
[ 5959069ms] [INFO] <Suspense> is an experimental feature and its API will likely change. @ http://localhost:3000/_nuxt/node_modules/.pnpm/@vue+runtime-core@3.5.33/node_modules/@vue/runtime-core/dist/runtime-core.esm-bundler.js?v=4a573216:7239
[ 5959159ms] [LOG] %c[Vercel Web Analytics]%c Debug mode is enabled by default in development. No requests will be sent to the server. color: rgb(120, 120, 120) color: inherit @ https://va.vercel-scripts.com/v1/script.debug.js:0
[ 5959159ms] [LOG] %c[Vercel Web Analytics]%c Running queued event color: rgb(120, 120, 120) color: inherit pageview {route: /demo, path: /demo} @ https://va.vercel-scripts.com/v1/script.debug.js:0
[ 5959162ms] [LOG] %c[Vercel Web Analytics]%c [view] http://localhost:3000/demo?m=1788714377073 color: rgb(120, 120, 120) color: inherit {o: http://localhost:3000/demo?m=1788714377073, sv: 0.1.3, sdkn: @vercel/analytics/nuxt, sdkv: 2.0.1, ts: 1788716981420} /_vercel/insights/view @ https://va.vercel-scripts.com/v1/script.debug.js:0
[ 5959223ms] [LOG] ✨ %cNuxt DevTools %c Press Shift + Option + D to open DevTools color: black; border-radius: 3px 0 0 3px; padding: 2px 2px 1px 10px; background: #00DC82 border-radius: 0 3px 3px 0; padding: 2px 10px 1px 2px; background: #00DC8220  @ http://localhost:3000/_nuxt/node_modules/.pnpm/@nuxt+devtools@3.2.4_supports-color@10.2.2_vite@7.3.2_@types+node@26.1.1_jiti@2.6.1_ter_28972f42c82fd27b0e3f96c17cda5782/node_modules/@nuxt/devtools/dist/runtime/plugins/devtools.client.js?v=4a573216:51
[ 5963830ms] [INFO] [gymscan] 0B calls explode 9 @ http://localhost:3000/_nuxt/utils/gymscan/stage.ts:1222
[ 5965615ms] [INFO] [gymscan] 0B calls planted 24 @ http://localhost:3000/_nuxt/utils/gymscan/stage.ts:1226
[ 6277060ms] [INFO] <Suspense> is an experimental feature and its API will likely change. @ http://localhost:3000/_nuxt/node_modules/.pnpm/@vue+runtime-core@3.5.33/node_modules/@vue/runtime-core/dist/runtime-core.esm-bundler.js?v=4a573216:7239
[ 6277191ms] [LOG] %c[Vercel Web Analytics]%c Debug mode is enabled by default in development. No requests will be sent to the server. color: rgb(120, 120, 120) color: inherit @ https://va.vercel-scripts.com/v1/script.debug.js:0
[ 6277192ms] [LOG] %c[Vercel Web Analytics]%c Running queued event color: rgb(120, 120, 120) color: inherit pageview {route: /demo, path: /demo} @ https://va.vercel-scripts.com/v1/script.debug.js:0
[ 6277195ms] [LOG] %c[Vercel Web Analytics]%c [view] http://localhost:3000/demo?m=1788714377073 color: rgb(120, 120, 120) color: inherit {o: http://localhost:3000/demo?m=1788714377073, sv: 0.1.3, sdkn: @vercel/analytics/nuxt, sdkv: 2.0.1, ts: 1788717299453} /_vercel/insights/view @ https://va.vercel-scripts.com/v1/script.debug.js:0
[ 6277260ms] [LOG] ✨ %cNuxt DevTools %c Press Shift + Option + D to open DevTools color: black; border-radius: 3px 0 0 3px; padding: 2px 2px 1px 10px; background: #00DC82 border-radius: 0 3px 3px 0; padding: 2px 10px 1px 2px; background: #00DC8220  @ http://localhost:3000/_nuxt/node_modules/.pnpm/@nuxt+devtools@3.2.4_supports-color@10.2.2_vite@7.3.2_@types+node@26.1.1_jiti@2.6.1_ter_28972f42c82fd27b0e3f96c17cda5782/node_modules/@nuxt/devtools/dist/runtime/plugins/devtools.client.js?v=4a573216:51
[ 6281606ms] [INFO] [gymscan] 0B calls explode 9 @ http://localhost:3000/_nuxt/utils/gymscan/stage.ts:1222
[ 6283393ms] [INFO] [gymscan] 0B calls planted 24 @ http://localhost:3000/_nuxt/utils/gymscan/stage.ts:1226
[ 6300531ms] [INFO] <Suspense> is an experimental feature and its API will likely change. @ http://localhost:3000/_nuxt/node_modules/.pnpm/@vue+runtime-core@3.5.33/node_modules/@vue/runtime-core/dist/runtime-core.esm-bundler.js?v=4a573216:7239
[ 6300775ms] [LOG] %c[Vercel Web Analytics]%c Debug mode is enabled by default in development. No requests will be sent to the server. color: rgb(120, 120, 120) color: inherit @ https://va.vercel-scripts.com/v1/script.debug.js:0
[ 6300775ms] [LOG] %c[Vercel Web Analytics]%c Running queued event color: rgb(120, 120, 120) color: inherit pageview {route: /demo, path: /demo} @ https://va.vercel-scripts.com/v1/script.debug.js:0
[ 6300776ms] [LOG] %c[Vercel Web Analytics]%c [view] http://localhost:3000/demo?m=1788714377073 color: rgb(120, 120, 120) color: inherit {o: http://localhost:3000/demo?m=1788714377073, sv: 0.1.3, sdkn: @vercel/analytics/nuxt, sdkv: 2.0.1, ts: 1788717323035} /_vercel/insights/view @ https://va.vercel-scripts.com/v1/script.debug.js:0
[ 6300930ms] [LOG] ✨ %cNuxt DevTools %c Press Shift + Option + D to open DevTools color: black; border-radius: 3px 0 0 3px; padding: 2px 2px 1px 10px; background: #00DC82 border-radius: 0 3px 3px 0; padding: 2px 10px 1px 2px; background: #00DC8220  @ http://localhost:3000/_nuxt/node_modules/.pnpm/@nuxt+devtools@3.2.4_supports-color@10.2.2_vite@7.3.2_@types+node@26.1.1_jiti@2.6.1_ter_28972f42c82fd27b0e3f96c17cda5782/node_modules/@nuxt/devtools/dist/runtime/plugins/devtools.client.js?v=4a573216:51
[ 6305652ms] [INFO] [gymscan] 0B calls explode 9 @ http://localhost:3000/_nuxt/utils/gymscan/stage.ts:1222
[ 6307440ms] [INFO] [gymscan] 0B calls planted 24 @ http://localhost:3000/_nuxt/utils/gymscan/stage.ts:1226
[ 6317064ms] [ERROR] WebSocket connection to 'ws://localhost:3000/_nuxt/?token=eBk9j1VWeH4Q' failed: The network connection was lost. @ :0
[ 6317065ms] [LOG] [vite] server connection lost. Polling for restart... @ http://localhost:3000/_nuxt/@vite/client:864
[ 6318851ms] [ERROR] Failed to load resource: the server responded with a status of 503 (Service Unavailable) @ http://localhost:3000/demo?m=1788714377073:0
[ 6318967ms] [ERROR] Failed to load resource: the server responded with a status of 503 (Service Unavailable) @ http://localhost:3000/demo?m=1788714377073:0
[ 6319999ms] [ERROR] Failed to load resource: the server responded with a status of 503 (Service Unavailable) @ http://localhost:3000/demo?m=1788714377073:0
[ 6325147ms] [INFO] <Suspense> is an experimental feature and its API will likely change. @ http://localhost:3000/_nuxt/node_modules/.pnpm/@vue+runtime-core@3.5.33/node_modules/@vue/runtime-core/dist/runtime-core.esm-bundler.js?v=4a573216:7239
[ 6325257ms] [LOG] %c[Vercel Web Analytics]%c Debug mode is enabled by default in development. No requests will be sent to the server. color: rgb(120, 120, 120) color: inherit @ https://va.vercel-scripts.com/v1/script.debug.js:0
[ 6325258ms] [LOG] %c[Vercel Web Analytics]%c Running queued event color: rgb(120, 120, 120) color: inherit pageview {route: /demo, path: /demo} @ https://va.vercel-scripts.com/v1/script.debug.js:0
[ 6325259ms] [LOG] %c[Vercel Web Analytics]%c [view] http://localhost:3000/demo?m=1788714377073 color: rgb(120, 120, 120) color: inherit {o: http://localhost:3000/demo?m=1788714377073, sv: 0.1.3, sdkn: @vercel/analytics/nuxt, sdkv: 2.0.1, ts: 1788717347517} /_vercel/insights/view @ https://va.vercel-scripts.com/v1/script.debug.js:0
[ 6325417ms] [LOG] ✨ %cNuxt DevTools %c Press Shift + Option + D to open DevTools color: black; border-radius: 3px 0 0 3px; padding: 2px 2px 1px 10px; background: #00DC82 border-radius: 0 3px 3px 0; padding: 2px 10px 1px 2px; background: #00DC8220  @ http://localhost:3000/_nuxt/node_modules/.pnpm/@nuxt+devtools@3.2.4_supports-color@10.2.2_vite@7.3.2_@types+node@26.1.1_jiti@2.6.1_ter_28972f42c82fd27b0e3f96c17cda5782/node_modules/@nuxt/devtools/dist/runtime/plugins/devtools.client.js?v=4a573216:51
[ 6329813ms] [INFO] [gymscan] 0B calls explode 9 @ http://localhost:3000/_nuxt/utils/gymscan/stage.ts:1222
[ 6331603ms] [INFO] [gymscan] 0B calls planted 24 @ http://localhost:3000/_nuxt/utils/gymscan/stage.ts:1226
[ 6332607ms] [ERROR] WebSocket connection to 'ws://localhost:3000/_nuxt/?token=5DIiewX_L1lv' failed: The network connection was lost. @ :0
[ 6332608ms] [LOG] [vite] server connection lost. Polling for restart... @ http://localhost:3000/_nuxt/@vite/client:864
[ 6334108ms] [ERROR] Failed to load resource: the server responded with a status of 503 (Service Unavailable) @ http://localhost:3000/demo?m=1788714377073:0
[ 6334235ms] [ERROR] Failed to load resource: the server responded with a status of 503 (Service Unavailable) @ http://localhost:3000/demo?m=1788714377073:0
[ 6335243ms] [ERROR] Failed to load resource: the server responded with a status of 503 (Service Unavailable) @ http://localhost:3000/demo?m=1788714377073:0
[ 6340141ms] [INFO] <Suspense> is an experimental feature and its API will likely change. @ http://localhost:3000/_nuxt/node_modules/.pnpm/@vue+runtime-core@3.5.33/node_modules/@vue/runtime-core/dist/runtime-core.esm-bundler.js?v=4a573216:7239
[ 6340299ms] [LOG] %c[Vercel Web Analytics]%c Debug mode is enabled by default in development. No requests will be sent to the server. color: rgb(120, 120, 120) color: inherit @ https://va.vercel-scripts.com/v1/script.debug.js:0
[ 6340299ms] [LOG] %c[Vercel Web Analytics]%c Running queued event color: rgb(120, 120, 120) color: inherit pageview {route: /demo, path: /demo} @ https://va.vercel-scripts.com/v1/script.debug.js:0
[ 6340300ms] [LOG] %c[Vercel Web Analytics]%c [view] http://localhost:3000/demo?m=1788714377073 color: rgb(120, 120, 120) color: inherit {o: http://localhost:3000/demo?m=1788714377073, sv: 0.1.3, sdkn: @vercel/analytics/nuxt, sdkv: 2.0.1, ts: 1788717362558} /_vercel/insights/view @ https://va.vercel-scripts.com/v1/script.debug.js:0
[ 6340370ms] [LOG] ✨ %cNuxt DevTools %c Press Shift + Option + D to open DevTools color: black; border-radius: 3px 0 0 3px; padding: 2px 2px 1px 10px; background: #00DC82 border-radius: 0 3px 3px 0; padding: 2px 10px 1px 2px; background: #00DC8220  @ http://localhost:3000/_nuxt/node_modules/.pnpm/@nuxt+devtools@3.2.4_supports-color@10.2.2_vite@7.3.2_@types+node@26.1.1_jiti@2.6.1_ter_28972f42c82fd27b0e3f96c17cda5782/node_modules/@nuxt/devtools/dist/runtime/plugins/devtools.client.js?v=4a573216:51
[ 6344832ms] [INFO] [gymscan] 0B calls explode 9 @ http://localhost:3000/_nuxt/utils/gymscan/stage.ts:1222
[ 6346612ms] [INFO] [gymscan] 0B calls planted 24 @ http://localhost:3000/_nuxt/utils/gymscan/stage.ts:1226
[ 6364628ms] [INFO] <Suspense> is an experimental feature and its API will likely change. @ http://localhost:3000/_nuxt/node_modules/.pnpm/@vue+runtime-core@3.5.33/node_modules/@vue/runtime-core/dist/runtime-core.esm-bundler.js?v=4a573216:7239
[ 6364822ms] [LOG] %c[Vercel Web Analytics]%c Debug mode is enabled by default in development. No requests will be sent to the server. color: rgb(120, 120, 120) color: inherit @ https://va.vercel-scripts.com/v1/script.debug.js:0
[ 6364822ms] [LOG] %c[Vercel Web Analytics]%c Running queued event color: rgb(120, 120, 120) color: inherit pageview {route: /demo, path: /demo} @ https://va.vercel-scripts.com/v1/script.debug.js:0
[ 6364830ms] [LOG] %c[Vercel Web Analytics]%c [view] http://localhost:3000/demo?m=1788714377073 color: rgb(120, 120, 120) color: inherit {o: http://localhost:3000/demo?m=1788714377073, sv: 0.1.3, sdkn: @vercel/analytics/nuxt, sdkv: 2.0.1, ts: 1788717387089} /_vercel/insights/view @ https://va.vercel-scripts.com/v1/script.debug.js:0
[ 6364907ms] [LOG] ✨ %cNuxt DevTools %c Press Shift + Option + D to open DevTools color: black; border-radius: 3px 0 0 3px; padding: 2px 2px 1px 10px; background: #00DC82 border-radius: 0 3px 3px 0; padding: 2px 10px 1px 2px; background: #00DC8220  @ http://localhost:3000/_nuxt/node_modules/.pnpm/@nuxt+devtools@3.2.4_supports-color@10.2.2_vite@7.3.2_@types+node@26.1.1_jiti@2.6.1_ter_28972f42c82fd27b0e3f96c17cda5782/node_modules/@nuxt/devtools/dist/runtime/plugins/devtools.client.js?v=4a573216:51
[ 6369131ms] [INFO] [gymscan] 0B calls explode 9 @ http://localhost:3000/_nuxt/utils/gymscan/stage.ts?t=1788717380829:1222
[ 6370912ms] [INFO] [gymscan] 0B calls planted 24 @ http://localhost:3000/_nuxt/utils/gymscan/stage.ts?t=1788717380829:1226
[ 6378837ms] [INFO] [gymscan] 0B calls explode 9 @ http://localhost:3000/_nuxt/utils/gymscan/stage.ts?t=1788717380829:1222
[ 6380623ms] [INFO] [gymscan] 0B calls planted 24 @ http://localhost:3000/_nuxt/utils/gymscan/stage.ts?t=1788717380829:1226
[ 6415354ms] [INFO] <Suspense> is an experimental feature and its API will likely change. @ http://localhost:3000/_nuxt/node_modules/.pnpm/@vue+runtime-core@3.5.33/node_modules/@vue/runtime-core/dist/runtime-core.esm-bundler.js?v=4a573216:7239
[ 6415586ms] [LOG] %c[Vercel Web Analytics]%c Debug mode is enabled by default in development. No requests will be sent to the server. color: rgb(120, 120, 120) color: inherit @ https://va.vercel-scripts.com/v1/script.debug.js:0
[ 6415587ms] [LOG] %c[Vercel Web Analytics]%c Running queued event color: rgb(120, 120, 120) color: inherit pageview {route: /demo, path: /demo} @ https://va.vercel-scripts.com/v1/script.debug.js:0
[ 6415589ms] [LOG] %c[Vercel Web Analytics]%c [view] http://localhost:3000/demo?m=1788714377073 color: rgb(120, 120, 120) color: inherit {o: http://localhost:3000/demo?m=1788714377073, sv: 0.1.3, sdkn: @vercel/analytics/nuxt, sdkv: 2.0.1, ts: 1788717437847} /_vercel/insights/view @ https://va.vercel-scripts.com/v1/script.debug.js:0
[ 6415709ms] [LOG] ✨ %cNuxt DevTools %c Press Shift + Option + D to open DevTools color: black; border-radius: 3px 0 0 3px; padding: 2px 2px 1px 10px; background: #00DC82 border-radius: 0 3px 3px 0; padding: 2px 10px 1px 2px; background: #00DC8220  @ http://localhost:3000/_nuxt/node_modules/.pnpm/@nuxt+devtools@3.2.4_supports-color@10.2.2_vite@7.3.2_@types+node@26.1.1_jiti@2.6.1_ter_28972f42c82fd27b0e3f96c17cda5782/node_modules/@nuxt/devtools/dist/runtime/plugins/devtools.client.js?v=4a573216:51
[ 6419854ms] [INFO] [gymscan] 0B calls explode 9 @ http://localhost:3000/_nuxt/utils/gymscan/stage.ts?t=1788717380829:1222
[ 6421640ms] [INFO] [gymscan] 0B calls planted 24 @ http://localhost:3000/_nuxt/utils/gymscan/stage.ts?t=1788717380829:1226
[ 6443893ms] [ERROR] WebSocket connection to 'ws://localhost:3000/_nuxt/?token=uyhs4FuTzuSe' failed: The network connection was lost. @ :0
[ 6443893ms] [LOG] [vite] server connection lost. Polling for restart... @ http://localhost:3000/_nuxt/@vite/client:864
[ 6445899ms] [ERROR] Failed to load resource: the server responded with a status of 503 (Service Unavailable) @ http://localhost:3000/demo?m=1788714377073:0
[ 6446023ms] [ERROR] Failed to load resource: the server responded with a status of 503 (Service Unavailable) @ http://localhost:3000/demo?m=1788714377073:0
[ 6447031ms] [ERROR] Failed to load resource: the server responded with a status of 503 (Service Unavailable) @ http://localhost:3000/demo?m=1788714377073:0
[ 6454027ms] [INFO] <Suspense> is an experimental feature and its API will likely change. @ http://localhost:3000/_nuxt/node_modules/.pnpm/@vue+runtime-core@3.5.33/node_modules/@vue/runtime-core/dist/runtime-core.esm-bundler.js?v=4a573216:7239
[ 6454346ms] [LOG] %c[Vercel Web Analytics]%c Debug mode is enabled by default in development. No requests will be sent to the server. color: rgb(120, 120, 120) color: inherit @ https://va.vercel-scripts.com/v1/script.debug.js:0
[ 6454346ms] [LOG] %c[Vercel Web Analytics]%c Running queued event color: rgb(120, 120, 120) color: inherit pageview {route: /demo, path: /demo} @ https://va.vercel-scripts.com/v1/script.debug.js:0
[ 6454348ms] [LOG] %c[Vercel Web Analytics]%c [view] http://localhost:3000/demo?m=1788714377073 color: rgb(120, 120, 120) color: inherit {o: http://localhost:3000/demo?m=1788714377073, sv: 0.1.3, sdkn: @vercel/analytics/nuxt, sdkv: 2.0.1, ts: 1788717476606} /_vercel/insights/view @ https://va.vercel-scripts.com/v1/script.debug.js:0
[ 6454685ms] [LOG] ✨ %cNuxt DevTools %c Press Shift + Option + D to open DevTools color: black; border-radius: 3px 0 0 3px; padding: 2px 2px 1px 10px; background: #00DC82 border-radius: 0 3px 3px 0; padding: 2px 10px 1px 2px; background: #00DC8220  @ http://localhost:3000/_nuxt/node_modules/.pnpm/@nuxt+devtools@3.2.4_supports-color@10.2.2_vite@7.3.2_@types+node@26.1.1_jiti@2.6.1_ter_28972f42c82fd27b0e3f96c17cda5782/node_modules/@nuxt/devtools/dist/runtime/plugins/devtools.client.js?v=4a573216:51
[ 6457361ms] [WARNING] [nuxt] Cannot load payload  /_payload.json?1788717476416 TypeError: Load failed @ http://localhost:3000/_nuxt/node_modules/.pnpm/nuxt@3.21.2_@emnapi+core@1.10.0_@emnapi+runtime@1.11.3_@parcel+watcher@2.5.6_@types+nod_529923af24574705ccdd3c2cb50f4411/node_modules/nuxt/dist/app/composables/payload.js?v=4a573216:81
[ 6462719ms] [INFO] <Suspense> is an experimental feature and its API will likely change. @ http://localhost:3000/_nuxt/node_modules/.pnpm/@vue+runtime-core@3.5.33/node_modules/@vue/runtime-core/dist/runtime-core.esm-bundler.js?v=4a573216:7239
[ 6462925ms] [LOG] %c[Vercel Web Analytics]%c Debug mode is enabled by default in development. No requests will be sent to the server. color: rgb(120, 120, 120) color: inherit @ https://va.vercel-scripts.com/v1/script.debug.js:0
[ 6462925ms] [LOG] %c[Vercel Web Analytics]%c Running queued event color: rgb(120, 120, 120) color: inherit pageview {route: /demo, path: /demo} @ https://va.vercel-scripts.com/v1/script.debug.js:0
[ 6462928ms] [LOG] %c[Vercel Web Analytics]%c [view] http://localhost:3000/demo?m=1788714377073 color: rgb(120, 120, 120) color: inherit {o: http://localhost:3000/demo?m=1788714377073, sv: 0.1.3, sdkn: @vercel/analytics/nuxt, sdkv: 2.0.1, ts: 1788717485186} /_vercel/insights/view @ https://va.vercel-scripts.com/v1/script.debug.js:0
[ 6463433ms] [LOG] ✨ %cNuxt DevTools %c Press Shift + Option + D to open DevTools color: black; border-radius: 3px 0 0 3px; padding: 2px 2px 1px 10px; background: #00DC82 border-radius: 0 3px 3px 0; padding: 2px 10px 1px 2px; background: #00DC8220  @ http://localhost:3000/_nuxt/node_modules/.pnpm/@nuxt+devtools@3.2.4_supports-color@10.2.2_vite@7.3.2_@types+node@26.1.1_jiti@2.6.1_ter_28972f42c82fd27b0e3f96c17cda5782/node_modules/@nuxt/devtools/dist/runtime/plugins/devtools.client.js?v=4a573216:51
[ 6468255ms] [INFO] [gymscan] 0B calls explode 9 @ http://localhost:3000/_nuxt/utils/gymscan/stage.ts:1222
[ 6470037ms] [INFO] [gymscan] 0B calls planted 24 @ http://localhost:3000/_nuxt/utils/gymscan/stage.ts:1226
[ 6759025ms] [WARNING] [nuxt] Cannot load payload  /_payload.json?1788717485193 TypeError: Load failed @ http://localhost:3000/_nuxt/node_modules/.pnpm/nuxt@3.21.2_@emnapi+core@1.10.0_@emnapi+runtime@1.11.3_@parcel+watcher@2.5.6_@types+nod_529923af24574705ccdd3c2cb50f4411/node_modules/nuxt/dist/app/composables/payload.js?t=1788717479590&v=4a573216:81
[ 6760536ms] [INFO] <Suspense> is an experimental feature and its API will likely change. @ http://localhost:3000/_nuxt/node_modules/.pnpm/@vue+runtime-core@3.5.33/node_modules/@vue/runtime-core/dist/runtime-core.esm-bundler.js?v=4a573216:7239
[ 6760634ms] [LOG] %c[Vercel Web Analytics]%c Debug mode is enabled by default in development. No requests will be sent to the server. color: rgb(120, 120, 120) color: inherit @ https://va.vercel-scripts.com/v1/script.debug.js:0
[ 6760634ms] [LOG] %c[Vercel Web Analytics]%c Running queued event color: rgb(120, 120, 120) color: inherit pageview {route: /demo, path: /demo} @ https://va.vercel-scripts.com/v1/script.debug.js:0
[ 6760635ms] [LOG] %c[Vercel Web Analytics]%c [view] http://localhost:3000/demo?m=1788714377073 color: rgb(120, 120, 120) color: inherit {o: http://localhost:3000/demo?m=1788714377073, sv: 0.1.3, sdkn: @vercel/analytics/nuxt, sdkv: 2.0.1, ts: 1788717782894} /_vercel/insights/view @ https://va.vercel-scripts.com/v1/script.debug.js:0
[ 6760734ms] [LOG] ✨ %cNuxt DevTools %c Press Shift + Option + D to open DevTools color: black; border-radius: 3px 0 0 3px; padding: 2px 2px 1px 10px; background: #00DC82 border-radius: 0 3px 3px 0; padding: 2px 10px 1px 2px; background: #00DC8220  @ http://localhost:3000/_nuxt/node_modules/.pnpm/@nuxt+devtools@3.2.4_supports-color@10.2.2_vite@7.3.2_@types+node@26.1.1_jiti@2.6.1_ter_28972f42c82fd27b0e3f96c17cda5782/node_modules/@nuxt/devtools/dist/runtime/plugins/devtools.client.js?v=4a573216:51
[ 6765034ms] [INFO] [gymscan] 0B calls explode 9 @ http://localhost:3000/_nuxt/utils/gymscan/stage.ts:1222
[ 6766819ms] [INFO] [gymscan] 0B calls planted 24 @ http://localhost:3000/_nuxt/utils/gymscan/stage.ts:1226
[ 6780372ms] [ERROR] WebSocket connection to 'ws://localhost:3000/_nuxt/?token=WRQDBEzEw7Ku' failed: The network connection was lost. @ :0
[ 6780373ms] [LOG] [vite] server connection lost. Polling for restart... @ http://localhost:3000/_nuxt/@vite/client:864
[ 6781836ms] [ERROR] Failed to load resource: the server responded with a status of 503 (Service Unavailable) @ http://localhost:3000/demo?m=1788714377073:0
[ 6781891ms] [ERROR] Failed to load resource: the server responded with a status of 503 (Service Unavailable) @ http://localhost:3000/demo?m=1788714377073:0
[ 6783020ms] [ERROR] Failed to load resource: the server responded with a status of 503 (Service Unavailable) @ http://localhost:3000/demo?m=1788714377073:0
[ 6786901ms] [INFO] <Suspense> is an experimental feature and its API will likely change. @ http://localhost:3000/_nuxt/node_modules/.pnpm/@vue+runtime-core@3.5.33/node_modules/@vue/runtime-core/dist/runtime-core.esm-bundler.js?v=4a573216:7239
[ 6786988ms] [LOG] %c[Vercel Web Analytics]%c Debug mode is enabled by default in development. No requests will be sent to the server. color: rgb(120, 120, 120) color: inherit @ https://va.vercel-scripts.com/v1/script.debug.js:0
[ 6786988ms] [LOG] %c[Vercel Web Analytics]%c Running queued event color: rgb(120, 120, 120) color: inherit pageview {route: /demo, path: /demo} @ https://va.vercel-scripts.com/v1/script.debug.js:0
[ 6786989ms] [LOG] %c[Vercel Web Analytics]%c [view] http://localhost:3000/demo?m=1788714377073 color: rgb(120, 120, 120) color: inherit {o: http://localhost:3000/demo?m=1788714377073, sv: 0.1.3, sdkn: @vercel/analytics/nuxt, sdkv: 2.0.1, ts: 1788717809247} /_vercel/insights/view @ https://va.vercel-scripts.com/v1/script.debug.js:0
[ 6787053ms] [LOG] ✨ %cNuxt DevTools %c Press Shift + Option + D to open DevTools color: black; border-radius: 3px 0 0 3px; padding: 2px 2px 1px 10px; background: #00DC82 border-radius: 0 3px 3px 0; padding: 2px 10px 1px 2px; background: #00DC8220  @ http://localhost:3000/_nuxt/node_modules/.pnpm/@nuxt+devtools@3.2.4_supports-color@10.2.2_vite@7.3.2_@types+node@26.1.1_jiti@2.6.1_ter_28972f42c82fd27b0e3f96c17cda5782/node_modules/@nuxt/devtools/dist/runtime/plugins/devtools.client.js?v=4a573216:51
[ 6791536ms] [ERROR] WebSocket connection to 'ws://localhost:3000/_nuxt/?token=wFmRqMDhXOyk' failed: The network connection was lost. @ :0
[ 6791537ms] [LOG] [vite] server connection lost. Polling for restart... @ http://localhost:3000/_nuxt/@vite/client:864
[ 6791934ms] [INFO] [gymscan] 0B calls explode 9 @ http://localhost:3000/_nuxt/utils/gymscan/stage.ts:1222
[ 6792776ms] [ERROR] Failed to load resource: the server responded with a status of 503 (Service Unavailable) @ http://localhost:3000/demo?m=1788714377073:0
[ 6792805ms] [ERROR] Failed to load resource: the server responded with a status of 503 (Service Unavailable) @ http://localhost:3000/demo?m=1788714377073:0
[ 6793923ms] [ERROR] Failed to load resource: the server responded with a status of 503 (Service Unavailable) @ http://localhost:3000/demo?m=1788714377073:0
[ 6797779ms] [INFO] <Suspense> is an experimental feature and its API will likely change. @ http://localhost:3000/_nuxt/node_modules/.pnpm/@vue+runtime-core@3.5.33/node_modules/@vue/runtime-core/dist/runtime-core.esm-bundler.js?v=4a573216:7239
[ 6797911ms] [LOG] %c[Vercel Web Analytics]%c Debug mode is enabled by default in development. No requests will be sent to the server. color: rgb(120, 120, 120) color: inherit @ https://va.vercel-scripts.com/v1/script.debug.js:0
[ 6797912ms] [LOG] %c[Vercel Web Analytics]%c Running queued event color: rgb(120, 120, 120) color: inherit pageview {route: /demo, path: /demo} @ https://va.vercel-scripts.com/v1/script.debug.js:0
[ 6797913ms] [LOG] %c[Vercel Web Analytics]%c [view] http://localhost:3000/demo?m=1788714377073 color: rgb(120, 120, 120) color: inherit {o: http://localhost:3000/demo?m=1788714377073, sv: 0.1.3, sdkn: @vercel/analytics/nuxt, sdkv: 2.0.1, ts: 1788717820172} /_vercel/insights/view @ https://va.vercel-scripts.com/v1/script.debug.js:0
[ 6798095ms] [LOG] ✨ %cNuxt DevTools %c Press Shift + Option + D to open DevTools color: black; border-radius: 3px 0 0 3px; padding: 2px 2px 1px 10px; background: #00DC82 border-radius: 0 3px 3px 0; padding: 2px 10px 1px 2px; background: #00DC8220  @ http://localhost:3000/_nuxt/node_modules/.pnpm/@nuxt+devtools@3.2.4_supports-color@10.2.2_vite@7.3.2_@types+node@26.1.1_jiti@2.6.1_ter_28972f42c82fd27b0e3f96c17cda5782/node_modules/@nuxt/devtools/dist/runtime/plugins/devtools.client.js?v=4a573216:51
[ 6802935ms] [INFO] [gymscan] 0B calls explode 9 @ http://localhost:3000/_nuxt/utils/gymscan/stage.ts:1222
[ 6804703ms] [INFO] [gymscan] 0B calls planted 24 @ http://localhost:3000/_nuxt/utils/gymscan/stage.ts:1226
[22806240ms] [ERROR] WebSocket connection to 'ws://localhost:3000/_nuxt/?token=GGeEsF2CPjaQ' failed: The network connection was lost. @ :0
[22806242ms] [LOG] [vite] server connection lost. Polling for restart... @ http://localhost:3000/_nuxt/@vite/client:864
