[    1327ms] [LOG] %cssr:success%c Vite server hmr 14 files 
      background: #2ecc71;
      border-radius: 0.5em;
      color: white;
      font-weight: bold;
      padding: 2px 0.5em;
      in 0.023ms 
  at vite_node_entry_default (node_modules/.pnpm/@nuxt+vite-builder@3.21.2_@types+node@26.1.1_magicast@0.5.2_nuxt@3.21.2_@emnapi+core@1._a4b3153523cf62a7d8205505e2d0041e/node_modules/@nuxt/vite-builder/dist/vite-node-entry.mjs)
  at process.processTicksAndRejections (node:internal/process/task_queues)
  at async Object.renderToString (node_modules/.pnpm/vue-bundle-renderer@2.2.0/node_modules/vue-bundle-renderer/dist/runtime.mjs)
 @ http://localhost:3000/_nuxt/node_modules/.pnpm/consola@3.4.2/node_modules/consola/dist/browser.mjs?v=4a573216:47
[    1378ms] [INFO] <Suspense> is an experimental feature and its API will likely change. @ http://localhost:3000/_nuxt/node_modules/.pnpm/@vue+runtime-core@3.5.33/node_modules/@vue/runtime-core/dist/runtime-core.esm-bundler.js?v=4a573216:7239
[    1525ms] [LOG] %c[Vercel Web Analytics]%c Debug mode is enabled by default in development. No requests will be sent to the server. color: rgb(120, 120, 120) color: inherit @ https://va.vercel-scripts.com/v1/script.debug.js:0
[    1525ms] [LOG] %c[Vercel Web Analytics]%c Running queued event color: rgb(120, 120, 120) color: inherit pageview {route: /demo, path: /demo} @ https://va.vercel-scripts.com/v1/script.debug.js:0
[    1526ms] [LOG] %c[Vercel Web Analytics]%c [view] http://localhost:3000/demo color: rgb(120, 120, 120) color: inherit {o: http://localhost:3000/demo, sv: 0.1.3, sdkn: @vercel/analytics/nuxt, sdkv: 2.0.1, ts: 1788712573709} /_vercel/insights/view @ https://va.vercel-scripts.com/v1/script.debug.js:0
[    1558ms] [LOG] ✨ %cNuxt DevTools %c Press Shift + Option + D to open DevTools color: black; border-radius: 3px 0 0 3px; padding: 2px 2px 1px 10px; background: #00DC82 border-radius: 0 3px 3px 0; padding: 2px 10px 1px 2px; background: #00DC8220  @ http://localhost:3000/_nuxt/node_modules/.pnpm/@nuxt+devtools@3.2.4_supports-color@10.2.2_vite@7.3.2_@types+node@26.1.1_jiti@2.6.1_ter_28972f42c82fd27b0e3f96c17cda5782/node_modules/@nuxt/devtools/dist/runtime/plugins/devtools.client.js?v=4a573216:51
[    6372ms] [INFO] [gymscan] 0B calls explode 26 @ http://localhost:3000/_nuxt/utils/gymscan/stage.ts?t=1788712490832:1222
[    8155ms] [INFO] [gymscan] 0B calls planted 48 @ http://localhost:3000/_nuxt/utils/gymscan/stage.ts?t=1788712490832:1226
[    8800ms] [ERROR] WebSocket connection to 'ws://localhost:3000/_nuxt/?token=0oa4m3TiEEA-' failed: The network connection was lost. @ :0
[    8800ms] [LOG] [vite] server connection lost. Polling for restart... @ http://localhost:3000/_nuxt/@vite/client:864
[   10721ms] [ERROR] Failed to load resource: the server responded with a status of 503 (Service Unavailable) @ http://localhost:3000/demo:0
[   10830ms] [ERROR] Failed to load resource: the server responded with a status of 503 (Service Unavailable) @ http://localhost:3000/demo:0
[   11916ms] [ERROR] Failed to load resource: the server responded with a status of 503 (Service Unavailable) @ http://localhost:3000/demo:0
[   15978ms] [INFO] <Suspense> is an experimental feature and its API will likely change. @ http://localhost:3000/_nuxt/node_modules/.pnpm/@vue+runtime-core@3.5.33/node_modules/@vue/runtime-core/dist/runtime-core.esm-bundler.js?v=4a573216:7239
[   16109ms] [LOG] %c[Vercel Web Analytics]%c Debug mode is enabled by default in development. No requests will be sent to the server. color: rgb(120, 120, 120) color: inherit @ https://va.vercel-scripts.com/v1/script.debug.js:0
[   16109ms] [LOG] %c[Vercel Web Analytics]%c Running queued event color: rgb(120, 120, 120) color: inherit pageview {route: /demo, path: /demo} @ https://va.vercel-scripts.com/v1/script.debug.js:0
[   16116ms] [LOG] %c[Vercel Web Analytics]%c [view] http://localhost:3000/demo color: rgb(120, 120, 120) color: inherit {o: http://localhost:3000/demo, sv: 0.1.3, sdkn: @vercel/analytics/nuxt, sdkv: 2.0.1, ts: 1788712588298} /_vercel/insights/view @ https://va.vercel-scripts.com/v1/script.debug.js:0
[   16255ms] [LOG] ✨ %cNuxt DevTools %c Press Shift + Option + D to open DevTools color: black; border-radius: 3px 0 0 3px; padding: 2px 2px 1px 10px; background: #00DC82 border-radius: 0 3px 3px 0; padding: 2px 10px 1px 2px; background: #00DC8220  @ http://localhost:3000/_nuxt/node_modules/.pnpm/@nuxt+devtools@3.2.4_supports-color@10.2.2_vite@7.3.2_@types+node@26.1.1_jiti@2.6.1_ter_28972f42c82fd27b0e3f96c17cda5782/node_modules/@nuxt/devtools/dist/runtime/plugins/devtools.client.js?v=4a573216:51
[   22006ms] [INFO] [gymscan] 0B calls explode 26 @ http://localhost:3000/_nuxt/utils/gymscan/stage.ts:1222
[   23341ms] [ERROR] WebSocket connection to 'ws://localhost:3000/_nuxt/?token=1mAfFNm-AZiq' failed: The network connection was lost. @ :0
[   23345ms] [LOG] [vite] server connection lost. Polling for restart... @ http://localhost:3000/_nuxt/@vite/client:864
[   23794ms] [INFO] [gymscan] 0B calls planted 48 @ http://localhost:3000/_nuxt/utils/gymscan/stage.ts:1226
[   24989ms] [ERROR] Failed to load resource: the server responded with a status of 503 (Service Unavailable) @ http://localhost:3000/demo:0
[   25046ms] [ERROR] Failed to load resource: the server responded with a status of 503 (Service Unavailable) @ http://localhost:3000/demo:0
[   26078ms] [ERROR] Failed to load resource: the server responded with a status of 503 (Service Unavailable) @ http://localhost:3000/demo:0
[   31310ms] [INFO] <Suspense> is an experimental feature and its API will likely change. @ http://localhost:3000/_nuxt/node_modules/.pnpm/@vue+runtime-core@3.5.33/node_modules/@vue/runtime-core/dist/runtime-core.esm-bundler.js?v=4a573216:7239
[   31457ms] [LOG] %c[Vercel Web Analytics]%c Debug mode is enabled by default in development. No requests will be sent to the server. color: rgb(120, 120, 120) color: inherit @ https://va.vercel-scripts.com/v1/script.debug.js:0
[   31457ms] [LOG] %c[Vercel Web Analytics]%c Running queued event color: rgb(120, 120, 120) color: inherit pageview {route: /demo, path: /demo} @ https://va.vercel-scripts.com/v1/script.debug.js:0
[   31461ms] [LOG] %c[Vercel Web Analytics]%c [view] http://localhost:3000/demo color: rgb(120, 120, 120) color: inherit {o: http://localhost:3000/demo, sv: 0.1.3, sdkn: @vercel/analytics/nuxt, sdkv: 2.0.1, ts: 1788712603643} /_vercel/insights/view @ https://va.vercel-scripts.com/v1/script.debug.js:0
[   31597ms] [LOG] ✨ %cNuxt DevTools %c Press Shift + Option + D to open DevTools color: black; border-radius: 3px 0 0 3px; padding: 2px 2px 1px 10px; background: #00DC82 border-radius: 0 3px 3px 0; padding: 2px 10px 1px 2px; background: #00DC8220  @ http://localhost:3000/_nuxt/node_modules/.pnpm/@nuxt+devtools@3.2.4_supports-color@10.2.2_vite@7.3.2_@types+node@26.1.1_jiti@2.6.1_ter_28972f42c82fd27b0e3f96c17cda5782/node_modules/@nuxt/devtools/dist/runtime/plugins/devtools.client.js?v=4a573216:51
[   37015ms] [INFO] [gymscan] 0B calls explode 26 @ http://localhost:3000/_nuxt/utils/gymscan/stage.ts:1222
[   38886ms] [INFO] [gymscan] 0B calls planted 48 @ http://localhost:3000/_nuxt/utils/gymscan/stage.ts:1226
[   87980ms] [INFO] <Suspense> is an experimental feature and its API will likely change. @ http://localhost:3000/_nuxt/node_modules/.pnpm/@vue+runtime-core@3.5.33/node_modules/@vue/runtime-core/dist/runtime-core.esm-bundler.js?v=4a573216:7239
[   88161ms] [LOG] %c[Vercel Web Analytics]%c Debug mode is enabled by default in development. No requests will be sent to the server. color: rgb(120, 120, 120) color: inherit @ https://va.vercel-scripts.com/v1/script.debug.js:0
[   88161ms] [LOG] %c[Vercel Web Analytics]%c Running queued event color: rgb(120, 120, 120) color: inherit pageview {route: /demo, path: /demo} @ https://va.vercel-scripts.com/v1/script.debug.js:0
[   88162ms] [LOG] %c[Vercel Web Analytics]%c [view] http://localhost:3000/demo color: rgb(120, 120, 120) color: inherit {o: http://localhost:3000/demo, sv: 0.1.3, sdkn: @vercel/analytics/nuxt, sdkv: 2.0.1, ts: 1788712660344} /_vercel/insights/view @ https://va.vercel-scripts.com/v1/script.debug.js:0
[   88372ms] [LOG] ✨ %cNuxt DevTools %c Press Shift + Option + D to open DevTools color: black; border-radius: 3px 0 0 3px; padding: 2px 2px 1px 10px; background: #00DC82 border-radius: 0 3px 3px 0; padding: 2px 10px 1px 2px; background: #00DC8220  @ http://localhost:3000/_nuxt/node_modules/.pnpm/@nuxt+devtools@3.2.4_supports-color@10.2.2_vite@7.3.2_@types+node@26.1.1_jiti@2.6.1_ter_28972f42c82fd27b0e3f96c17cda5782/node_modules/@nuxt/devtools/dist/runtime/plugins/devtools.client.js?v=4a573216:51
[   90793ms] [INFO] [gymscan] 0B calls explode 81 @ http://localhost:3000/_nuxt/utils/gymscan/stage.ts:1222
[   90889ms] [INFO] [gymscan] 0B calls planted 51 @ http://localhost:3000/_nuxt/utils/gymscan/stage.ts:1226
[  137537ms] [ERROR] WebSocket connection to 'ws://localhost:3000/_nuxt/?token=OSKRfGhyZUv_' failed: The network connection was lost. @ :0
[  137538ms] [LOG] [vite] server connection lost. Polling for restart... @ http://localhost:3000/_nuxt/@vite/client:864
[  139036ms] [ERROR] Failed to load resource: the server responded with a status of 503 (Service Unavailable) @ http://localhost:3000/demo:0
[  139153ms] [ERROR] Failed to load resource: the server responded with a status of 503 (Service Unavailable) @ http://localhost:3000/demo:0
[  140158ms] [ERROR] Failed to load resource: the server responded with a status of 503 (Service Unavailable) @ http://localhost:3000/demo:0
[  144479ms] [INFO] <Suspense> is an experimental feature and its API will likely change. @ http://localhost:3000/_nuxt/node_modules/.pnpm/@vue+runtime-core@3.5.33/node_modules/@vue/runtime-core/dist/runtime-core.esm-bundler.js?v=4a573216:7239
[  144554ms] [LOG] %c[Vercel Web Analytics]%c Debug mode is enabled by default in development. No requests will be sent to the server. color: rgb(120, 120, 120) color: inherit @ https://va.vercel-scripts.com/v1/script.debug.js:0
[  144554ms] [LOG] %c[Vercel Web Analytics]%c Running queued event color: rgb(120, 120, 120) color: inherit pageview {route: /demo, path: /demo} @ https://va.vercel-scripts.com/v1/script.debug.js:0
[  144555ms] [LOG] %c[Vercel Web Analytics]%c [view] http://localhost:3000/demo color: rgb(120, 120, 120) color: inherit {o: http://localhost:3000/demo, sv: 0.1.3, sdkn: @vercel/analytics/nuxt, sdkv: 2.0.1, ts: 1788712716737} /_vercel/insights/view @ https://va.vercel-scripts.com/v1/script.debug.js:0
[  144792ms] [LOG] ✨ %cNuxt DevTools %c Press Shift + Option + D to open DevTools color: black; border-radius: 3px 0 0 3px; padding: 2px 2px 1px 10px; background: #00DC82 border-radius: 0 3px 3px 0; padding: 2px 10px 1px 2px; background: #00DC8220  @ http://localhost:3000/_nuxt/node_modules/.pnpm/@nuxt+devtools@3.2.4_supports-color@10.2.2_vite@7.3.2_@types+node@26.1.1_jiti@2.6.1_ter_28972f42c82fd27b0e3f96c17cda5782/node_modules/@nuxt/devtools/dist/runtime/plugins/devtools.client.js?v=4a573216:51
[  148600ms] [INFO] [gymscan] 0B calls planted 51 @ http://localhost:3000/_nuxt/utils/gymscan/stage.ts:1226
[  148636ms] [ERROR] WebGL: INVALID_OPERATION: glDrawElements: Mismatch between texture format and sampler type (signed/unsigned/float/shadow). @ :0
[  148636ms] [ERROR] WebGL: INVALID_OPERATION: glDrawElements: Mismatch between texture format and sampler type (signed/unsigned/float/shadow). @ :0
[  148636ms] [ERROR] WebGL: INVALID_OPERATION: glDrawArrays: Mismatch between texture format and sampler type (signed/unsigned/float/shadow). @ :0
[  148636ms] [ERROR] WebGL: INVALID_OPERATION: glDrawElements: Mismatch between texture format and sampler type (signed/unsigned/float/shadow). @ :0
[  148636ms] [ERROR] WebGL: INVALID_OPERATION: glDrawElements: Mismatch between texture format and sampler type (signed/unsigned/float/shadow). @ :0
[  148636ms] [ERROR] WebGL: INVALID_OPERATION: glDrawElements: Mismatch between texture format and sampler type (signed/unsigned/float/shadow). @ :0
[  148636ms] [ERROR] WebGL: INVALID_OPERATION: glDrawElements: Mismatch between texture format and sampler type (signed/unsigned/float/shadow). @ :0
[  148636ms] [ERROR] WebGL: INVALID_OPERATION: glDrawElements: Mismatch between texture format and sampler type (signed/unsigned/float/shadow). @ :0
[  148636ms] [ERROR] WebGL: INVALID_OPERATION: glDrawElements: Mismatch between texture format and sampler type (signed/unsigned/float/shadow). @ :0
[  148636ms] [ERROR] WebGL: INVALID_OPERATION: glDrawElements: Mismatch between texture format and sampler type (signed/unsigned/float/shadow). @ :0
[  148636ms] [ERROR] WebGL: INVALID_OPERATION: glDrawElements: Mismatch between texture format and sampler type (signed/unsigned/float/shadow). @ :0
[  148636ms] [ERROR] WebGL: INVALID_OPERATION: glDrawElements: Mismatch between texture format and sampler type (signed/unsigned/float/shadow). @ :0
[  148636ms] [ERROR] WebGL: INVALID_OPERATION: glDrawElements: Mismatch between texture format and sampler type (signed/unsigned/float/shadow). @ :0
[  148636ms] [ERROR] WebGL: INVALID_OPERATION: glDrawElements: Mismatch between texture format and sampler type (signed/unsigned/float/shadow). @ :0
[  152900ms] [ERROR] WebSocket connection to 'ws://localhost:3000/_nuxt/?token=ySKLsAHI4rDq' failed: The network connection was lost. @ :0
[  152902ms] [LOG] [vite] server connection lost. Polling for restart... @ http://localhost:3000/_nuxt/@vite/client:864
[  154403ms] [ERROR] Failed to load resource: the server responded with a status of 503 (Service Unavailable) @ http://localhost:3000/demo:0
[  154473ms] [ERROR] Failed to load resource: the server responded with a status of 503 (Service Unavailable) @ http://localhost:3000/demo:0
[  155579ms] [ERROR] Failed to load resource: the server responded with a status of 503 (Service Unavailable) @ http://localhost:3000/demo:0
[  159730ms] [INFO] <Suspense> is an experimental feature and its API will likely change. @ http://localhost:3000/_nuxt/node_modules/.pnpm/@vue+runtime-core@3.5.33/node_modules/@vue/runtime-core/dist/runtime-core.esm-bundler.js?v=4a573216:7239
[  159852ms] [LOG] %c[Vercel Web Analytics]%c Debug mode is enabled by default in development. No requests will be sent to the server. color: rgb(120, 120, 120) color: inherit @ https://va.vercel-scripts.com/v1/script.debug.js:0
[  159852ms] [LOG] %c[Vercel Web Analytics]%c Running queued event color: rgb(120, 120, 120) color: inherit pageview {route: /demo, path: /demo} @ https://va.vercel-scripts.com/v1/script.debug.js:0
[  159855ms] [LOG] %c[Vercel Web Analytics]%c [view] http://localhost:3000/demo color: rgb(120, 120, 120) color: inherit {o: http://localhost:3000/demo, sv: 0.1.3, sdkn: @vercel/analytics/nuxt, sdkv: 2.0.1, ts: 1788712732037} /_vercel/insights/view @ https://va.vercel-scripts.com/v1/script.debug.js:0
[  159997ms] [LOG] ✨ %cNuxt DevTools %c Press Shift + Option + D to open DevTools color: black; border-radius: 3px 0 0 3px; padding: 2px 2px 1px 10px; background: #00DC82 border-radius: 0 3px 3px 0; padding: 2px 10px 1px 2px; background: #00DC8220  @ http://localhost:3000/_nuxt/node_modules/.pnpm/@nuxt+devtools@3.2.4_supports-color@10.2.2_vite@7.3.2_@types+node@26.1.1_jiti@2.6.1_ter_28972f42c82fd27b0e3f96c17cda5782/node_modules/@nuxt/devtools/dist/runtime/plugins/devtools.client.js?v=4a573216:51
[  162158ms] [INFO] [gymscan] 0B calls explode 81 @ http://localhost:3000/_nuxt/utils/gymscan/stage.ts:1222
[  162297ms] [INFO] [gymscan] 0B calls planted 51 @ http://localhost:3000/_nuxt/utils/gymscan/stage.ts:1226
[ 1501608ms] [LOG] %cssr:success%c Vite server hmr 48 files 
      background: #2ecc71;
      border-radius: 0.5em;
      color: white;
      font-weight: bold;
      padding: 2px 0.5em;
      in 682.041ms 
  at vite_node_entry_default (node_modules/.pnpm/@nuxt+vite-builder@3.21.2_@types+node@26.1.1_magicast@0.5.2_nuxt@3.21.2_@emnapi+core@1._a4b3153523cf62a7d8205505e2d0041e/node_modules/@nuxt/vite-builder/dist/vite-node-entry.mjs)
  at process.processTicksAndRejections (node:internal/process/task_queues)
  at async Object.renderToString (node_modules/.pnpm/vue-bundle-renderer@2.2.0/node_modules/vue-bundle-renderer/dist/runtime.mjs)
 @ http://localhost:3000/_nuxt/node_modules/.pnpm/consola@3.4.2/node_modules/consola/dist/browser.mjs?v=4a573216:47
[ 1501768ms] [INFO] <Suspense> is an experimental feature and its API will likely change. @ http://localhost:3000/_nuxt/node_modules/.pnpm/@vue+runtime-core@3.5.33/node_modules/@vue/runtime-core/dist/runtime-core.esm-bundler.js?v=4a573216:7239
[ 1501938ms] [LOG] %c[Vercel Web Analytics]%c Debug mode is enabled by default in development. No requests will be sent to the server. color: rgb(120, 120, 120) color: inherit @ https://va.vercel-scripts.com/v1/script.debug.js:0
[ 1501939ms] [LOG] %c[Vercel Web Analytics]%c Running queued event color: rgb(120, 120, 120) color: inherit pageview {route: /demo, path: /demo} @ https://va.vercel-scripts.com/v1/script.debug.js:0
[ 1501941ms] [LOG] %c[Vercel Web Analytics]%c [view] http://localhost:3000/demo color: rgb(120, 120, 120) color: inherit {o: http://localhost:3000/demo, sv: 0.1.3, sdkn: @vercel/analytics/nuxt, sdkv: 2.0.1, ts: 1788714074123} /_vercel/insights/view @ https://va.vercel-scripts.com/v1/script.debug.js:0
[ 1501984ms] [LOG] ✨ %cNuxt DevTools %c Press Shift + Option + D to open DevTools color: black; border-radius: 3px 0 0 3px; padding: 2px 2px 1px 10px; background: #00DC82 border-radius: 0 3px 3px 0; padding: 2px 10px 1px 2px; background: #00DC8220  @ http://localhost:3000/_nuxt/node_modules/.pnpm/@nuxt+devtools@3.2.4_supports-color@10.2.2_vite@7.3.2_@types+node@26.1.1_jiti@2.6.1_ter_28972f42c82fd27b0e3f96c17cda5782/node_modules/@nuxt/devtools/dist/runtime/plugins/devtools.client.js?v=4a573216:51
[ 1504205ms] [INFO] [gymscan] 0B calls planted 52 @ http://localhost:3000/_nuxt/utils/gymscan/stage.ts:1226
[ 1552385ms] [ERROR] WebSocket connection to 'ws://localhost:3000/_nuxt/?token=-872xGqtayXL' failed: The network connection was lost. @ :0
[ 1552387ms] [LOG] [vite] server connection lost. Polling for restart... @ http://localhost:3000/_nuxt/@vite/client:864
[ 1553786ms] [ERROR] Failed to load resource: the server responded with a status of 503 (Service Unavailable) @ http://localhost:3000/demo:0
[ 1553877ms] [ERROR] Failed to load resource: the server responded with a status of 503 (Service Unavailable) @ http://localhost:3000/demo:0
[ 1554901ms] [ERROR] Failed to load resource: the server responded with a status of 503 (Service Unavailable) @ http://localhost:3000/demo:0
[ 1558924ms] [INFO] <Suspense> is an experimental feature and its API will likely change. @ http://localhost:3000/_nuxt/node_modules/.pnpm/@vue+runtime-core@3.5.33/node_modules/@vue/runtime-core/dist/runtime-core.esm-bundler.js?v=4a573216:7239
[ 1559041ms] [LOG] %c[Vercel Web Analytics]%c Debug mode is enabled by default in development. No requests will be sent to the server. color: rgb(120, 120, 120) color: inherit @ https://va.vercel-scripts.com/v1/script.debug.js:0
[ 1559041ms] [LOG] %c[Vercel Web Analytics]%c Running queued event color: rgb(120, 120, 120) color: inherit pageview {route: /demo, path: /demo} @ https://va.vercel-scripts.com/v1/script.debug.js:0
[ 1559042ms] [LOG] %c[Vercel Web Analytics]%c [view] http://localhost:3000/demo color: rgb(120, 120, 120) color: inherit {o: http://localhost:3000/demo, sv: 0.1.3, sdkn: @vercel/analytics/nuxt, sdkv: 2.0.1, ts: 1788714131225} /_vercel/insights/view @ https://va.vercel-scripts.com/v1/script.debug.js:0
[ 1559167ms] [LOG] ✨ %cNuxt DevTools %c Press Shift + Option + D to open DevTools color: black; border-radius: 3px 0 0 3px; padding: 2px 2px 1px 10px; background: #00DC82 border-radius: 0 3px 3px 0; padding: 2px 10px 1px 2px; background: #00DC8220  @ http://localhost:3000/_nuxt/node_modules/.pnpm/@nuxt+devtools@3.2.4_supports-color@10.2.2_vite@7.3.2_@types+node@26.1.1_jiti@2.6.1_ter_28972f42c82fd27b0e3f96c17cda5782/node_modules/@nuxt/devtools/dist/runtime/plugins/devtools.client.js?v=4a573216:51
[ 1561433ms] [INFO] [gymscan] 0B calls explode 57 @ http://localhost:3000/_nuxt/utils/gymscan/stage.ts:1222
[ 1561558ms] [INFO] [gymscan] 0B calls planted 51 @ http://localhost:3000/_nuxt/utils/gymscan/stage.ts:1226
[ 1764295ms] [LOG] %cssr:success%c Vite server hmr 48 files 
      background: #2ecc71;
      border-radius: 0.5em;
      color: white;
      font-weight: bold;
      padding: 2px 0.5em;
      in 120.897ms 
  at vite_node_entry_default (node_modules/.pnpm/@nuxt+vite-builder@3.21.2_@types+node@26.1.1_magicast@0.5.2_nuxt@3.21.2_@emnapi+core@1._a4b3153523cf62a7d8205505e2d0041e/node_modules/@nuxt/vite-builder/dist/vite-node-entry.mjs)
  at process.processTicksAndRejections (node:internal/process/task_queues)
  at async Object.renderToString (node_modules/.pnpm/vue-bundle-renderer@2.2.0/node_modules/vue-bundle-renderer/dist/runtime.mjs)
 @ http://localhost:3000/_nuxt/node_modules/.pnpm/consola@3.4.2/node_modules/consola/dist/browser.mjs?v=4a573216:47
[ 1764353ms] [INFO] <Suspense> is an experimental feature and its API will likely change. @ http://localhost:3000/_nuxt/node_modules/.pnpm/@vue+runtime-core@3.5.33/node_modules/@vue/runtime-core/dist/runtime-core.esm-bundler.js?v=4a573216:7239
[ 1764566ms] [LOG] %c[Vercel Web Analytics]%c Debug mode is enabled by default in development. No requests will be sent to the server. color: rgb(120, 120, 120) color: inherit @ https://va.vercel-scripts.com/v1/script.debug.js:0
[ 1764566ms] [LOG] %c[Vercel Web Analytics]%c Running queued event color: rgb(120, 120, 120) color: inherit pageview {route: /demo, path: /demo} @ https://va.vercel-scripts.com/v1/script.debug.js:0
[ 1764568ms] [LOG] %c[Vercel Web Analytics]%c [view] http://localhost:3000/demo color: rgb(120, 120, 120) color: inherit {o: http://localhost:3000/demo, sv: 0.1.3, sdkn: @vercel/analytics/nuxt, sdkv: 2.0.1, ts: 1788714336751} /_vercel/insights/view @ https://va.vercel-scripts.com/v1/script.debug.js:0
[ 1764660ms] [LOG] ✨ %cNuxt DevTools %c Press Shift + Option + D to open DevTools color: black; border-radius: 3px 0 0 3px; padding: 2px 2px 1px 10px; background: #00DC82 border-radius: 0 3px 3px 0; padding: 2px 10px 1px 2px; background: #00DC8220  @ http://localhost:3000/_nuxt/node_modules/.pnpm/@nuxt+devtools@3.2.4_supports-color@10.2.2_vite@7.3.2_@types+node@26.1.1_jiti@2.6.1_ter_28972f42c82fd27b0e3f96c17cda5782/node_modules/@nuxt/devtools/dist/runtime/plugins/devtools.client.js?v=4a573216:51
[ 1834651ms] [ERROR] WebSocket connection to 'ws://localhost:3000/_nuxt/?token=irV7-dHPPzcf' failed: The network connection was lost. @ :0
[ 1834652ms] [LOG] [vite] server connection lost. Polling for restart... @ http://localhost:3000/_nuxt/@vite/client:864
[ 4409522ms] [INFO] <Suspense> is an experimental feature and its API will likely change. @ http://localhost:3000/_nuxt/node_modules/.pnpm/@vue+runtime-core@3.5.33/node_modules/@vue/runtime-core/dist/runtime-core.esm-bundler.js?v=4a573216:7239
[ 4409652ms] [LOG] %c[Vercel Web Analytics]%c Debug mode is enabled by default in development. No requests will be sent to the server. color: rgb(120, 120, 120) color: inherit @ https://va.vercel-scripts.com/v1/script.debug.js:0
[ 4409652ms] [LOG] %c[Vercel Web Analytics]%c Running queued event color: rgb(120, 120, 120) color: inherit pageview {route: /demo, path: /demo} @ https://va.vercel-scripts.com/v1/script.debug.js:0
[ 4409652ms] [LOG] %c[Vercel Web Analytics]%c [view] http://localhost:3000/demo color: rgb(120, 120, 120) color: inherit {o: http://localhost:3000/demo, sv: 0.1.3, sdkn: @vercel/analytics/nuxt, sdkv: 2.0.1, ts: 1788716981835} /_vercel/insights/view @ https://va.vercel-scripts.com/v1/script.debug.js:0
[ 4409729ms] [LOG] ✨ %cNuxt DevTools %c Press Shift + Option + D to open DevTools color: black; border-radius: 3px 0 0 3px; padding: 2px 2px 1px 10px; background: #00DC82 border-radius: 0 3px 3px 0; padding: 2px 10px 1px 2px; background: #00DC8220  @ http://localhost:3000/_nuxt/node_modules/.pnpm/@nuxt+devtools@3.2.4_supports-color@10.2.2_vite@7.3.2_@types+node@26.1.1_jiti@2.6.1_ter_28972f42c82fd27b0e3f96c17cda5782/node_modules/@nuxt/devtools/dist/runtime/plugins/devtools.client.js?v=4a573216:51
[ 4727376ms] [INFO] <Suspense> is an experimental feature and its API will likely change. @ http://localhost:3000/_nuxt/node_modules/.pnpm/@vue+runtime-core@3.5.33/node_modules/@vue/runtime-core/dist/runtime-core.esm-bundler.js?v=4a573216:7239
[ 4727506ms] [LOG] %c[Vercel Web Analytics]%c Debug mode is enabled by default in development. No requests will be sent to the server. color: rgb(120, 120, 120) color: inherit @ https://va.vercel-scripts.com/v1/script.debug.js:0
[ 4727506ms] [LOG] %c[Vercel Web Analytics]%c Running queued event color: rgb(120, 120, 120) color: inherit pageview {route: /demo, path: /demo} @ https://va.vercel-scripts.com/v1/script.debug.js:0
[ 4727507ms] [LOG] %c[Vercel Web Analytics]%c [view] http://localhost:3000/demo color: rgb(120, 120, 120) color: inherit {o: http://localhost:3000/demo, sv: 0.1.3, sdkn: @vercel/analytics/nuxt, sdkv: 2.0.1, ts: 1788717299689} /_vercel/insights/view @ https://va.vercel-scripts.com/v1/script.debug.js:0
[ 4727632ms] [LOG] ✨ %cNuxt DevTools %c Press Shift + Option + D to open DevTools color: black; border-radius: 3px 0 0 3px; padding: 2px 2px 1px 10px; background: #00DC82 border-radius: 0 3px 3px 0; padding: 2px 10px 1px 2px; background: #00DC8220  @ http://localhost:3000/_nuxt/node_modules/.pnpm/@nuxt+devtools@3.2.4_supports-color@10.2.2_vite@7.3.2_@types+node@26.1.1_jiti@2.6.1_ter_28972f42c82fd27b0e3f96c17cda5782/node_modules/@nuxt/devtools/dist/runtime/plugins/devtools.client.js?v=4a573216:51
[ 4730390ms] Blocked a frame with origin "https://challenges.cloudflare.com" from accessing a frame with origin "http://localhost:3000".  The frame requesting access has a protocol of "https", the frame being accessed has a protocol of "http". Protocols must match.

    at unknown (https://challenges.cloudflare.com/cdn-cgi/challenge-platform/h/g/turnstile/f/av0/rch/8skzw/0x4AAAAAADV3ju2YEd8uiR-k/dark/fbE/new/flexible?lang=auto:1:51136)
    at dz (https://challenges.cloudflare.com/cdn-cgi/challenge-platform/h/g/turnstile/f/av0/rch/8skzw/0x4AAAAAADV3ju2YEd8uiR-k/dark/fbE/new/flexible?lang=auto:1:153732)
    at dp (https://challenges.cloudflare.com/cdn-cgi/challenge-platform/h/g/turnstile/f/av0/rch/8skzw/0x4AAAAAADV3ju2YEd8uiR-k/dark/fbE/new/flexible?lang=auto:1:76609)
    at unknown (https://challenges.cloudflare.com/cdn-cgi/challenge-platform/h/g/turnstile/f/av0/rch/8skzw/0x4AAAAAADV3ju2YEd8uiR-k/dark/fbE/new/flexible?lang=auto:1:50686)
    at dz (https://challenges.cloudflare.com/cdn-cgi/challenge-platform/h/g/turnstile/f/av0/rch/8skzw/0x4AAAAAADV3ju2YEd8uiR-k/dark/fbE/new/flexible?lang=auto:1:153732)
    at R (https://challenges.cloudflare.com/cdn-cgi/challenge-platform/h/g/turnstile/f/av0/rch/8skzw/0x4AAAAAADV3ju2YEd8uiR-k/dark/fbE/new/flexible?lang=auto:1:226122)
    at IPzen (https://challenges.cloudflare.com/cdn-cgi/challenge-platform/h/g/turnstile/f/av0/rch/8skzw/0x4AAAAAADV3ju2YEd8uiR-k/dark/fbE/new/flexible?lang=auto:1:81010)
    at dN (https://challenges.cloudflare.com/cdn-cgi/challenge-platform/h/g/turnstile/f/av0/rch/8skzw/0x4AAAAAADV3ju2YEd8uiR-k/dark/fbE/new/flexible?lang=auto:1:87491)
    at IPzen (https://challenges.cloudflare.com/cdn-cgi/challenge-platform/h/g/turnstile/f/av0/rch/8skzw/0x4AAAAAADV3ju2YEd8uiR-k/dark/fbE/new/flexible?lang=auto:1:81010)
    at dq (https://challenges.cloudflare.com/cdn-cgi/challenge-platform/h/g/turnstile/f/av0/rch/8skzw/0x4AAAAAADV3ju2YEd8uiR-k/dark/fbE/new/flexible?lang=auto:1:83186)
[ 4730660ms] [ERROR] Failed to load resource: the server responded with a status of 400 () @ https://challenges.cloudflare.com/cdn-cgi/challenge-platform/h/g/fo/777032624:1788714315:k_tbDmvXniKKiNH276r563LXswLxLahPEBF2Kf4AnGk/a36f5796ecd55b0c/RhSINovssZFSefDQCQoGK3niLjPNik.5EmVUG7hDQOI-1788717300-1.2.1.1-Z55HmZR9c7gBrQr2zTYYr4CgIkYKfjt8sO4N3yFhIKlk8EGyT4I9H164TayPGn_C:0
[ 4740788ms] Blocked a frame with origin "https://challenges.cloudflare.com" from accessing a frame with origin "http://localhost:3000".  The frame requesting access has a protocol of "https", the frame being accessed has a protocol of "http". Protocols must match.

    at unknown (https://challenges.cloudflare.com/cdn-cgi/challenge-platform/h/g/turnstile/f/av0/rchhxgQIL.E06M60Bsjj4Yl08ZNIiluu5rWcrCYChWU9.E-1788717300-1.3.1.1-tzhxJwooCheWMjoRARk55Q9EcIl.M3poyYMMAAJMrLw/8skzw/0x4AAAAAADV3ju2YEd8uiR-k/dark/fbE/failure_retry/flexible?lang=auto:1:51216)
    at Ao (https://challenges.cloudflare.com/cdn-cgi/challenge-platform/h/g/turnstile/f/av0/rchhxgQIL.E06M60Bsjj4Yl08ZNIiluu5rWcrCYChWU9.E-1788717300-1.3.1.1-tzhxJwooCheWMjoRARk55Q9EcIl.M3poyYMMAAJMrLw/8skzw/0x4AAAAAADV3ju2YEd8uiR-k/dark/fbE/failure_retry/flexible?lang=auto:1:170996)
    at Aj (https://challenges.cloudflare.com/cdn-cgi/challenge-platform/h/g/turnstile/f/av0/rchhxgQIL.E06M60Bsjj4Yl08ZNIiluu5rWcrCYChWU9.E-1788717300-1.3.1.1-tzhxJwooCheWMjoRARk55Q9EcIl.M3poyYMMAAJMrLw/8skzw/0x4AAAAAADV3ju2YEd8uiR-k/dark/fbE/failure_retry/flexible?lang=auto:1:76246)
    at unknown (https://challenges.cloudflare.com/cdn-cgi/challenge-platform/h/g/turnstile/f/av0/rchhxgQIL.E06M60Bsjj4Yl08ZNIiluu5rWcrCYChWU9.E-1788717300-1.3.1.1-tzhxJwooCheWMjoRARk55Q9EcIl.M3poyYMMAAJMrLw/8skzw/0x4AAAAAADV3ju2YEd8uiR-k/dark/fbE/failure_retry/flexible?lang=auto:1:50766)
    at Ao (https://challenges.cloudflare.com/cdn-cgi/challenge-platform/h/g/turnstile/f/av0/rchhxgQIL.E06M60Bsjj4Yl08ZNIiluu5rWcrCYChWU9.E-1788717300-1.3.1.1-tzhxJwooCheWMjoRARk55Q9EcIl.M3poyYMMAAJMrLw/8skzw/0x4AAAAAADV3ju2YEd8uiR-k/dark/fbE/failure_retry/flexible?lang=auto:1:170996)
    at G (https://challenges.cloudflare.com/cdn-cgi/challenge-platform/h/g/turnstile/f/av0/rchhxgQIL.E06M60Bsjj4Yl08ZNIiluu5rWcrCYChWU9.E-1788717300-1.3.1.1-tzhxJwooCheWMjoRARk55Q9EcIl.M3poyYMMAAJMrLw/8skzw/0x4AAAAAADV3ju2YEd8uiR-k/dark/fbE/failure_retry/flexible?lang=auto:1:162151)
    at rxwkA (https://challenges.cloudflare.com/cdn-cgi/challenge-platform/h/g/turnstile/f/av0/rchhxgQIL.E06M60Bsjj4Yl08ZNIiluu5rWcrCYChWU9.E-1788717300-1.3.1.1-tzhxJwooCheWMjoRARk55Q9EcIl.M3poyYMMAAJMrLw/8skzw/0x4AAAAAADV3ju2YEd8uiR-k/dark/fbE/failure_retry/flexible?lang=auto:1:135017)
    at Ae (https://challenges.cloudflare.com/cdn-cgi/challenge-platform/h/g/turnstile/f/av0/rchhxgQIL.E06M60Bsjj4Yl08ZNIiluu5rWcrCYChWU9.E-1788717300-1.3.1.1-tzhxJwooCheWMjoRARk55Q9EcIl.M3poyYMMAAJMrLw/8skzw/0x4AAAAAADV3ju2YEd8uiR-k/dark/fbE/failure_retry/flexible?lang=auto:1:141853)
    at AH (https://challenges.cloudflare.com/cdn-cgi/challenge-platform/h/g/turnstile/f/av0/rchhxgQIL.E06M60Bsjj4Yl08ZNIiluu5rWcrCYChWU9.E-1788717300-1.3.1.1-tzhxJwooCheWMjoRARk55Q9EcIl.M3poyYMMAAJMrLw/8skzw/0x4AAAAAADV3ju2YEd8uiR-k/dark/fbE/failure_retry/flexible?lang=auto:1:137492)
[ 4740961ms] [ERROR] Failed to load resource: the server responded with a status of 400 () @ https://challenges.cloudflare.com/cdn-cgi/challenge-platform/h/g/fo/777032624:1788714315:k_tbDmvXniKKiNH276r563LXswLxLahPEBF2Kf4AnGk/a36f57e589395b0c/WyYi0RwpmkBZYphGkroDQ_VPEkmI1qYnqaExtCdmbWg-1788717312-1.2.1.1-cva0iU.tKwV_X5M0ivbRndZIuPL5HSFPuL1MGdbHFzmBYZTh3xR90dTVeZMrVGpF:0
[ 4750408ms] [LOG] %cssr:success%c Vite server hmr 9 files 
      background: #2ecc71;
      border-radius: 0.5em;
      color: white;
      font-weight: bold;
      padding: 2px 0.5em;
      in 0.001ms 
  at vite_node_entry_default (node_modules/.pnpm/@nuxt+vite-builder@3.21.2_@types+node@26.1.1_magicast@0.5.2_nuxt@3.21.2_@emnapi+core@1._a4b3153523cf62a7d8205505e2d0041e/node_modules/@nuxt/vite-builder/dist/vite-node-entry.mjs)
  at process.processTicksAndRejections (node:internal/process/task_queues)
  at async Object.renderToString (node_modules/.pnpm/vue-bundle-renderer@2.2.0/node_modules/vue-bundle-renderer/dist/runtime.mjs)
 @ http://localhost:3000/_nuxt/node_modules/.pnpm/consola@3.4.2/node_modules/consola/dist/browser.mjs?v=4a573216:47
[ 4750461ms] [INFO] <Suspense> is an experimental feature and its API will likely change. @ http://localhost:3000/_nuxt/node_modules/.pnpm/@vue+runtime-core@3.5.33/node_modules/@vue/runtime-core/dist/runtime-core.esm-bundler.js?v=4a573216:7239
[ 4750675ms] [LOG] %c[Vercel Web Analytics]%c Debug mode is enabled by default in development. No requests will be sent to the server. color: rgb(120, 120, 120) color: inherit @ https://va.vercel-scripts.com/v1/script.debug.js:0
[ 4750675ms] [LOG] %c[Vercel Web Analytics]%c Running queued event color: rgb(120, 120, 120) color: inherit pageview {route: /demo, path: /demo} @ https://va.vercel-scripts.com/v1/script.debug.js:0
[ 4750676ms] [LOG] %c[Vercel Web Analytics]%c [view] http://localhost:3000/demo color: rgb(120, 120, 120) color: inherit {o: http://localhost:3000/demo, sv: 0.1.3, sdkn: @vercel/analytics/nuxt, sdkv: 2.0.1, ts: 1788717322858} /_vercel/insights/view @ https://va.vercel-scripts.com/v1/script.debug.js:0
[ 4750749ms] [LOG] ✨ %cNuxt DevTools %c Press Shift + Option + D to open DevTools color: black; border-radius: 3px 0 0 3px; padding: 2px 2px 1px 10px; background: #00DC82 border-radius: 0 3px 3px 0; padding: 2px 10px 1px 2px; background: #00DC8220  @ http://localhost:3000/_nuxt/node_modules/.pnpm/@nuxt+devtools@3.2.4_supports-color@10.2.2_vite@7.3.2_@types+node@26.1.1_jiti@2.6.1_ter_28972f42c82fd27b0e3f96c17cda5782/node_modules/@nuxt/devtools/dist/runtime/plugins/devtools.client.js?v=4a573216:51
[ 4752318ms] Blocked a frame with origin "https://challenges.cloudflare.com" from accessing a frame with origin "http://localhost:3000".  The frame requesting access has a protocol of "https", the frame being accessed has a protocol of "http". Protocols must match.

    at unknown (https://challenges.cloudflare.com/cdn-cgi/challenge-platform/h/g/turnstile/f/av0/rch/9bwed/0x4AAAAAADV3ju2YEd8uiR-k/dark/fbE/new/flexible?lang=auto:1:49910)
    at dz (https://challenges.cloudflare.com/cdn-cgi/challenge-platform/h/g/turnstile/f/av0/rch/9bwed/0x4AAAAAADV3ju2YEd8uiR-k/dark/fbE/new/flexible?lang=auto:1:233498)
    at dp (https://challenges.cloudflare.com/cdn-cgi/challenge-platform/h/g/turnstile/f/av0/rch/9bwed/0x4AAAAAADV3ju2YEd8uiR-k/dark/fbE/new/flexible?lang=auto:1:211606)
    at unknown (https://challenges.cloudflare.com/cdn-cgi/challenge-platform/h/g/turnstile/f/av0/rch/9bwed/0x4AAAAAADV3ju2YEd8uiR-k/dark/fbE/new/flexible?lang=auto:1:49460)
    at dz (https://challenges.cloudflare.com/cdn-cgi/challenge-platform/h/g/turnstile/f/av0/rch/9bwed/0x4AAAAAADV3ju2YEd8uiR-k/dark/fbE/new/flexible?lang=auto:1:233498)
    at R (https://challenges.cloudflare.com/cdn-cgi/challenge-platform/h/g/turnstile/f/av0/rch/9bwed/0x4AAAAAADV3ju2YEd8uiR-k/dark/fbE/new/flexible?lang=auto:1:146752)
    at dN (https://challenges.cloudflare.com/cdn-cgi/challenge-platform/h/g/turnstile/f/av0/rch/9bwed/0x4AAAAAADV3ju2YEd8uiR-k/dark/fbE/new/flexible?lang=auto:1:83321)
    at yqmji (https://challenges.cloudflare.com/cdn-cgi/challenge-platform/h/g/turnstile/f/av0/rch/9bwed/0x4AAAAAADV3ju2YEd8uiR-k/dark/fbE/new/flexible?lang=auto:1:78518)
    at dq (https://challenges.cloudflare.com/cdn-cgi/challenge-platform/h/g/turnstile/f/av0/rch/9bwed/0x4AAAAAADV3ju2YEd8uiR-k/dark/fbE/new/flexible?lang=auto:1:80519)
[ 4751335ms] [ERROR] Failed to load resource: the server responded with a status of 400 () @ https://challenges.cloudflare.com/cdn-cgi/challenge-platform/h/g/fo/777032624:1788714315:k_tbDmvXniKKiNH276r563LXswLxLahPEBF2Kf4AnGk/a36f582549195b0c/xJ_3sDk7esBQgoL0.8sgeIvWB2m0vUDAmrY.vD.6eG4-1788717323-1.2.1.1-_EXoY.PsfZs2utHzoG0Vm6.dA951gYEbP8lR6wzp2DXcgBuyeT.KvvvL7pwnxCKU:0
[ 4761591ms] Blocked a frame with origin "https://challenges.cloudflare.com" from accessing a frame with origin "http://localhost:3000".  The frame requesting access has a protocol of "https", the frame being accessed has a protocol of "http". Protocols must match.

    at unknown (https://challenges.cloudflare.com/cdn-cgi/challenge-platform/h/g/turnstile/f/av0/rchz3ERdQKqfiK.EdRFUMSD6XAc2T8sm1sAD3Zvz9OPRBE-1788717323-1.3.1.1-U6qBgPTnbvjUU656GTsHhDhX6NTEGB3qs8BnzbpS2dc/9bwed/0x4AAAAAADV3ju2YEd8uiR-k/dark/fbE/failure_retry/flexible?lang=auto:1:51052)
    at Ao (https://challenges.cloudflare.com/cdn-cgi/challenge-platform/h/g/turnstile/f/av0/rchz3ERdQKqfiK.EdRFUMSD6XAc2T8sm1sAD3Zvz9OPRBE-1788717323-1.3.1.1-U6qBgPTnbvjUU656GTsHhDhX6NTEGB3qs8BnzbpS2dc/9bwed/0x4AAAAAADV3ju2YEd8uiR-k/dark/fbE/failure_retry/flexible?lang=auto:1:195145)
    at Aj (https://challenges.cloudflare.com/cdn-cgi/challenge-platform/h/g/turnstile/f/av0/rchz3ERdQKqfiK.EdRFUMSD6XAc2T8sm1sAD3Zvz9OPRBE-1788717323-1.3.1.1-U6qBgPTnbvjUU656GTsHhDhX6NTEGB3qs8BnzbpS2dc/9bwed/0x4AAAAAADV3ju2YEd8uiR-k/dark/fbE/failure_retry/flexible?lang=auto:1:193193)
    at unknown (https://challenges.cloudflare.com/cdn-cgi/challenge-platform/h/g/turnstile/f/av0/rchz3ERdQKqfiK.EdRFUMSD6XAc2T8sm1sAD3Zvz9OPRBE-1788717323-1.3.1.1-U6qBgPTnbvjUU656GTsHhDhX6NTEGB3qs8BnzbpS2dc/9bwed/0x4AAAAAADV3ju2YEd8uiR-k/dark/fbE/failure_retry/flexible?lang=auto:1:50602)
    at Ao (https://challenges.cloudflare.com/cdn-cgi/challenge-platform/h/g/turnstile/f/av0/rchz3ERdQKqfiK.EdRFUMSD6XAc2T8sm1sAD3Zvz9OPRBE-1788717323-1.3.1.1-U6qBgPTnbvjUU656GTsHhDhX6NTEGB3qs8BnzbpS2dc/9bwed/0x4AAAAAADV3ju2YEd8uiR-k/dark/fbE/failure_retry/flexible?lang=auto:1:195145)
    at G (https://challenges.cloudflare.com/cdn-cgi/challenge-platform/h/g/turnstile/f/av0/rchz3ERdQKqfiK.EdRFUMSD6XAc2T8sm1sAD3Zvz9OPRBE-1788717323-1.3.1.1-U6qBgPTnbvjUU656GTsHhDhX6NTEGB3qs8BnzbpS2dc/9bwed/0x4AAAAAADV3ju2YEd8uiR-k/dark/fbE/failure_retry/flexible?lang=auto:1:163907)
    at Ae (https://challenges.cloudflare.com/cdn-cgi/challenge-platform/h/g/turnstile/f/av0/rchz3ERdQKqfiK.EdRFUMSD6XAc2T8sm1sAD3Zvz9OPRBE-1788717323-1.3.1.1-U6qBgPTnbvjUU656GTsHhDhX6NTEGB3qs8BnzbpS2dc/9bwed/0x4AAAAAADV3ju2YEd8uiR-k/dark/fbE/failure_retry/flexible?lang=auto:1:65344)
    at AH (https://challenges.cloudflare.com/cdn-cgi/challenge-platform/h/g/turnstile/f/av0/rchz3ERdQKqfiK.EdRFUMSD6XAc2T8sm1sAD3Zvz9OPRBE-1788717323-1.3.1.1-U6qBgPTnbvjUU656GTsHhDhX6NTEGB3qs8BnzbpS2dc/9bwed/0x4AAAAAADV3ju2YEd8uiR-k/dark/fbE/failure_retry/flexible?lang=auto:1:62107)
[ 4761764ms] [ERROR] Failed to load resource: the server responded with a status of 400 () @ https://challenges.cloudflare.com/cdn-cgi/challenge-platform/h/g/fo/777032624:1788714315:k_tbDmvXniKKiNH276r563LXswLxLahPEBF2Kf4AnGk/a36f5866f91d5b0c/gfUgv_3zAf9HuNP9ZKNkscT8WR9NWCtw37NTgFiiQrw-1788717333-1.2.1.1-Wjfg9jNa_IvzxjqLJzUiNvel._U_LYVcBGSDN9.WO5NrRnIlHyPHEQ2enh795ijF:0
[ 4767091ms] [ERROR] WebSocket connection to 'ws://localhost:3000/_nuxt/?token=eBk9j1VWeH4Q' failed: The network connection was lost. @ :0
[ 4767094ms] [LOG] [vite] server connection lost. Polling for restart... @ http://localhost:3000/_nuxt/@vite/client:864
[ 4768903ms] [ERROR] Failed to load resource: the server responded with a status of 503 (Service Unavailable) @ http://localhost:3000/demo:0
[ 4769043ms] [ERROR] Failed to load resource: the server responded with a status of 503 (Service Unavailable) @ http://localhost:3000/demo:0
[ 4770082ms] [ERROR] Failed to load resource: the server responded with a status of 503 (Service Unavailable) @ http://localhost:3000/demo:0
[ 4775352ms] [INFO] <Suspense> is an experimental feature and its API will likely change. @ http://localhost:3000/_nuxt/node_modules/.pnpm/@vue+runtime-core@3.5.33/node_modules/@vue/runtime-core/dist/runtime-core.esm-bundler.js?v=4a573216:7239
[ 4775486ms] [LOG] %c[Vercel Web Analytics]%c Debug mode is enabled by default in development. No requests will be sent to the server. color: rgb(120, 120, 120) color: inherit @ https://va.vercel-scripts.com/v1/script.debug.js:0
[ 4775486ms] [LOG] %c[Vercel Web Analytics]%c Running queued event color: rgb(120, 120, 120) color: inherit pageview {route: /demo, path: /demo} @ https://va.vercel-scripts.com/v1/script.debug.js:0
[ 4775487ms] [LOG] %c[Vercel Web Analytics]%c [view] http://localhost:3000/demo color: rgb(120, 120, 120) color: inherit {o: http://localhost:3000/demo, sv: 0.1.3, sdkn: @vercel/analytics/nuxt, sdkv: 2.0.1, ts: 1788717347669} /_vercel/insights/view @ https://va.vercel-scripts.com/v1/script.debug.js:0
[ 4775551ms] [LOG] ✨ %cNuxt DevTools %c Press Shift + Option + D to open DevTools color: black; border-radius: 3px 0 0 3px; padding: 2px 2px 1px 10px; background: #00DC82 border-radius: 0 3px 3px 0; padding: 2px 10px 1px 2px; background: #00DC8220  @ http://localhost:3000/_nuxt/node_modules/.pnpm/@nuxt+devtools@3.2.4_supports-color@10.2.2_vite@7.3.2_@types+node@26.1.1_jiti@2.6.1_ter_28972f42c82fd27b0e3f96c17cda5782/node_modules/@nuxt/devtools/dist/runtime/plugins/devtools.client.js?v=4a573216:51
[ 4776223ms] Blocked a frame with origin "https://challenges.cloudflare.com" from accessing a frame with origin "http://localhost:3000".  The frame requesting access has a protocol of "https", the frame being accessed has a protocol of "http". Protocols must match.

    at unknown (https://challenges.cloudflare.com/cdn-cgi/challenge-platform/h/g/turnstile/f/av0/rch/0c8m0/0x4AAAAAADV3ju2YEd8uiR-k/dark/fbE/new/flexible?lang=auto:1:51013)
    at AZ (https://challenges.cloudflare.com/cdn-cgi/challenge-platform/h/g/turnstile/f/av0/rch/0c8m0/0x4AAAAAADV3ju2YEd8uiR-k/dark/fbE/new/flexible?lang=auto:1:148168)
    at A9 (https://challenges.cloudflare.com/cdn-cgi/challenge-platform/h/g/turnstile/f/av0/rch/0c8m0/0x4AAAAAADV3ju2YEd8uiR-k/dark/fbE/new/flexible?lang=auto:1:195998)
    at unknown (https://challenges.cloudflare.com/cdn-cgi/challenge-platform/h/g/turnstile/f/av0/rch/0c8m0/0x4AAAAAADV3ju2YEd8uiR-k/dark/fbE/new/flexible?lang=auto:1:50563)
    at AZ (https://challenges.cloudflare.com/cdn-cgi/challenge-platform/h/g/turnstile/f/av0/rch/0c8m0/0x4AAAAAADV3ju2YEd8uiR-k/dark/fbE/new/flexible?lang=auto:1:148168)
    at O (https://challenges.cloudflare.com/cdn-cgi/challenge-platform/h/g/turnstile/f/av0/rch/0c8m0/0x4AAAAAADV3ju2YEd8uiR-k/dark/fbE/new/flexible?lang=auto:1:78570)
    at Ae (https://challenges.cloudflare.com/cdn-cgi/challenge-platform/h/g/turnstile/f/av0/rch/0c8m0/0x4AAAAAADV3ju2YEd8uiR-k/dark/fbE/new/flexible?lang=auto:1:88222)
    at AH (https://challenges.cloudflare.com/cdn-cgi/challenge-platform/h/g/turnstile/f/av0/rch/0c8m0/0x4AAAAAADV3ju2YEd8uiR-k/dark/fbE/new/flexible?lang=auto:1:86158)
[ 4776352ms] [ERROR] Failed to load resource: the server responded with a status of 400 () @ https://challenges.cloudflare.com/cdn-cgi/challenge-platform/h/g/fo/777032624:1788714315:k_tbDmvXniKKiNH276r563LXswLxLahPEBF2Kf4AnGk/a36f58c1ccaa5b0c/WWN_w2w7aE6h7rNxpNcy.UqNHeYGqBUw7nEhACPYGR8-1788717348-1.2.1.1-uTYGnLzhX.DwIHiFQHJ85.mZDfdx_UMSOcpHEdlco4UbUWnZhvM4ts_ki9Gsr03t:0
[ 4782698ms] [ERROR] WebSocket connection to 'ws://localhost:3000/_nuxt/?token=5DIiewX_L1lv' failed: The network connection was lost. @ :0
[ 4782702ms] [LOG] [vite] server connection lost. Polling for restart... @ http://localhost:3000/_nuxt/@vite/client:864
[ 4784171ms] [ERROR] Failed to load resource: the server responded with a status of 503 (Service Unavailable) @ http://localhost:3000/demo:0
[ 4784310ms] [ERROR] Failed to load resource: the server responded with a status of 503 (Service Unavailable) @ http://localhost:3000/demo:0
[ 4785319ms] [ERROR] Failed to load resource: the server responded with a status of 503 (Service Unavailable) @ http://localhost:3000/demo:0
[ 4790342ms] [INFO] <Suspense> is an experimental feature and its API will likely change. @ http://localhost:3000/_nuxt/node_modules/.pnpm/@vue+runtime-core@3.5.33/node_modules/@vue/runtime-core/dist/runtime-core.esm-bundler.js?v=4a573216:7239
[ 4790476ms] [LOG] %c[Vercel Web Analytics]%c Debug mode is enabled by default in development. No requests will be sent to the server. color: rgb(120, 120, 120) color: inherit @ https://va.vercel-scripts.com/v1/script.debug.js:0
[ 4790476ms] [LOG] %c[Vercel Web Analytics]%c Running queued event color: rgb(120, 120, 120) color: inherit pageview {route: /demo, path: /demo} @ https://va.vercel-scripts.com/v1/script.debug.js:0
[ 4790480ms] [LOG] %c[Vercel Web Analytics]%c [view] http://localhost:3000/demo color: rgb(120, 120, 120) color: inherit {o: http://localhost:3000/demo, sv: 0.1.3, sdkn: @vercel/analytics/nuxt, sdkv: 2.0.1, ts: 1788717362662} /_vercel/insights/view @ https://va.vercel-scripts.com/v1/script.debug.js:0
[ 4790515ms] [LOG] ✨ %cNuxt DevTools %c Press Shift + Option + D to open DevTools color: black; border-radius: 3px 0 0 3px; padding: 2px 2px 1px 10px; background: #00DC82 border-radius: 0 3px 3px 0; padding: 2px 10px 1px 2px; background: #00DC8220  @ http://localhost:3000/_nuxt/node_modules/.pnpm/@nuxt+devtools@3.2.4_supports-color@10.2.2_vite@7.3.2_@types+node@26.1.1_jiti@2.6.1_ter_28972f42c82fd27b0e3f96c17cda5782/node_modules/@nuxt/devtools/dist/runtime/plugins/devtools.client.js?v=4a573216:51
[ 4791738ms] Blocked a frame with origin "https://challenges.cloudflare.com" from accessing a frame with origin "http://localhost:3000".  The frame requesting access has a protocol of "https", the frame being accessed has a protocol of "http". Protocols must match.

    at unknown (https://challenges.cloudflare.com/cdn-cgi/challenge-platform/h/g/turnstile/f/av0/rch/542rx/0x4AAAAAADV3ju2YEd8uiR-k/dark/fbE/new/flexible?lang=auto:1:49874)
    at Ao (https://challenges.cloudflare.com/cdn-cgi/challenge-platform/h/g/turnstile/f/av0/rch/542rx/0x4AAAAAADV3ju2YEd8uiR-k/dark/fbE/new/flexible?lang=auto:1:120898)
    at qgFrt (https://challenges.cloudflare.com/cdn-cgi/challenge-platform/h/g/turnstile/f/av0/rch/542rx/0x4AAAAAADV3ju2YEd8uiR-k/dark/fbE/new/flexible?lang=auto:1:142381)
    at Aj (https://challenges.cloudflare.com/cdn-cgi/challenge-platform/h/g/turnstile/f/av0/rch/542rx/0x4AAAAAADV3ju2YEd8uiR-k/dark/fbE/new/flexible?lang=auto:1:143538)
    at unknown (https://challenges.cloudflare.com/cdn-cgi/challenge-platform/h/g/turnstile/f/av0/rch/542rx/0x4AAAAAADV3ju2YEd8uiR-k/dark/fbE/new/flexible?lang=auto:1:49424)
    at Ao (https://challenges.cloudflare.com/cdn-cgi/challenge-platform/h/g/turnstile/f/av0/rch/542rx/0x4AAAAAADV3ju2YEd8uiR-k/dark/fbE/new/flexible?lang=auto:1:120898)
    at G (https://challenges.cloudflare.com/cdn-cgi/challenge-platform/h/g/turnstile/f/av0/rch/542rx/0x4AAAAAADV3ju2YEd8uiR-k/dark/fbE/new/flexible?lang=auto:1:77947)
    at BAwtT (https://challenges.cloudflare.com/cdn-cgi/challenge-platform/h/g/turnstile/f/av0/rch/542rx/0x4AAAAAADV3ju2YEd8uiR-k/dark/fbE/new/flexible?lang=auto:1:147753)
    at Ae (https://challenges.cloudflare.com/cdn-cgi/challenge-platform/h/g/turnstile/f/av0/rch/542rx/0x4AAAAAADV3ju2YEd8uiR-k/dark/fbE/new/flexible?lang=auto:1:151423)
    at NrdFG (https://challenges.cloudflare.com/cdn-cgi/challenge-platform/h/g/turnstile/f/av0/rch/542rx/0x4AAAAAADV3ju2YEd8uiR-k/dark/fbE/new/flexible?lang=auto:1:148027)
    at AH (https://challenges.cloudflare.com/cdn-cgi/challenge-platform/h/g/turnstile/f/av0/rch/542rx/0x4AAAAAADV3ju2YEd8uiR-k/dark/fbE/new/flexible?lang=auto:1:149938)
[ 4791913ms] [ERROR] Failed to load resource: the server responded with a status of 400 () @ https://challenges.cloudflare.com/cdn-cgi/challenge-platform/h/g/fo/777032624:1788714315:k_tbDmvXniKKiNH276r563LXswLxLahPEBF2Kf4AnGk/a36f591f59e45b0c/TglRdYo8_2DflzZtf_gkCFJ_5S5Y53ZlTm052MzdtTI-1788717363-1.2.1.1-OZrQsEveo8G.Ww5JudSk.0ICZsx.M4mpNtZywzD1GjCwOGIHY_i7QsRCJz33mEGR:0
[ 4802091ms] Blocked a frame with origin "https://challenges.cloudflare.com" from accessing a frame with origin "http://localhost:3000".  The frame requesting access has a protocol of "https", the frame being accessed has a protocol of "http". Protocols must match.

    at unknown (https://challenges.cloudflare.com/cdn-cgi/challenge-platform/h/g/turnstile/f/av0/rchizGWWDdEo1e.bnSu3cS0cU.Tww3l.Aq8.OMLuTUmJ58-1788717363-1.3.1.1-HrLcoOj1lpWKf8nM1IVhnu9UOAr4z6KNIAOjrBkYtP0/542rx/0x4AAAAAADV3ju2YEd8uiR-k/dark/fbE/failure_retry/flexible?lang=auto:1:50550)
    at dz (https://challenges.cloudflare.com/cdn-cgi/challenge-platform/h/g/turnstile/f/av0/rchizGWWDdEo1e.bnSu3cS0cU.Tww3l.Aq8.OMLuTUmJ58-1788717363-1.3.1.1-HrLcoOj1lpWKf8nM1IVhnu9UOAr4z6KNIAOjrBkYtP0/542rx/0x4AAAAAADV3ju2YEd8uiR-k/dark/fbE/failure_retry/flexible?lang=auto:1:215133)
    at dp (https://challenges.cloudflare.com/cdn-cgi/challenge-platform/h/g/turnstile/f/av0/rchizGWWDdEo1e.bnSu3cS0cU.Tww3l.Aq8.OMLuTUmJ58-1788717363-1.3.1.1-HrLcoOj1lpWKf8nM1IVhnu9UOAr4z6KNIAOjrBkYtP0/542rx/0x4AAAAAADV3ju2YEd8uiR-k/dark/fbE/failure_retry/flexible?lang=auto:1:210851)
    at unknown (https://challenges.cloudflare.com/cdn-cgi/challenge-platform/h/g/turnstile/f/av0/rchizGWWDdEo1e.bnSu3cS0cU.Tww3l.Aq8.OMLuTUmJ58-1788717363-1.3.1.1-HrLcoOj1lpWKf8nM1IVhnu9UOAr4z6KNIAOjrBkYtP0/542rx/0x4AAAAAADV3ju2YEd8uiR-k/dark/fbE/failure_retry/flexible?lang=auto:1:50100)
    at dz (https://challenges.cloudflare.com/cdn-cgi/challenge-platform/h/g/turnstile/f/av0/rchizGWWDdEo1e.bnSu3cS0cU.Tww3l.Aq8.OMLuTUmJ58-1788717363-1.3.1.1-HrLcoOj1lpWKf8nM1IVhnu9UOAr4z6KNIAOjrBkYtP0/542rx/0x4AAAAAADV3ju2YEd8uiR-k/dark/fbE/failure_retry/flexible?lang=auto:1:215133)
    at R (https://challenges.cloudflare.com/cdn-cgi/challenge-platform/h/g/turnstile/f/av0/rchizGWWDdEo1e.bnSu3cS0cU.Tww3l.Aq8.OMLuTUmJ58-1788717363-1.3.1.1-HrLcoOj1lpWKf8nM1IVhnu9UOAr4z6KNIAOjrBkYtP0/542rx/0x4AAAAAADV3ju2YEd8uiR-k/dark/fbE/failure_retry/flexible?lang=auto:1:237474)
    at wHOnc (https://challenges.cloudflare.com/cdn-cgi/challenge-platform/h/g/turnstile/f/av0/rchizGWWDdEo1e.bnSu3cS0cU.Tww3l.Aq8.OMLuTUmJ58-1788717363-1.3.1.1-HrLcoOj1lpWKf8nM1IVhnu9UOAr4z6KNIAOjrBkYtP0/542rx/0x4AAAAAADV3ju2YEd8uiR-k/dark/fbE/failure_retry/flexible?lang=auto:1:98216)
    at dN (https://challenges.cloudflare.com/cdn-cgi/challenge-platform/h/g/turnstile/f/av0/rchizGWWDdEo1e.bnSu3cS0cU.Tww3l.Aq8.OMLuTUmJ58-1788717363-1.3.1.1-HrLcoOj1lpWKf8nM1IVhnu9UOAr4z6KNIAOjrBkYtP0/542rx/0x4AAAAAADV3ju2YEd8uiR-k/dark/fbE/failure_retry/flexible?lang=auto:1:102453)
    at EIyrD (https://challenges.cloudflare.com/cdn-cgi/challenge-platform/h/g/turnstile/f/av0/rchizGWWDdEo1e.bnSu3cS0cU.Tww3l.Aq8.OMLuTUmJ58-1788717363-1.3.1.1-HrLcoOj1lpWKf8nM1IVhnu9UOAr4z6KNIAOjrBkYtP0/542rx/0x4AAAAAADV3ju2YEd8uiR-k/dark/fbE/failure_retry/flexible?lang=auto:1:99080)
    at dq (https://challenges.cloudflare.com/cdn-cgi/challenge-platform/h/g/turnstile/f/av0/rchizGWWDdEo1e.bnSu3cS0cU.Tww3l.Aq8.OMLuTUmJ58-1788717363-1.3.1.1-HrLcoOj1lpWKf8nM1IVhnu9UOAr4z6KNIAOjrBkYtP0/542rx/0x4AAAAAADV3ju2YEd8uiR-k/dark/fbE/failure_retry/flexible?lang=auto:1:101166)
[ 4802249ms] [ERROR] Failed to load resource: the server responded with a status of 400 () @ https://challenges.cloudflare.com/cdn-cgi/challenge-platform/h/g/fo/777032624:1788714315:k_tbDmvXniKKiNH276r563LXswLxLahPEBF2Kf4AnGk/a36f59647f235b0c/KutxskFdxH0X0MIZpJKWkIo.yygiJuh4qSgBlRg.0kU-1788717374-1.2.1.1-8DXsa.4cuQtiO4djAgssgbkaS7rmbzGkFAxdj3COY_acEHhQk1W0aAsy94TkD.8g:0
[ 4812456ms] Blocked a frame with origin "https://challenges.cloudflare.com" from accessing a frame with origin "http://localhost:3000".  The frame requesting access has a protocol of "https", the frame being accessed has a protocol of "http". Protocols must match.

    at unknown (https://challenges.cloudflare.com/cdn-cgi/challenge-platform/h/g/turnstile/f/av0/rcho_ieTvTRO5bgoUwH4eeLeQhUSUoFazmsJSoShcsMGtE-1788717374-1.3.1.1-deN7Rbd_DfLfPuY.jFGb2_QArmXNTM0PetACuhmObck/542rx/0x4AAAAAADV3ju2YEd8uiR-k/dark/fbE/failure_retry/flexible?lang=auto:1:51216)
    at Ao (https://challenges.cloudflare.com/cdn-cgi/challenge-platform/h/g/turnstile/f/av0/rcho_ieTvTRO5bgoUwH4eeLeQhUSUoFazmsJSoShcsMGtE-1788717374-1.3.1.1-deN7Rbd_DfLfPuY.jFGb2_QArmXNTM0PetACuhmObck/542rx/0x4AAAAAADV3ju2YEd8uiR-k/dark/fbE/failure_retry/flexible?lang=auto:1:170996)
    at Aj (https://challenges.cloudflare.com/cdn-cgi/challenge-platform/h/g/turnstile/f/av0/rcho_ieTvTRO5bgoUwH4eeLeQhUSUoFazmsJSoShcsMGtE-1788717374-1.3.1.1-deN7Rbd_DfLfPuY.jFGb2_QArmXNTM0PetACuhmObck/542rx/0x4AAAAAADV3ju2YEd8uiR-k/dark/fbE/failure_retry/flexible?lang=auto:1:76246)
    at unknown (https://challenges.cloudflare.com/cdn-cgi/challenge-platform/h/g/turnstile/f/av0/rcho_ieTvTRO5bgoUwH4eeLeQhUSUoFazmsJSoShcsMGtE-1788717374-1.3.1.1-deN7Rbd_DfLfPuY.jFGb2_QArmXNTM0PetACuhmObck/542rx/0x4AAAAAADV3ju2YEd8uiR-k/dark/fbE/failure_retry/flexible?lang=auto:1:50766)
    at Ao (https://challenges.cloudflare.com/cdn-cgi/challenge-platform/h/g/turnstile/f/av0/rcho_ieTvTRO5bgoUwH4eeLeQhUSUoFazmsJSoShcsMGtE-1788717374-1.3.1.1-deN7Rbd_DfLfPuY.jFGb2_QArmXNTM0PetACuhmObck/542rx/0x4AAAAAADV3ju2YEd8uiR-k/dark/fbE/failure_retry/flexible?lang=auto:1:170996)
    at G (https://challenges.cloudflare.com/cdn-cgi/challenge-platform/h/g/turnstile/f/av0/rcho_ieTvTRO5bgoUwH4eeLeQhUSUoFazmsJSoShcsMGtE-1788717374-1.3.1.1-deN7Rbd_DfLfPuY.jFGb2_QArmXNTM0PetACuhmObck/542rx/0x4AAAAAADV3ju2YEd8uiR-k/dark/fbE/failure_retry/flexible?lang=auto:1:162151)
    at rxwkA (https://challenges.cloudflare.com/cdn-cgi/challenge-platform/h/g/turnstile/f/av0/rcho_ieTvTRO5bgoUwH4eeLeQhUSUoFazmsJSoShcsMGtE-1788717374-1.3.1.1-deN7Rbd_DfLfPuY.jFGb2_QArmXNTM0PetACuhmObck/542rx/0x4AAAAAADV3ju2YEd8uiR-k/dark/fbE/failure_retry/flexible?lang=auto:1:135017)
    at Ae (https://challenges.cloudflare.com/cdn-cgi/challenge-platform/h/g/turnstile/f/av0/rcho_ieTvTRO5bgoUwH4eeLeQhUSUoFazmsJSoShcsMGtE-1788717374-1.3.1.1-deN7Rbd_DfLfPuY.jFGb2_QArmXNTM0PetACuhmObck/542rx/0x4AAAAAADV3ju2YEd8uiR-k/dark/fbE/failure_retry/flexible?lang=auto:1:141853)
    at AH (https://challenges.cloudflare.com/cdn-cgi/challenge-platform/h/g/turnstile/f/av0/rcho_ieTvTRO5bgoUwH4eeLeQhUSUoFazmsJSoShcsMGtE-1788717374-1.3.1.1-deN7Rbd_DfLfPuY.jFGb2_QArmXNTM0PetACuhmObck/542rx/0x4AAAAAADV3ju2YEd8uiR-k/dark/fbE/failure_retry/flexible?lang=auto:1:137492)
[ 4812626ms] [ERROR] Failed to load resource: the server responded with a status of 400 () @ https://challenges.cloudflare.com/cdn-cgi/challenge-platform/h/g/fo/777032624:1788714315:k_tbDmvXniKKiNH276r563LXswLxLahPEBF2Kf4AnGk/a36f59a54ab85b0c/ZHvhzG2LhkA_EdN_5UhdJrFuxrC_ORPRvB1XMIpYVyU-1788717384-1.2.1.1-7FUfHRnwt6.4hSzdUZJ5qnFwEdxgPvgvOkmFK6h_fgGu5_lcIyHKUQS9XroRdrvf:0
[ 4815525ms] [LOG] %cssr:success%c Vite server hmr 49 files 
      background: #2ecc71;
      border-radius: 0.5em;
      color: white;
      font-weight: bold;
      padding: 2px 0.5em;
      in 2008.609ms 
  at vite_node_entry_default (node_modules/.pnpm/@nuxt+vite-builder@3.21.2_@types+node@26.1.1_magicast@0.5.2_nuxt@3.21.2_@emnapi+core@1._a4b3153523cf62a7d8205505e2d0041e/node_modules/@nuxt/vite-builder/dist/vite-node-entry.mjs)
  at process.processTicksAndRejections (node:internal/process/task_queues)
  at async Object.renderToString (node_modules/.pnpm/vue-bundle-renderer@2.2.0/node_modules/vue-bundle-renderer/dist/runtime.mjs)
 @ http://localhost:3000/_nuxt/node_modules/.pnpm/consola@3.4.2/node_modules/consola/dist/browser.mjs?v=4a573216:47
[ 4815612ms] [INFO] <Suspense> is an experimental feature and its API will likely change. @ http://localhost:3000/_nuxt/node_modules/.pnpm/@vue+runtime-core@3.5.33/node_modules/@vue/runtime-core/dist/runtime-core.esm-bundler.js?v=4a573216:7239
[ 4815900ms] [LOG] %c[Vercel Web Analytics]%c Debug mode is enabled by default in development. No requests will be sent to the server. color: rgb(120, 120, 120) color: inherit @ https://va.vercel-scripts.com/v1/script.debug.js:0
[ 4815900ms] [LOG] %c[Vercel Web Analytics]%c Running queued event color: rgb(120, 120, 120) color: inherit pageview {route: /demo, path: /demo} @ https://va.vercel-scripts.com/v1/script.debug.js:0
[ 4815902ms] [LOG] %c[Vercel Web Analytics]%c [view] http://localhost:3000/demo color: rgb(120, 120, 120) color: inherit {o: http://localhost:3000/demo, sv: 0.1.3, sdkn: @vercel/analytics/nuxt, sdkv: 2.0.1, ts: 1788717388084} /_vercel/insights/view @ https://va.vercel-scripts.com/v1/script.debug.js:0
[ 4816032ms] [LOG] ✨ %cNuxt DevTools %c Press Shift + Option + D to open DevTools color: black; border-radius: 3px 0 0 3px; padding: 2px 2px 1px 10px; background: #00DC82 border-radius: 0 3px 3px 0; padding: 2px 10px 1px 2px; background: #00DC8220  @ http://localhost:3000/_nuxt/node_modules/.pnpm/@nuxt+devtools@3.2.4_supports-color@10.2.2_vite@7.3.2_@types+node@26.1.1_jiti@2.6.1_ter_28972f42c82fd27b0e3f96c17cda5782/node_modules/@nuxt/devtools/dist/runtime/plugins/devtools.client.js?v=4a573216:51
[ 4816306ms] Blocked a frame with origin "https://challenges.cloudflare.com" from accessing a frame with origin "http://localhost:3000".  The frame requesting access has a protocol of "https", the frame being accessed has a protocol of "http". Protocols must match.

    at unknown (https://challenges.cloudflare.com/cdn-cgi/challenge-platform/h/g/turnstile/f/av0/rch/j24fh/0x4AAAAAADV3ju2YEd8uiR-k/dark/fbE/new/flexible?lang=auto:1:50180)
    at Ao (https://challenges.cloudflare.com/cdn-cgi/challenge-platform/h/g/turnstile/f/av0/rch/j24fh/0x4AAAAAADV3ju2YEd8uiR-k/dark/fbE/new/flexible?lang=auto:1:110488)
    at uYERE (https://challenges.cloudflare.com/cdn-cgi/challenge-platform/h/g/turnstile/f/av0/rch/j24fh/0x4AAAAAADV3ju2YEd8uiR-k/dark/fbE/new/flexible?lang=auto:1:230883)
    at Aj (https://challenges.cloudflare.com/cdn-cgi/challenge-platform/h/g/turnstile/f/av0/rch/j24fh/0x4AAAAAADV3ju2YEd8uiR-k/dark/fbE/new/flexible?lang=auto:1:231965)
    at unknown (https://challenges.cloudflare.com/cdn-cgi/challenge-platform/h/g/turnstile/f/av0/rch/j24fh/0x4AAAAAADV3ju2YEd8uiR-k/dark/fbE/new/flexible?lang=auto:1:49730)
    at Ao (https://challenges.cloudflare.com/cdn-cgi/challenge-platform/h/g/turnstile/f/av0/rch/j24fh/0x4AAAAAADV3ju2YEd8uiR-k/dark/fbE/new/flexible?lang=auto:1:110488)
    at G (https://challenges.cloudflare.com/cdn-cgi/challenge-platform/h/g/turnstile/f/av0/rch/j24fh/0x4AAAAAADV3ju2YEd8uiR-k/dark/fbE/new/flexible?lang=auto:1:66096)
    at Ae (https://challenges.cloudflare.com/cdn-cgi/challenge-platform/h/g/turnstile/f/av0/rch/j24fh/0x4AAAAAADV3ju2YEd8uiR-k/dark/fbE/new/flexible?lang=auto:1:144974)
    at zlttn (https://challenges.cloudflare.com/cdn-cgi/challenge-platform/h/g/turnstile/f/av0/rch/j24fh/0x4AAAAAADV3ju2YEd8uiR-k/dark/fbE/new/flexible?lang=auto:1:141497)
    at AH (https://challenges.cloudflare.com/cdn-cgi/challenge-platform/h/g/turnstile/f/av0/rch/j24fh/0x4AAAAAADV3ju2YEd8uiR-k/dark/fbE/new/flexible?lang=auto:1:143667)
[ 4816481ms] [ERROR] Failed to load resource: the server responded with a status of 400 () @ https://challenges.cloudflare.com/cdn-cgi/challenge-platform/h/g/fo/777032624:1788714315:k_tbDmvXniKKiNH276r563LXswLxLahPEBF2Kf4AnGk/a36f59bd18ae5b0c/5DbaiFvQVDF5NRxoDUgdcCLCvYqnXjHTdx2rJsZHJGY-1788717388-1.2.1.1-GIX7oSU4AbMBnrdjsJVCMHBFxcEePF8lveWyj91mrgDDiYXADUSAYryFkGPUrW3P:0
[ 4826103ms] Blocked a frame with origin "https://challenges.cloudflare.com" from accessing a frame with origin "http://localhost:3000".  The frame requesting access has a protocol of "https", the frame being accessed has a protocol of "http". Protocols must match.

    at unknown (https://challenges.cloudflare.com/cdn-cgi/challenge-platform/h/g/turnstile/f/av0/rch/k36lv/0x4AAAAAADV3ju2YEd8uiR-k/dark/fbE/new/flexible?lang=auto:1:51058)
    at Ao (https://challenges.cloudflare.com/cdn-cgi/challenge-platform/h/g/turnstile/f/av0/rch/k36lv/0x4AAAAAADV3ju2YEd8uiR-k/dark/fbE/new/flexible?lang=auto:1:170838)
    at Aj (https://challenges.cloudflare.com/cdn-cgi/challenge-platform/h/g/turnstile/f/av0/rch/k36lv/0x4AAAAAADV3ju2YEd8uiR-k/dark/fbE/new/flexible?lang=auto:1:76088)
    at unknown (https://challenges.cloudflare.com/cdn-cgi/challenge-platform/h/g/turnstile/f/av0/rch/k36lv/0x4AAAAAADV3ju2YEd8uiR-k/dark/fbE/new/flexible?lang=auto:1:50608)
    at Ao (https://challenges.cloudflare.com/cdn-cgi/challenge-platform/h/g/turnstile/f/av0/rch/k36lv/0x4AAAAAADV3ju2YEd8uiR-k/dark/fbE/new/flexible?lang=auto:1:170838)
    at G (https://challenges.cloudflare.com/cdn-cgi/challenge-platform/h/g/turnstile/f/av0/rch/k36lv/0x4AAAAAADV3ju2YEd8uiR-k/dark/fbE/new/flexible?lang=auto:1:161993)
    at rxwkA (https://challenges.cloudflare.com/cdn-cgi/challenge-platform/h/g/turnstile/f/av0/rch/k36lv/0x4AAAAAADV3ju2YEd8uiR-k/dark/fbE/new/flexible?lang=auto:1:134859)
    at Ae (https://challenges.cloudflare.com/cdn-cgi/challenge-platform/h/g/turnstile/f/av0/rch/k36lv/0x4AAAAAADV3ju2YEd8uiR-k/dark/fbE/new/flexible?lang=auto:1:141695)
    at AH (https://challenges.cloudflare.com/cdn-cgi/challenge-platform/h/g/turnstile/f/av0/rch/k36lv/0x4AAAAAADV3ju2YEd8uiR-k/dark/fbE/new/flexible?lang=auto:1:137334)
[ 4826257ms] [ERROR] Failed to load resource: the server responded with a status of 400 () @ https://challenges.cloudflare.com/cdn-cgi/challenge-platform/h/g/fo/777032624:1788714315:k_tbDmvXniKKiNH276r563LXswLxLahPEBF2Kf4AnGk/a36f59f7ffa35b0c/k7gXWJgYYrY2FUO1jzDYnQ_vvxOk0xFhdw7kgA8q0Ig-1788717397-1.2.1.1-v_GMkUIfF3f30E.xK7Qob9zvBaQGGjydBJBMqelRwn7ZLbos.n59pbBGii1vuJ55:0
[ 4836415ms] Blocked a frame with origin "https://challenges.cloudflare.com" from accessing a frame with origin "http://localhost:3000".  The frame requesting access has a protocol of "https", the frame being accessed has a protocol of "http". Protocols must match.

    at unknown (https://challenges.cloudflare.com/cdn-cgi/challenge-platform/h/g/turnstile/f/av0/rchsKCOQBjG9a5.4YKaIa_a1na8ZyVbW84qEVIElNJLM7Y-1788717397-1.3.1.1-DZMV1WNt_nW5A6CA41.BpMtCTG1L7aQI2Mu5BKLrSSE/k36lv/0x4AAAAAADV3ju2YEd8uiR-k/dark/fbE/failure_retry/flexible?lang=auto:1:51012)
    at dz (https://challenges.cloudflare.com/cdn-cgi/challenge-platform/h/g/turnstile/f/av0/rchsKCOQBjG9a5.4YKaIa_a1na8ZyVbW84qEVIElNJLM7Y-1788717397-1.3.1.1-DZMV1WNt_nW5A6CA41.BpMtCTG1L7aQI2Mu5BKLrSSE/k36lv/0x4AAAAAADV3ju2YEd8uiR-k/dark/fbE/failure_retry/flexible?lang=auto:1:166378)
    at dp (https://challenges.cloudflare.com/cdn-cgi/challenge-platform/h/g/turnstile/f/av0/rchsKCOQBjG9a5.4YKaIa_a1na8ZyVbW84qEVIElNJLM7Y-1788717397-1.3.1.1-DZMV1WNt_nW5A6CA41.BpMtCTG1L7aQI2Mu5BKLrSSE/k36lv/0x4AAAAAADV3ju2YEd8uiR-k/dark/fbE/failure_retry/flexible?lang=auto:1:115061)
    at unknown (https://challenges.cloudflare.com/cdn-cgi/challenge-platform/h/g/turnstile/f/av0/rchsKCOQBjG9a5.4YKaIa_a1na8ZyVbW84qEVIElNJLM7Y-1788717397-1.3.1.1-DZMV1WNt_nW5A6CA41.BpMtCTG1L7aQI2Mu5BKLrSSE/k36lv/0x4AAAAAADV3ju2YEd8uiR-k/dark/fbE/failure_retry/flexible?lang=auto:1:50562)
    at dz (https://challenges.cloudflare.com/cdn-cgi/challenge-platform/h/g/turnstile/f/av0/rchsKCOQBjG9a5.4YKaIa_a1na8ZyVbW84qEVIElNJLM7Y-1788717397-1.3.1.1-DZMV1WNt_nW5A6CA41.BpMtCTG1L7aQI2Mu5BKLrSSE/k36lv/0x4AAAAAADV3ju2YEd8uiR-k/dark/fbE/failure_retry/flexible?lang=auto:1:166378)
    at R (https://challenges.cloudflare.com/cdn-cgi/challenge-platform/h/g/turnstile/f/av0/rchsKCOQBjG9a5.4YKaIa_a1na8ZyVbW84qEVIElNJLM7Y-1788717397-1.3.1.1-DZMV1WNt_nW5A6CA41.BpMtCTG1L7aQI2Mu5BKLrSSE/k36lv/0x4AAAAAADV3ju2YEd8uiR-k/dark/fbE/failure_retry/flexible?lang=auto:1:228939)
    at dN (https://challenges.cloudflare.com/cdn-cgi/challenge-platform/h/g/turnstile/f/av0/rchsKCOQBjG9a5.4YKaIa_a1na8ZyVbW84qEVIElNJLM7Y-1788717397-1.3.1.1-DZMV1WNt_nW5A6CA41.BpMtCTG1L7aQI2Mu5BKLrSSE/k36lv/0x4AAAAAADV3ju2YEd8uiR-k/dark/fbE/failure_retry/flexible?lang=auto:1:131884)
    at dq (https://challenges.cloudflare.com/cdn-cgi/challenge-platform/h/g/turnstile/f/av0/rchsKCOQBjG9a5.4YKaIa_a1na8ZyVbW84qEVIElNJLM7Y-1788717397-1.3.1.1-DZMV1WNt_nW5A6CA41.BpMtCTG1L7aQI2Mu5BKLrSSE/k36lv/0x4AAAAAADV3ju2YEd8uiR-k/dark/fbE/failure_retry/flexible?lang=auto:1:127087)
[ 4836571ms] [ERROR] Failed to load resource: the server responded with a status of 400 () @ https://challenges.cloudflare.com/cdn-cgi/challenge-platform/h/g/fo/777032624:1788714315:k_tbDmvXniKKiNH276r563LXswLxLahPEBF2Kf4AnGk/a36f5a3b1d6d5b0c/._hX99kcUp2YftCw1mSzLFgUNilL6e64nzRf8zw3a94-1788717408-1.2.1.1-CsoNOwLGc51YH.leRnW_QGDV_KVnk4endPq3OcNNbaaILm57HSy1jQILgxMzr15F:0
[ 4846695ms] Blocked a frame with origin "https://challenges.cloudflare.com" from accessing a frame with origin "http://localhost:3000".  The frame requesting access has a protocol of "https", the frame being accessed has a protocol of "http". Protocols must match.

    at unknown (https://challenges.cloudflare.com/cdn-cgi/challenge-platform/h/g/turnstile/f/av0/rchc4VkSbroGRSFN520y0_LFttcW4IMyS38UlkyhLKDj1E-1788717408-1.3.1.1-gHtXF8ELjH0LC5Qi06INzex0opCl0jbiuY2pAneE1.Q/k36lv/0x4AAAAAADV3ju2YEd8uiR-k/dark/fbE/failure_retry/flexible?lang=auto:1:52212)
    at AZ (https://challenges.cloudflare.com/cdn-cgi/challenge-platform/h/g/turnstile/f/av0/rchc4VkSbroGRSFN520y0_LFttcW4IMyS38UlkyhLKDj1E-1788717408-1.3.1.1-gHtXF8ELjH0LC5Qi06INzex0opCl0jbiuY2pAneE1.Q/k36lv/0x4AAAAAADV3ju2YEd8uiR-k/dark/fbE/failure_retry/flexible?lang=auto:1:99142)
    at jclMh (https://challenges.cloudflare.com/cdn-cgi/challenge-platform/h/g/turnstile/f/av0/rchc4VkSbroGRSFN520y0_LFttcW4IMyS38UlkyhLKDj1E-1788717408-1.3.1.1-gHtXF8ELjH0LC5Qi06INzex0opCl0jbiuY2pAneE1.Q/k36lv/0x4AAAAAADV3ju2YEd8uiR-k/dark/fbE/failure_retry/flexible?lang=auto:1:241728)
    at A9 (https://challenges.cloudflare.com/cdn-cgi/challenge-platform/h/g/turnstile/f/av0/rchc4VkSbroGRSFN520y0_LFttcW4IMyS38UlkyhLKDj1E-1788717408-1.3.1.1-gHtXF8ELjH0LC5Qi06INzex0opCl0jbiuY2pAneE1.Q/k36lv/0x4AAAAAADV3ju2YEd8uiR-k/dark/fbE/failure_retry/flexible?lang=auto:1:242867)
    at unknown (https://challenges.cloudflare.com/cdn-cgi/challenge-platform/h/g/turnstile/f/av0/rchc4VkSbroGRSFN520y0_LFttcW4IMyS38UlkyhLKDj1E-1788717408-1.3.1.1-gHtXF8ELjH0LC5Qi06INzex0opCl0jbiuY2pAneE1.Q/k36lv/0x4AAAAAADV3ju2YEd8uiR-k/dark/fbE/failure_retry/flexible?lang=auto:1:51762)
    at AZ (https://challenges.cloudflare.com/cdn-cgi/challenge-platform/h/g/turnstile/f/av0/rchc4VkSbroGRSFN520y0_LFttcW4IMyS38UlkyhLKDj1E-1788717408-1.3.1.1-gHtXF8ELjH0LC5Qi06INzex0opCl0jbiuY2pAneE1.Q/k36lv/0x4AAAAAADV3ju2YEd8uiR-k/dark/fbE/failure_retry/flexible?lang=auto:1:99142)
    at Sfndq (https://challenges.cloudflare.com/cdn-cgi/challenge-platform/h/g/turnstile/f/av0/rchc4VkSbroGRSFN520y0_LFttcW4IMyS38UlkyhLKDj1E-1788717408-1.3.1.1-gHtXF8ELjH0LC5Qi06INzex0opCl0jbiuY2pAneE1.Q/k36lv/0x4AAAAAADV3ju2YEd8uiR-k/dark/fbE/failure_retry/flexible?lang=auto:1:58258)
    at O (https://challenges.cloudflare.com/cdn-cgi/challenge-platform/h/g/turnstile/f/av0/rchc4VkSbroGRSFN520y0_LFttcW4IMyS38UlkyhLKDj1E-1788717408-1.3.1.1-gHtXF8ELjH0LC5Qi06INzex0opCl0jbiuY2pAneE1.Q/k36lv/0x4AAAAAADV3ju2YEd8uiR-k/dark/fbE/failure_retry/flexible?lang=auto:1:59002)
    at Ae (https://challenges.cloudflare.com/cdn-cgi/challenge-platform/h/g/turnstile/f/av0/rchc4VkSbroGRSFN520y0_LFttcW4IMyS38UlkyhLKDj1E-1788717408-1.3.1.1-gHtXF8ELjH0LC5Qi06INzex0opCl0jbiuY2pAneE1.Q/k36lv/0x4AAAAAADV3ju2YEd8uiR-k/dark/fbE/failure_retry/flexible?lang=auto:1:132877)
    at PMCNL (https://challenges.cloudflare.com/cdn-cgi/challenge-platform/h/g/turnstile/f/av0/rchc4VkSbroGRSFN520y0_LFttcW4IMyS38UlkyhLKDj1E-1788717408-1.3.1.1-gHtXF8ELjH0LC5Qi06INzex0opCl0jbiuY2pAneE1.Q/k36lv/0x4AAAAAADV3ju2YEd8uiR-k/dark/fbE/failure_retry/flexible?lang=auto:1:125372)
    at AH (https://challenges.cloudflare.com/cdn-cgi/challenge-platform/h/g/turnstile/f/av0/rchc4VkSbroGRSFN520y0_LFttcW4IMyS38UlkyhLKDj1E-1788717408-1.3.1.1-gHtXF8ELjH0LC5Qi06INzex0opCl0jbiuY2pAneE1.Q/k36lv/0x4AAAAAADV3ju2YEd8uiR-k/dark/fbE/failure_retry/flexible?lang=auto:1:127357)
[ 4846863ms] [ERROR] Failed to load resource: the server responded with a status of 400 () @ https://challenges.cloudflare.com/cdn-cgi/challenge-platform/h/g/fo/777032624:1788714315:k_tbDmvXniKKiNH276r563LXswLxLahPEBF2Kf4AnGk/a36f5a7b89985b0c/PeSJ6MevF81zhXXjNqWDMYHhnj9gVNfqa2pr.fx7ETg-1788717418-1.2.1.1-8r6pt9pcSsJ2q0vg1gxPkV1nYviKTAMC6PSqWN..LngMuD90Yqz0v6h.mG0jXtoP:0
[ 4856974ms] Blocked a frame with origin "https://challenges.cloudflare.com" from accessing a frame with origin "http://localhost:3000".  The frame requesting access has a protocol of "https", the frame being accessed has a protocol of "http". Protocols must match.

    at unknown (https://challenges.cloudflare.com/cdn-cgi/challenge-platform/h/g/turnstile/f/av0/rchJ3CuBFNbDTQhj_tu_vZjbt7cOKWWSygOFhk9EL4aipk-1788717418-1.3.1.1-ZmS6EgeoQXoDAbB1ld4ruSAmXRGIjnhJNI_qBKSj5mk/k36lv/0x4AAAAAADV3ju2YEd8uiR-k/dark/fbE/failure_retry/flexible?lang=auto:1:53081)
    at Ao (https://challenges.cloudflare.com/cdn-cgi/challenge-platform/h/g/turnstile/f/av0/rchJ3CuBFNbDTQhj_tu_vZjbt7cOKWWSygOFhk9EL4aipk-1788717418-1.3.1.1-ZmS6EgeoQXoDAbB1ld4ruSAmXRGIjnhJNI_qBKSj5mk/k36lv/0x4AAAAAADV3ju2YEd8uiR-k/dark/fbE/failure_retry/flexible?lang=auto:1:110862)
    at uYErx (https://challenges.cloudflare.com/cdn-cgi/challenge-platform/h/g/turnstile/f/av0/rchJ3CuBFNbDTQhj_tu_vZjbt7cOKWWSygOFhk9EL4aipk-1788717418-1.3.1.1-ZmS6EgeoQXoDAbB1ld4ruSAmXRGIjnhJNI_qBKSj5mk/k36lv/0x4AAAAAADV3ju2YEd8uiR-k/dark/fbE/failure_retry/flexible?lang=auto:1:214674)
    at Aj (https://challenges.cloudflare.com/cdn-cgi/challenge-platform/h/g/turnstile/f/av0/rchJ3CuBFNbDTQhj_tu_vZjbt7cOKWWSygOFhk9EL4aipk-1788717418-1.3.1.1-ZmS6EgeoQXoDAbB1ld4ruSAmXRGIjnhJNI_qBKSj5mk/k36lv/0x4AAAAAADV3ju2YEd8uiR-k/dark/fbE/failure_retry/flexible?lang=auto:1:215632)
    at unknown (https://challenges.cloudflare.com/cdn-cgi/challenge-platform/h/g/turnstile/f/av0/rchJ3CuBFNbDTQhj_tu_vZjbt7cOKWWSygOFhk9EL4aipk-1788717418-1.3.1.1-ZmS6EgeoQXoDAbB1ld4ruSAmXRGIjnhJNI_qBKSj5mk/k36lv/0x4AAAAAADV3ju2YEd8uiR-k/dark/fbE/failure_retry/flexible?lang=auto:1:52631)
    at Ao (https://challenges.cloudflare.com/cdn-cgi/challenge-platform/h/g/turnstile/f/av0/rchJ3CuBFNbDTQhj_tu_vZjbt7cOKWWSygOFhk9EL4aipk-1788717418-1.3.1.1-ZmS6EgeoQXoDAbB1ld4ruSAmXRGIjnhJNI_qBKSj5mk/k36lv/0x4AAAAAADV3ju2YEd8uiR-k/dark/fbE/failure_retry/flexible?lang=auto:1:110862)
    at CHtua (https://challenges.cloudflare.com/cdn-cgi/challenge-platform/h/g/turnstile/f/av0/rchJ3CuBFNbDTQhj_tu_vZjbt7cOKWWSygOFhk9EL4aipk-1788717418-1.3.1.1-ZmS6EgeoQXoDAbB1ld4ruSAmXRGIjnhJNI_qBKSj5mk/k36lv/0x4AAAAAADV3ju2YEd8uiR-k/dark/fbE/failure_retry/flexible?lang=auto:1:241997)
    at G (https://challenges.cloudflare.com/cdn-cgi/challenge-platform/h/g/turnstile/f/av0/rchJ3CuBFNbDTQhj_tu_vZjbt7cOKWWSygOFhk9EL4aipk-1788717418-1.3.1.1-ZmS6EgeoQXoDAbB1ld4ruSAmXRGIjnhJNI_qBKSj5mk/k36lv/0x4AAAAAADV3ju2YEd8uiR-k/dark/fbE/failure_retry/flexible?lang=auto:1:250442)
    at Ae (https://challenges.cloudflare.com/cdn-cgi/challenge-platform/h/g/turnstile/f/av0/rchJ3CuBFNbDTQhj_tu_vZjbt7cOKWWSygOFhk9EL4aipk-1788717418-1.3.1.1-ZmS6EgeoQXoDAbB1ld4ruSAmXRGIjnhJNI_qBKSj5mk/k36lv/0x4AAAAAADV3ju2YEd8uiR-k/dark/fbE/failure_retry/flexible?lang=auto:1:99465)
    at AH (https://challenges.cloudflare.com/cdn-cgi/challenge-platform/h/g/turnstile/f/av0/rchJ3CuBFNbDTQhj_tu_vZjbt7cOKWWSygOFhk9EL4aipk-1788717418-1.3.1.1-ZmS6EgeoQXoDAbB1ld4ruSAmXRGIjnhJNI_qBKSj5mk/k36lv/0x4AAAAAADV3ju2YEd8uiR-k/dark/fbE/failure_retry/flexible?lang=auto:1:98040)
[ 4857135ms] [ERROR] Failed to load resource: the server responded with a status of 400 () @ https://challenges.cloudflare.com/cdn-cgi/challenge-platform/h/g/fo/777032624:1788714315:k_tbDmvXniKKiNH276r563LXswLxLahPEBF2Kf4AnGk/a36f5abbce9f5b0c/ubb20OYx1_.2CBXOx74Gs0UClSDqVVvD.c1bDZxuBjQ-1788717429-1.2.1.1-7i1qIvL6Qdn..rG6nOnmGhjxdxJAhZJ8osxr12OGkicy_KP3Qlz_w9rd2eTLM04U:0
[ 4865321ms] [LOG] %cssr:success%c Vite server hmr 27 files 
      background: #2ecc71;
      border-radius: 0.5em;
      color: white;
      font-weight: bold;
      padding: 2px 0.5em;
      in 46.874ms 
  at vite_node_entry_default (node_modules/.pnpm/@nuxt+vite-builder@3.21.2_@types+node@26.1.1_magicast@0.5.2_nuxt@3.21.2_@emnapi+core@1._a4b3153523cf62a7d8205505e2d0041e/node_modules/@nuxt/vite-builder/dist/vite-node-entry.mjs)
  at process.processTicksAndRejections (node:internal/process/task_queues)
  at async Object.renderToString (node_modules/.pnpm/vue-bundle-renderer@2.2.0/node_modules/vue-bundle-renderer/dist/runtime.mjs)
 @ http://localhost:3000/_nuxt/node_modules/.pnpm/consola@3.4.2/node_modules/consola/dist/browser.mjs?v=4a573216:47
[ 4865382ms] [INFO] <Suspense> is an experimental feature and its API will likely change. @ http://localhost:3000/_nuxt/node_modules/.pnpm/@vue+runtime-core@3.5.33/node_modules/@vue/runtime-core/dist/runtime-core.esm-bundler.js?v=4a573216:7239
[ 4865619ms] [LOG] %c[Vercel Web Analytics]%c Debug mode is enabled by default in development. No requests will be sent to the server. color: rgb(120, 120, 120) color: inherit @ https://va.vercel-scripts.com/v1/script.debug.js:0
[ 4865619ms] [LOG] %c[Vercel Web Analytics]%c Running queued event color: rgb(120, 120, 120) color: inherit pageview {route: /demo, path: /demo} @ https://va.vercel-scripts.com/v1/script.debug.js:0
[ 4865624ms] [LOG] %c[Vercel Web Analytics]%c [view] http://localhost:3000/demo color: rgb(120, 120, 120) color: inherit {o: http://localhost:3000/demo, sv: 0.1.3, sdkn: @vercel/analytics/nuxt, sdkv: 2.0.1, ts: 1788717437806} /_vercel/insights/view @ https://va.vercel-scripts.com/v1/script.debug.js:0
[ 4865699ms] [LOG] ✨ %cNuxt DevTools %c Press Shift + Option + D to open DevTools color: black; border-radius: 3px 0 0 3px; padding: 2px 2px 1px 10px; background: #00DC82 border-radius: 0 3px 3px 0; padding: 2px 10px 1px 2px; background: #00DC8220  @ http://localhost:3000/_nuxt/node_modules/.pnpm/@nuxt+devtools@3.2.4_supports-color@10.2.2_vite@7.3.2_@types+node@26.1.1_jiti@2.6.1_ter_28972f42c82fd27b0e3f96c17cda5782/node_modules/@nuxt/devtools/dist/runtime/plugins/devtools.client.js?v=4a573216:51
[ 4866842ms] Blocked a frame with origin "https://challenges.cloudflare.com" from accessing a frame with origin "http://localhost:3000".  The frame requesting access has a protocol of "https", the frame being accessed has a protocol of "http". Protocols must match.

    at unknown (https://challenges.cloudflare.com/cdn-cgi/challenge-platform/h/g/turnstile/f/av0/rch/s9vss/0x4AAAAAADV3ju2YEd8uiR-k/dark/fbE/new/flexible?lang=auto:1:51580)
    at Ao (https://challenges.cloudflare.com/cdn-cgi/challenge-platform/h/g/turnstile/f/av0/rch/s9vss/0x4AAAAAADV3ju2YEd8uiR-k/dark/fbE/new/flexible?lang=auto:1:122395)
    at Aj (https://challenges.cloudflare.com/cdn-cgi/challenge-platform/h/g/turnstile/f/av0/rch/s9vss/0x4AAAAAADV3ju2YEd8uiR-k/dark/fbE/new/flexible?lang=auto:1:231526)
    at unknown (https://challenges.cloudflare.com/cdn-cgi/challenge-platform/h/g/turnstile/f/av0/rch/s9vss/0x4AAAAAADV3ju2YEd8uiR-k/dark/fbE/new/flexible?lang=auto:1:51130)
    at Ao (https://challenges.cloudflare.com/cdn-cgi/challenge-platform/h/g/turnstile/f/av0/rch/s9vss/0x4AAAAAADV3ju2YEd8uiR-k/dark/fbE/new/flexible?lang=auto:1:122395)
    at RYqiU (https://challenges.cloudflare.com/cdn-cgi/challenge-platform/h/g/turnstile/f/av0/rch/s9vss/0x4AAAAAADV3ju2YEd8uiR-k/dark/fbE/new/flexible?lang=auto:1:73434)
    at G (https://challenges.cloudflare.com/cdn-cgi/challenge-platform/h/g/turnstile/f/av0/rch/s9vss/0x4AAAAAADV3ju2YEd8uiR-k/dark/fbE/new/flexible?lang=auto:1:74266)
    at Ae (https://challenges.cloudflare.com/cdn-cgi/challenge-platform/h/g/turnstile/f/av0/rch/s9vss/0x4AAAAAADV3ju2YEd8uiR-k/dark/fbE/new/flexible?lang=auto:1:170401)
    at hNOfB (https://challenges.cloudflare.com/cdn-cgi/challenge-platform/h/g/turnstile/f/av0/rch/s9vss/0x4AAAAAADV3ju2YEd8uiR-k/dark/fbE/new/flexible?lang=auto:1:166646)
    at AH (https://challenges.cloudflare.com/cdn-cgi/challenge-platform/h/g/turnstile/f/av0/rch/s9vss/0x4AAAAAADV3ju2YEd8uiR-k/dark/fbE/new/flexible?lang=auto:1:168683)
[ 4866628ms] [ERROR] Failed to load resource: the server responded with a status of 400 () @ https://challenges.cloudflare.com/cdn-cgi/challenge-platform/h/g/fo/777032624:1788714315:k_tbDmvXniKKiNH276r563LXswLxLahPEBF2Kf4AnGk/a36f5af44bdf5b0c/hCk.E3huewabEKhqe9hbx0gYErCdQCdN33uKqfSnP1I-1788717438-1.2.1.1-d3qHhhFQUKsXtbXOLJgDhYXR2XExAhdWbnofUPr9QJPtSAoQah90MDylcKtPZATV:0
[ 4876743ms] Blocked a frame with origin "https://challenges.cloudflare.com" from accessing a frame with origin "http://localhost:3000".  The frame requesting access has a protocol of "https", the frame being accessed has a protocol of "http". Protocols must match.

    at unknown (https://challenges.cloudflare.com/cdn-cgi/challenge-platform/h/g/turnstile/f/av0/rchi36jHEGGFEFmb3j11pe1LjKgTNaj9jYjCI8a8QtDW7k-1788717438-1.3.1.1-bLlE5zIUCq5jyD9ri5_GGBddNW.iMwowpQ8J_WfNjmg/s9vss/0x4AAAAAADV3ju2YEd8uiR-k/dark/fbE/failure_retry/flexible?lang=auto:1:52004)
    at dz (https://challenges.cloudflare.com/cdn-cgi/challenge-platform/h/g/turnstile/f/av0/rchi36jHEGGFEFmb3j11pe1LjKgTNaj9jYjCI8a8QtDW7k-1788717438-1.3.1.1-bLlE5zIUCq5jyD9ri5_GGBddNW.iMwowpQ8J_WfNjmg/s9vss/0x4AAAAAADV3ju2YEd8uiR-k/dark/fbE/failure_retry/flexible?lang=auto:1:88892)
    at dp (https://challenges.cloudflare.com/cdn-cgi/challenge-platform/h/g/turnstile/f/av0/rchi36jHEGGFEFmb3j11pe1LjKgTNaj9jYjCI8a8QtDW7k-1788717438-1.3.1.1-bLlE5zIUCq5jyD9ri5_GGBddNW.iMwowpQ8J_WfNjmg/s9vss/0x4AAAAAADV3ju2YEd8uiR-k/dark/fbE/failure_retry/flexible?lang=auto:1:244941)
    at unknown (https://challenges.cloudflare.com/cdn-cgi/challenge-platform/h/g/turnstile/f/av0/rchi36jHEGGFEFmb3j11pe1LjKgTNaj9jYjCI8a8QtDW7k-1788717438-1.3.1.1-bLlE5zIUCq5jyD9ri5_GGBddNW.iMwowpQ8J_WfNjmg/s9vss/0x4AAAAAADV3ju2YEd8uiR-k/dark/fbE/failure_retry/flexible?lang=auto:1:51554)
    at dz (https://challenges.cloudflare.com/cdn-cgi/challenge-platform/h/g/turnstile/f/av0/rchi36jHEGGFEFmb3j11pe1LjKgTNaj9jYjCI8a8QtDW7k-1788717438-1.3.1.1-bLlE5zIUCq5jyD9ri5_GGBddNW.iMwowpQ8J_WfNjmg/s9vss/0x4AAAAAADV3ju2YEd8uiR-k/dark/fbE/failure_retry/flexible?lang=auto:1:88892)
    at R (https://challenges.cloudflare.com/cdn-cgi/challenge-platform/h/g/turnstile/f/av0/rchi36jHEGGFEFmb3j11pe1LjKgTNaj9jYjCI8a8QtDW7k-1788717438-1.3.1.1-bLlE5zIUCq5jyD9ri5_GGBddNW.iMwowpQ8J_WfNjmg/s9vss/0x4AAAAAADV3ju2YEd8uiR-k/dark/fbE/failure_retry/flexible?lang=auto:1:63770)
    at LGdAs (https://challenges.cloudflare.com/cdn-cgi/challenge-platform/h/g/turnstile/f/av0/rchi36jHEGGFEFmb3j11pe1LjKgTNaj9jYjCI8a8QtDW7k-1788717438-1.3.1.1-bLlE5zIUCq5jyD9ri5_GGBddNW.iMwowpQ8J_WfNjmg/s9vss/0x4AAAAAADV3ju2YEd8uiR-k/dark/fbE/failure_retry/flexible?lang=auto:1:180103)
    at dN (https://challenges.cloudflare.com/cdn-cgi/challenge-platform/h/g/turnstile/f/av0/rchi36jHEGGFEFmb3j11pe1LjKgTNaj9jYjCI8a8QtDW7k-1788717438-1.3.1.1-bLlE5zIUCq5jyD9ri5_GGBddNW.iMwowpQ8J_WfNjmg/s9vss/0x4AAAAAADV3ju2YEd8uiR-k/dark/fbE/failure_retry/flexible?lang=auto:1:188999)
    at dq (https://challenges.cloudflare.com/cdn-cgi/challenge-platform/h/g/turnstile/f/av0/rchi36jHEGGFEFmb3j11pe1LjKgTNaj9jYjCI8a8QtDW7k-1788717438-1.3.1.1-bLlE5zIUCq5jyD9ri5_GGBddNW.iMwowpQ8J_WfNjmg/s9vss/0x4AAAAAADV3ju2YEd8uiR-k/dark/fbE/failure_retry/flexible?lang=auto:1:183266)
[ 4876900ms] [ERROR] Failed to load resource: the server responded with a status of 400 () @ https://challenges.cloudflare.com/cdn-cgi/challenge-platform/h/g/fo/777032624:1788714315:k_tbDmvXniKKiNH276r563LXswLxLahPEBF2Kf4AnGk/a36f5b375dd35b0c/QzXIOtUhT5D3boLQMigBPIkXE7o5tv0gf3c56kVsYw8-1788717448-1.2.1.1-lLNXSE2wDFHQEANb318zTKIQUUi3MEP39vOGwAHPP._aI9tw9Y0wDdHn7Ye8BgLQ:0
[ 4887131ms] Blocked a frame with origin "https://challenges.cloudflare.com" from accessing a frame with origin "http://localhost:3000".  The frame requesting access has a protocol of "https", the frame being accessed has a protocol of "http". Protocols must match.

    at unknown (https://challenges.cloudflare.com/cdn-cgi/challenge-platform/h/g/turnstile/f/av0/rchzBCg9SpPIsGRJgUpm1jtl7Kk_cUe6OouGZm6SqJD8Cw-1788717448-1.3.1.1-nHeXYWpSxLxN2Nv80YOeidCh6ckHCYQairY_eyrWjT8/s9vss/0x4AAAAAADV3ju2YEd8uiR-k/dark/fbE/failure_retry/flexible?lang=auto:1:51562)
    at dz (https://challenges.cloudflare.com/cdn-cgi/challenge-platform/h/g/turnstile/f/av0/rchzBCg9SpPIsGRJgUpm1jtl7Kk_cUe6OouGZm6SqJD8Cw-1788717448-1.3.1.1-nHeXYWpSxLxN2Nv80YOeidCh6ckHCYQairY_eyrWjT8/s9vss/0x4AAAAAADV3ju2YEd8uiR-k/dark/fbE/failure_retry/flexible?lang=auto:1:119381)
    at dp (https://challenges.cloudflare.com/cdn-cgi/challenge-platform/h/g/turnstile/f/av0/rchzBCg9SpPIsGRJgUpm1jtl7Kk_cUe6OouGZm6SqJD8Cw-1788717448-1.3.1.1-nHeXYWpSxLxN2Nv80YOeidCh6ckHCYQairY_eyrWjT8/s9vss/0x4AAAAAADV3ju2YEd8uiR-k/dark/fbE/failure_retry/flexible?lang=auto:1:122235)
    at unknown (https://challenges.cloudflare.com/cdn-cgi/challenge-platform/h/g/turnstile/f/av0/rchzBCg9SpPIsGRJgUpm1jtl7Kk_cUe6OouGZm6SqJD8Cw-1788717448-1.3.1.1-nHeXYWpSxLxN2Nv80YOeidCh6ckHCYQairY_eyrWjT8/s9vss/0x4AAAAAADV3ju2YEd8uiR-k/dark/fbE/failure_retry/flexible?lang=auto:1:51112)
    at dz (https://challenges.cloudflare.com/cdn-cgi/challenge-platform/h/g/turnstile/f/av0/rchzBCg9SpPIsGRJgUpm1jtl7Kk_cUe6OouGZm6SqJD8Cw-1788717448-1.3.1.1-nHeXYWpSxLxN2Nv80YOeidCh6ckHCYQairY_eyrWjT8/s9vss/0x4AAAAAADV3ju2YEd8uiR-k/dark/fbE/failure_retry/flexible?lang=auto:1:119381)
    at R (https://challenges.cloudflare.com/cdn-cgi/challenge-platform/h/g/turnstile/f/av0/rchzBCg9SpPIsGRJgUpm1jtl7Kk_cUe6OouGZm6SqJD8Cw-1788717448-1.3.1.1-nHeXYWpSxLxN2Nv80YOeidCh6ckHCYQairY_eyrWjT8/s9vss/0x4AAAAAADV3ju2YEd8uiR-k/dark/fbE/failure_retry/flexible?lang=auto:1:214524)
    at CKQZe (https://challenges.cloudflare.com/cdn-cgi/challenge-platform/h/g/turnstile/f/av0/rchzBCg9SpPIsGRJgUpm1jtl7Kk_cUe6OouGZm6SqJD8Cw-1788717448-1.3.1.1-nHeXYWpSxLxN2Nv80YOeidCh6ckHCYQairY_eyrWjT8/s9vss/0x4AAAAAADV3ju2YEd8uiR-k/dark/fbE/failure_retry/flexible?lang=auto:1:137257)
    at dN (https://challenges.cloudflare.com/cdn-cgi/challenge-platform/h/g/turnstile/f/av0/rchzBCg9SpPIsGRJgUpm1jtl7Kk_cUe6OouGZm6SqJD8Cw-1788717448-1.3.1.1-nHeXYWpSxLxN2Nv80YOeidCh6ckHCYQairY_eyrWjT8/s9vss/0x4AAAAAADV3ju2YEd8uiR-k/dark/fbE/failure_retry/flexible?lang=auto:1:145089)
    at dq (https://challenges.cloudflare.com/cdn-cgi/challenge-platform/h/g/turnstile/f/av0/rchzBCg9SpPIsGRJgUpm1jtl7Kk_cUe6OouGZm6SqJD8Cw-1788717448-1.3.1.1-nHeXYWpSxLxN2Nv80YOeidCh6ckHCYQairY_eyrWjT8/s9vss/0x4AAAAAADV3ju2YEd8uiR-k/dark/fbE/failure_retry/flexible?lang=auto:1:139479)
[ 4887278ms] [ERROR] Failed to load resource: the server responded with a status of 400 () @ https://challenges.cloudflare.com/cdn-cgi/challenge-platform/h/g/fo/777032624:1788714315:k_tbDmvXniKKiNH276r563LXswLxLahPEBF2Kf4AnGk/a36f5b779afe5b0c/f2r0IXX_UtjfCsySMCmn2K5ceyKB5t.0IYHNOlsnQT0-1788717459-1.2.1.1-wff8NaY8PYABXUE10HWeU_XzvXcQnx_XukNlL0afepfX35iM4dH.vk5muE69yPQ7:0
[ 4894017ms] [ERROR] WebSocket connection to 'ws://localhost:3000/_nuxt/?token=uyhs4FuTzuSe' failed: The network connection was lost. @ :0
[ 4894018ms] [LOG] [vite] server connection lost. Polling for restart... @ http://localhost:3000/_nuxt/@vite/client:864
[ 4895961ms] [ERROR] Failed to load resource: the server responded with a status of 503 (Service Unavailable) @ http://localhost:3000/demo:0
[ 4896341ms] [ERROR] Failed to load resource: the server responded with a status of 503 (Service Unavailable) @ http://localhost:3000/demo:0
[ 4897663ms] [ERROR] Failed to load resource: the server responded with a status of 503 (Service Unavailable) @ http://localhost:3000/demo:0
[ 4904900ms] [INFO] <Suspense> is an experimental feature and its API will likely change. @ http://localhost:3000/_nuxt/node_modules/.pnpm/@vue+runtime-core@3.5.33/node_modules/@vue/runtime-core/dist/runtime-core.esm-bundler.js?v=4a573216:7239
[ 4905198ms] [LOG] %c[Vercel Web Analytics]%c Debug mode is enabled by default in development. No requests will be sent to the server. color: rgb(120, 120, 120) color: inherit @ https://va.vercel-scripts.com/v1/script.debug.js:0
[ 4905200ms] [LOG] %c[Vercel Web Analytics]%c Running queued event color: rgb(120, 120, 120) color: inherit pageview {route: /demo, path: /demo} @ https://va.vercel-scripts.com/v1/script.debug.js:0
[ 4905211ms] [LOG] %c[Vercel Web Analytics]%c [view] http://localhost:3000/demo color: rgb(120, 120, 120) color: inherit {o: http://localhost:3000/demo, sv: 0.1.3, sdkn: @vercel/analytics/nuxt, sdkv: 2.0.1, ts: 1788717477394} /_vercel/insights/view @ https://va.vercel-scripts.com/v1/script.debug.js:0
[ 4905662ms] [LOG] ✨ %cNuxt DevTools %c Press Shift + Option + D to open DevTools color: black; border-radius: 3px 0 0 3px; padding: 2px 2px 1px 10px; background: #00DC82 border-radius: 0 3px 3px 0; padding: 2px 10px 1px 2px; background: #00DC8220  @ http://localhost:3000/_nuxt/node_modules/.pnpm/@nuxt+devtools@3.2.4_supports-color@10.2.2_vite@7.3.2_@types+node@26.1.1_jiti@2.6.1_ter_28972f42c82fd27b0e3f96c17cda5782/node_modules/@nuxt/devtools/dist/runtime/plugins/devtools.client.js?v=4a573216:51
[ 4906492ms] Blocked a frame with origin "https://challenges.cloudflare.com" from accessing a frame with origin "http://localhost:3000".  The frame requesting access has a protocol of "https", the frame being accessed has a protocol of "http". Protocols must match.

    at unknown (https://challenges.cloudflare.com/cdn-cgi/challenge-platform/h/g/turnstile/f/av0/rch/m9wuc/0x4AAAAAADV3ju2YEd8uiR-k/dark/fbE/new/flexible?lang=auto:1:50180)
    at Ao (https://challenges.cloudflare.com/cdn-cgi/challenge-platform/h/g/turnstile/f/av0/rch/m9wuc/0x4AAAAAADV3ju2YEd8uiR-k/dark/fbE/new/flexible?lang=auto:1:110488)
    at uYERE (https://challenges.cloudflare.com/cdn-cgi/challenge-platform/h/g/turnstile/f/av0/rch/m9wuc/0x4AAAAAADV3ju2YEd8uiR-k/dark/fbE/new/flexible?lang=auto:1:230883)
    at Aj (https://challenges.cloudflare.com/cdn-cgi/challenge-platform/h/g/turnstile/f/av0/rch/m9wuc/0x4AAAAAADV3ju2YEd8uiR-k/dark/fbE/new/flexible?lang=auto:1:231965)
    at unknown (https://challenges.cloudflare.com/cdn-cgi/challenge-platform/h/g/turnstile/f/av0/rch/m9wuc/0x4AAAAAADV3ju2YEd8uiR-k/dark/fbE/new/flexible?lang=auto:1:49730)
    at Ao (https://challenges.cloudflare.com/cdn-cgi/challenge-platform/h/g/turnstile/f/av0/rch/m9wuc/0x4AAAAAADV3ju2YEd8uiR-k/dark/fbE/new/flexible?lang=auto:1:110488)
    at G (https://challenges.cloudflare.com/cdn-cgi/challenge-platform/h/g/turnstile/f/av0/rch/m9wuc/0x4AAAAAADV3ju2YEd8uiR-k/dark/fbE/new/flexible?lang=auto:1:66096)
    at Ae (https://challenges.cloudflare.com/cdn-cgi/challenge-platform/h/g/turnstile/f/av0/rch/m9wuc/0x4AAAAAADV3ju2YEd8uiR-k/dark/fbE/new/flexible?lang=auto:1:144974)
    at zlttn (https://challenges.cloudflare.com/cdn-cgi/challenge-platform/h/g/turnstile/f/av0/rch/m9wuc/0x4AAAAAADV3ju2YEd8uiR-k/dark/fbE/new/flexible?lang=auto:1:141497)
    at AH (https://challenges.cloudflare.com/cdn-cgi/challenge-platform/h/g/turnstile/f/av0/rch/m9wuc/0x4AAAAAADV3ju2YEd8uiR-k/dark/fbE/new/flexible?lang=auto:1:143667)
[ 4906491ms] [WARNING] The resource http://localhost:3000/assets/fonts/space-grotesk-latin.woff2 was preloaded using link preload but not used within a few seconds from the window's load event. Please make sure it wasn't preloaded for nothing. @ :0
[ 4906703ms] [ERROR] Failed to load resource: the server responded with a status of 400 () @ https://challenges.cloudflare.com/cdn-cgi/challenge-platform/h/g/fo/777032624:1788714315:k_tbDmvXniKKiNH276r563LXswLxLahPEBF2Kf4AnGk/a36f5befba055b0c/20Xr2HNRU8RHwwmj1hWdy3rWscVlAGlxNveTPtbrdio-1788717478-1.2.1.1-GDvRMIv1mZvTP6XmEjwuFrp5m9kaMMIwDQr2WIp0WunLE5CddxDCfes89bEbdUZc:0
[ 4907438ms] [WARNING] [nuxt] Cannot load payload  /for-gyms/_payload.json?1788717478189 TypeError: Load failed @ http://localhost:3000/_nuxt/node_modules/.pnpm/nuxt@3.21.2_@emnapi+core@1.10.0_@emnapi+runtime@1.11.3_@parcel+watcher@2.5.6_@types+nod_529923af24574705ccdd3c2cb50f4411/node_modules/nuxt/dist/app/composables/payload.js?v=4a573216:81
[ 4907458ms] [WARNING] [nuxt] Cannot load payload  /privacy-policy/_payload.json?1788717478189 TypeError: Load failed @ http://localhost:3000/_nuxt/node_modules/.pnpm/nuxt@3.21.2_@emnapi+core@1.10.0_@emnapi+runtime@1.11.3_@parcel+watcher@2.5.6_@types+nod_529923af24574705ccdd3c2cb50f4411/node_modules/nuxt/dist/app/composables/payload.js?v=4a573216:81
[ 4907458ms] [WARNING] [nuxt] Cannot load payload  /pricing/_payload.json?1788717477431 TypeError: Load failed @ http://localhost:3000/_nuxt/node_modules/.pnpm/nuxt@3.21.2_@emnapi+core@1.10.0_@emnapi+runtime@1.11.3_@parcel+watcher@2.5.6_@types+nod_529923af24574705ccdd3c2cb50f4411/node_modules/nuxt/dist/app/composables/payload.js?v=4a573216:81
[ 4907458ms] [WARNING] [nuxt] Cannot load payload  /_payload.json?1788717477431 TypeError: Load failed @ http://localhost:3000/_nuxt/node_modules/.pnpm/nuxt@3.21.2_@emnapi+core@1.10.0_@emnapi+runtime@1.11.3_@parcel+watcher@2.5.6_@types+nod_529923af24574705ccdd3c2cb50f4411/node_modules/nuxt/dist/app/composables/payload.js?v=4a573216:81
[ 4907459ms] [WARNING] [nuxt] Cannot load payload  /_payload.json?1788717478189 TypeError: Load failed @ http://localhost:3000/_nuxt/node_modules/.pnpm/nuxt@3.21.2_@emnapi+core@1.10.0_@emnapi+runtime@1.11.3_@parcel+watcher@2.5.6_@types+nod_529923af24574705ccdd3c2cb50f4411/node_modules/nuxt/dist/app/composables/payload.js?v=4a573216:81
[ 4907459ms] [WARNING] [nuxt] Cannot load payload  /for-trainers/_payload.json?1788717478189 TypeError: Load failed @ http://localhost:3000/_nuxt/node_modules/.pnpm/nuxt@3.21.2_@emnapi+core@1.10.0_@emnapi+runtime@1.11.3_@parcel+watcher@2.5.6_@types+nod_529923af24574705ccdd3c2cb50f4411/node_modules/nuxt/dist/app/composables/payload.js?v=4a573216:81
[ 4907459ms] [WARNING] [nuxt] Cannot load payload  /contact/support/_payload.json?1788717478189 TypeError: Load failed @ http://localhost:3000/_nuxt/node_modules/.pnpm/nuxt@3.21.2_@emnapi+core@1.10.0_@emnapi+runtime@1.11.3_@parcel+watcher@2.5.6_@types+nod_529923af24574705ccdd3c2cb50f4411/node_modules/nuxt/dist/app/composables/payload.js?v=4a573216:81
[ 4907459ms] [WARNING] [nuxt] Cannot load payload  /privacy-policy/_payload.json?1788717478189 TypeError: Load failed @ http://localhost:3000/_nuxt/node_modules/.pnpm/nuxt@3.21.2_@emnapi+core@1.10.0_@emnapi+runtime@1.11.3_@parcel+watcher@2.5.6_@types+nod_529923af24574705ccdd3c2cb50f4411/node_modules/nuxt/dist/app/composables/payload.js?v=4a573216:81
[ 4907459ms] [WARNING] [nuxt] Cannot load payload  /for-trainers/_payload.json?1788717477431 TypeError: Load failed @ http://localhost:3000/_nuxt/node_modules/.pnpm/nuxt@3.21.2_@emnapi+core@1.10.0_@emnapi+runtime@1.11.3_@parcel+watcher@2.5.6_@types+nod_529923af24574705ccdd3c2cb50f4411/node_modules/nuxt/dist/app/composables/payload.js?v=4a573216:81
[ 4907459ms] [WARNING] [nuxt] Cannot load payload  /for-lifters/_payload.json?1788717478189 TypeError: Load failed @ http://localhost:3000/_nuxt/node_modules/.pnpm/nuxt@3.21.2_@emnapi+core@1.10.0_@emnapi+runtime@1.11.3_@parcel+watcher@2.5.6_@types+nod_529923af24574705ccdd3c2cb50f4411/node_modules/nuxt/dist/app/composables/payload.js?v=4a573216:81
[ 4907459ms] [WARNING] [nuxt] Cannot load payload  /exercises/_payload.json?1788717477431 TypeError: Load failed @ http://localhost:3000/_nuxt/node_modules/.pnpm/nuxt@3.21.2_@emnapi+core@1.10.0_@emnapi+runtime@1.11.3_@parcel+watcher@2.5.6_@types+nod_529923af24574705ccdd3c2cb50f4411/node_modules/nuxt/dist/app/composables/payload.js?v=4a573216:81
[ 4913234ms] [INFO] <Suspense> is an experimental feature and its API will likely change. @ http://localhost:3000/_nuxt/node_modules/.pnpm/@vue+runtime-core@3.5.33/node_modules/@vue/runtime-core/dist/runtime-core.esm-bundler.js?v=4a573216:7239
[ 4913500ms] [LOG] %c[Vercel Web Analytics]%c Debug mode is enabled by default in development. No requests will be sent to the server. color: rgb(120, 120, 120) color: inherit @ https://va.vercel-scripts.com/v1/script.debug.js:0
[ 4913500ms] [LOG] %c[Vercel Web Analytics]%c Running queued event color: rgb(120, 120, 120) color: inherit pageview {route: /demo, path: /demo} @ https://va.vercel-scripts.com/v1/script.debug.js:0
[ 4913502ms] [LOG] %c[Vercel Web Analytics]%c [view] http://localhost:3000/demo color: rgb(120, 120, 120) color: inherit {o: http://localhost:3000/demo, sv: 0.1.3, sdkn: @vercel/analytics/nuxt, sdkv: 2.0.1, ts: 1788717485685} /_vercel/insights/view @ https://va.vercel-scripts.com/v1/script.debug.js:0
[ 4913733ms] [LOG] ✨ %cNuxt DevTools %c Press Shift + Option + D to open DevTools color: black; border-radius: 3px 0 0 3px; padding: 2px 2px 1px 10px; background: #00DC82 border-radius: 0 3px 3px 0; padding: 2px 10px 1px 2px; background: #00DC8220  @ http://localhost:3000/_nuxt/node_modules/.pnpm/@nuxt+devtools@3.2.4_supports-color@10.2.2_vite@7.3.2_@types+node@26.1.1_jiti@2.6.1_ter_28972f42c82fd27b0e3f96c17cda5782/node_modules/@nuxt/devtools/dist/runtime/plugins/devtools.client.js?v=4a573216:51
[ 5210549ms] [INFO] <Suspense> is an experimental feature and its API will likely change. @ http://localhost:3000/_nuxt/node_modules/.pnpm/@vue+runtime-core@3.5.33/node_modules/@vue/runtime-core/dist/runtime-core.esm-bundler.js?v=4a573216:7239
[ 5210666ms] [LOG] %c[Vercel Web Analytics]%c Debug mode is enabled by default in development. No requests will be sent to the server. color: rgb(120, 120, 120) color: inherit @ https://va.vercel-scripts.com/v1/script.debug.js:0
[ 5210666ms] [LOG] %c[Vercel Web Analytics]%c Running queued event color: rgb(120, 120, 120) color: inherit pageview {route: /demo, path: /demo} @ https://va.vercel-scripts.com/v1/script.debug.js:0
[ 5210666ms] [LOG] %c[Vercel Web Analytics]%c [view] http://localhost:3000/demo color: rgb(120, 120, 120) color: inherit {o: http://localhost:3000/demo, sv: 0.1.3, sdkn: @vercel/analytics/nuxt, sdkv: 2.0.1, ts: 1788717782849} /_vercel/insights/view @ https://va.vercel-scripts.com/v1/script.debug.js:0
[ 5210787ms] [LOG] ✨ %cNuxt DevTools %c Press Shift + Option + D to open DevTools color: black; border-radius: 3px 0 0 3px; padding: 2px 2px 1px 10px; background: #00DC82 border-radius: 0 3px 3px 0; padding: 2px 10px 1px 2px; background: #00DC8220  @ http://localhost:3000/_nuxt/node_modules/.pnpm/@nuxt+devtools@3.2.4_supports-color@10.2.2_vite@7.3.2_@types+node@26.1.1_jiti@2.6.1_ter_28972f42c82fd27b0e3f96c17cda5782/node_modules/@nuxt/devtools/dist/runtime/plugins/devtools.client.js?v=4a573216:51
[ 5212016ms] Blocked a frame with origin "https://challenges.cloudflare.com" from accessing a frame with origin "http://localhost:3000".  The frame requesting access has a protocol of "https", the frame being accessed has a protocol of "http". Protocols must match.

    at unknown (https://challenges.cloudflare.com/cdn-cgi/challenge-platform/h/g/turnstile/f/av0/rch/x65fk/0x4AAAAAADV3ju2YEd8uiR-k/dark/fbE/new/flexible?lang=auto:1:49801)
    at dz (https://challenges.cloudflare.com/cdn-cgi/challenge-platform/h/g/turnstile/f/av0/rch/x65fk/0x4AAAAAADV3ju2YEd8uiR-k/dark/fbE/new/flexible?lang=auto:1:180349)
    at dp (https://challenges.cloudflare.com/cdn-cgi/challenge-platform/h/g/turnstile/f/av0/rch/x65fk/0x4AAAAAADV3ju2YEd8uiR-k/dark/fbE/new/flexible?lang=auto:1:177397)
    at unknown (https://challenges.cloudflare.com/cdn-cgi/challenge-platform/h/g/turnstile/f/av0/rch/x65fk/0x4AAAAAADV3ju2YEd8uiR-k/dark/fbE/new/flexible?lang=auto:1:49351)
    at dz (https://challenges.cloudflare.com/cdn-cgi/challenge-platform/h/g/turnstile/f/av0/rch/x65fk/0x4AAAAAADV3ju2YEd8uiR-k/dark/fbE/new/flexible?lang=auto:1:180349)
    at R (https://challenges.cloudflare.com/cdn-cgi/challenge-platform/h/g/turnstile/f/av0/rch/x65fk/0x4AAAAAADV3ju2YEd8uiR-k/dark/fbE/new/flexible?lang=auto:1:105429)
    at dN (https://challenges.cloudflare.com/cdn-cgi/challenge-platform/h/g/turnstile/f/av0/rch/x65fk/0x4AAAAAADV3ju2YEd8uiR-k/dark/fbE/new/flexible?lang=auto:1:152709)
    at LGmrH (https://challenges.cloudflare.com/cdn-cgi/challenge-platform/h/g/turnstile/f/av0/rch/x65fk/0x4AAAAAADV3ju2YEd8uiR-k/dark/fbE/new/flexible?lang=auto:1:149610)
    at dq (https://challenges.cloudflare.com/cdn-cgi/challenge-platform/h/g/turnstile/f/av0/rch/x65fk/0x4AAAAAADV3ju2YEd8uiR-k/dark/fbE/new/flexible?lang=auto:1:151542)
[ 5212420ms] [ERROR] Failed to load resource: the server responded with a status of 400 () @ https://challenges.cloudflare.com/cdn-cgi/challenge-platform/h/g/fo/777032624:1788714315:k_tbDmvXniKKiNH276r563LXswLxLahPEBF2Kf4AnGk/a36f63612a5e5b84/NhP_DAQ4iCyC1jV8U4mo.7pj6J9ylJ.XzzbTijm8PeM-1788717783-1.2.1.1-gvj3GgWNa9cUPEWY3fPWiUGI0mFT6xlxiIm4WwSBYoXbFsbQxjAPNvVEQVzsVD3d:0
[ 5222563ms] Blocked a frame with origin "https://challenges.cloudflare.com" from accessing a frame with origin "http://localhost:3000".  The frame requesting access has a protocol of "https", the frame being accessed has a protocol of "http". Protocols must match.

    at unknown (https://challenges.cloudflare.com/cdn-cgi/challenge-platform/h/g/turnstile/f/av0/rchcnrOKW46t0G58y8VLhZzqUqf752Gznatt0yDgghLGbg-1788717783-1.3.1.1-Toq7KGXNuQqDfhUIhcm.Ur5lYXw9nnRxeB5ZTapSEqk/x65fk/0x4AAAAAADV3ju2YEd8uiR-k/dark/fbE/failure_retry/flexible?lang=auto:1:51257)
    at dz (https://challenges.cloudflare.com/cdn-cgi/challenge-platform/h/g/turnstile/f/av0/rchcnrOKW46t0G58y8VLhZzqUqf752Gznatt0yDgghLGbg-1788717783-1.3.1.1-Toq7KGXNuQqDfhUIhcm.Ur5lYXw9nnRxeB5ZTapSEqk/x65fk/0x4AAAAAADV3ju2YEd8uiR-k/dark/fbE/failure_retry/flexible?lang=auto:1:241063)
    at dp (https://challenges.cloudflare.com/cdn-cgi/challenge-platform/h/g/turnstile/f/av0/rchcnrOKW46t0G58y8VLhZzqUqf752Gznatt0yDgghLGbg-1788717783-1.3.1.1-Toq7KGXNuQqDfhUIhcm.Ur5lYXw9nnRxeB5ZTapSEqk/x65fk/0x4AAAAAADV3ju2YEd8uiR-k/dark/fbE/failure_retry/flexible?lang=auto:1:179909)
    at unknown (https://challenges.cloudflare.com/cdn-cgi/challenge-platform/h/g/turnstile/f/av0/rchcnrOKW46t0G58y8VLhZzqUqf752Gznatt0yDgghLGbg-1788717783-1.3.1.1-Toq7KGXNuQqDfhUIhcm.Ur5lYXw9nnRxeB5ZTapSEqk/x65fk/0x4AAAAAADV3ju2YEd8uiR-k/dark/fbE/failure_retry/flexible?lang=auto:1:50807)
    at dz (https://challenges.cloudflare.com/cdn-cgi/challenge-platform/h/g/turnstile/f/av0/rchcnrOKW46t0G58y8VLhZzqUqf752Gznatt0yDgghLGbg-1788717783-1.3.1.1-Toq7KGXNuQqDfhUIhcm.Ur5lYXw9nnRxeB5ZTapSEqk/x65fk/0x4AAAAAADV3ju2YEd8uiR-k/dark/fbE/failure_retry/flexible?lang=auto:1:241063)
    at KqUCE (https://challenges.cloudflare.com/cdn-cgi/challenge-platform/h/g/turnstile/f/av0/rchcnrOKW46t0G58y8VLhZzqUqf752Gznatt0yDgghLGbg-1788717783-1.3.1.1-Toq7KGXNuQqDfhUIhcm.Ur5lYXw9nnRxeB5ZTapSEqk/x65fk/0x4AAAAAADV3ju2YEd8uiR-k/dark/fbE/failure_retry/flexible?lang=auto:1:208087)
    at R (https://challenges.cloudflare.com/cdn-cgi/challenge-platform/h/g/turnstile/f/av0/rchcnrOKW46t0G58y8VLhZzqUqf752Gznatt0yDgghLGbg-1788717783-1.3.1.1-Toq7KGXNuQqDfhUIhcm.Ur5lYXw9nnRxeB5ZTapSEqk/x65fk/0x4AAAAAADV3ju2YEd8uiR-k/dark/fbE/failure_retry/flexible?lang=auto:1:216395)
    at dN (https://challenges.cloudflare.com/cdn-cgi/challenge-platform/h/g/turnstile/f/av0/rchcnrOKW46t0G58y8VLhZzqUqf752Gznatt0yDgghLGbg-1788717783-1.3.1.1-Toq7KGXNuQqDfhUIhcm.Ur5lYXw9nnRxeB5ZTapSEqk/x65fk/0x4AAAAAADV3ju2YEd8uiR-k/dark/fbE/failure_retry/flexible?lang=auto:1:167764)
    at dq (https://challenges.cloudflare.com/cdn-cgi/challenge-platform/h/g/turnstile/f/av0/rchcnrOKW46t0G58y8VLhZzqUqf752Gznatt0yDgghLGbg-1788717783-1.3.1.1-Toq7KGXNuQqDfhUIhcm.Ur5lYXw9nnRxeB5ZTapSEqk/x65fk/0x4AAAAAADV3ju2YEd8uiR-k/dark/fbE/failure_retry/flexible?lang=auto:1:166228)
[ 5222714ms] [ERROR] Failed to load resource: the server responded with a status of 400 () @ https://challenges.cloudflare.com/cdn-cgi/challenge-platform/h/g/fo/777032624:1788714315:k_tbDmvXniKKiNH276r563LXswLxLahPEBF2Kf4AnGk/a36f63a88a665b84/jEIVO7vBavbyogTievEPvGMJXhwRFQVXcPZhMsswgi4-1788717794-1.2.1.1-xnKTHQYod0qfM90DeZYPrtsS_CHXQSpSzjOWq8M7bLEu9MVt0XGLE7V8NgRtuXGO:0
[ 5230487ms] [ERROR] WebSocket connection to 'ws://localhost:3000/_nuxt/?token=WRQDBEzEw7Ku' failed: The network connection was lost. @ :0
[ 5230487ms] [LOG] [vite] server connection lost. Polling for restart... @ http://localhost:3000/_nuxt/@vite/client:864
[ 5231967ms] [ERROR] Failed to load resource: the server responded with a status of 503 (Service Unavailable) @ http://localhost:3000/demo:0
[ 5232021ms] [ERROR] Failed to load resource: the server responded with a status of 503 (Service Unavailable) @ http://localhost:3000/demo:0
[ 5233096ms] [ERROR] Failed to load resource: the server responded with a status of 503 (Service Unavailable) @ http://localhost:3000/demo:0
[ 5237123ms] [INFO] <Suspense> is an experimental feature and its API will likely change. @ http://localhost:3000/_nuxt/node_modules/.pnpm/@vue+runtime-core@3.5.33/node_modules/@vue/runtime-core/dist/runtime-core.esm-bundler.js?v=4a573216:7239
[ 5237215ms] [LOG] %c[Vercel Web Analytics]%c Debug mode is enabled by default in development. No requests will be sent to the server. color: rgb(120, 120, 120) color: inherit @ https://va.vercel-scripts.com/v1/script.debug.js:0
[ 5237215ms] [LOG] %c[Vercel Web Analytics]%c Running queued event color: rgb(120, 120, 120) color: inherit pageview {route: /demo, path: /demo} @ https://va.vercel-scripts.com/v1/script.debug.js:0
[ 5237216ms] [LOG] %c[Vercel Web Analytics]%c [view] http://localhost:3000/demo color: rgb(120, 120, 120) color: inherit {o: http://localhost:3000/demo, sv: 0.1.3, sdkn: @vercel/analytics/nuxt, sdkv: 2.0.1, ts: 1788717809399} /_vercel/insights/view @ https://va.vercel-scripts.com/v1/script.debug.js:0
[ 5237452ms] [LOG] ✨ %cNuxt DevTools %c Press Shift + Option + D to open DevTools color: black; border-radius: 3px 0 0 3px; padding: 2px 2px 1px 10px; background: #00DC82 border-radius: 0 3px 3px 0; padding: 2px 10px 1px 2px; background: #00DC8220  @ http://localhost:3000/_nuxt/node_modules/.pnpm/@nuxt+devtools@3.2.4_supports-color@10.2.2_vite@7.3.2_@types+node@26.1.1_jiti@2.6.1_ter_28972f42c82fd27b0e3f96c17cda5782/node_modules/@nuxt/devtools/dist/runtime/plugins/devtools.client.js?v=4a573216:51
[ 5237658ms] Blocked a frame with origin "https://challenges.cloudflare.com" from accessing a frame with origin "http://localhost:3000".  The frame requesting access has a protocol of "https", the frame being accessed has a protocol of "http". Protocols must match.

    at unknown (https://challenges.cloudflare.com/cdn-cgi/challenge-platform/h/g/turnstile/f/av0/rch/rnzfq/0x4AAAAAADV3ju2YEd8uiR-k/dark/fbE/new/flexible?lang=auto:1:50159)
    at Ao (https://challenges.cloudflare.com/cdn-cgi/challenge-platform/h/g/turnstile/f/av0/rch/rnzfq/0x4AAAAAADV3ju2YEd8uiR-k/dark/fbE/new/flexible?lang=auto:1:110467)
    at uYERE (https://challenges.cloudflare.com/cdn-cgi/challenge-platform/h/g/turnstile/f/av0/rch/rnzfq/0x4AAAAAADV3ju2YEd8uiR-k/dark/fbE/new/flexible?lang=auto:1:230862)
    at Aj (https://challenges.cloudflare.com/cdn-cgi/challenge-platform/h/g/turnstile/f/av0/rch/rnzfq/0x4AAAAAADV3ju2YEd8uiR-k/dark/fbE/new/flexible?lang=auto:1:231944)
    at unknown (https://challenges.cloudflare.com/cdn-cgi/challenge-platform/h/g/turnstile/f/av0/rch/rnzfq/0x4AAAAAADV3ju2YEd8uiR-k/dark/fbE/new/flexible?lang=auto:1:49709)
    at Ao (https://challenges.cloudflare.com/cdn-cgi/challenge-platform/h/g/turnstile/f/av0/rch/rnzfq/0x4AAAAAADV3ju2YEd8uiR-k/dark/fbE/new/flexible?lang=auto:1:110467)
    at G (https://challenges.cloudflare.com/cdn-cgi/challenge-platform/h/g/turnstile/f/av0/rch/rnzfq/0x4AAAAAADV3ju2YEd8uiR-k/dark/fbE/new/flexible?lang=auto:1:66075)
    at Ae (https://challenges.cloudflare.com/cdn-cgi/challenge-platform/h/g/turnstile/f/av0/rch/rnzfq/0x4AAAAAADV3ju2YEd8uiR-k/dark/fbE/new/flexible?lang=auto:1:144953)
    at zlttn (https://challenges.cloudflare.com/cdn-cgi/challenge-platform/h/g/turnstile/f/av0/rch/rnzfq/0x4AAAAAADV3ju2YEd8uiR-k/dark/fbE/new/flexible?lang=auto:1:141476)
    at AH (https://challenges.cloudflare.com/cdn-cgi/challenge-platform/h/g/turnstile/f/av0/rch/rnzfq/0x4AAAAAADV3ju2YEd8uiR-k/dark/fbE/new/flexible?lang=auto:1:143646)
[ 5237815ms] [ERROR] Failed to load resource: the server responded with a status of 400 () @ https://challenges.cloudflare.com/cdn-cgi/challenge-platform/h/g/fo/777032624:1788714315:k_tbDmvXniKKiNH276r563LXswLxLahPEBF2Kf4AnGk/a36f6406c80b5b84/p4OF9YuBtO3jS53ELt9InTvpyijs9.uQ_b02YhtAMLw-1788717809-1.2.1.1-a.2ZO1kqZTfBW4.xT1wQPXuW1IVa_TBp_SldotXR2o2G8TvHwUAWnYPy_wm1KOXe:0
[ 5241571ms] [ERROR] WebSocket connection to 'ws://localhost:3000/_nuxt/?token=wFmRqMDhXOyk' failed: The network connection was lost. @ :0
[ 5241572ms] [LOG] [vite] server connection lost. Polling for restart... @ http://localhost:3000/_nuxt/@vite/client:864
[ 5242823ms] [ERROR] Failed to load resource: the server responded with a status of 503 (Service Unavailable) @ http://localhost:3000/demo:0
[ 5242878ms] [ERROR] Failed to load resource: the server responded with a status of 503 (Service Unavailable) @ http://localhost:3000/demo:0
[ 5244000ms] [ERROR] Failed to load resource: the server responded with a status of 503 (Service Unavailable) @ http://localhost:3000/demo:0
[ 5247850ms] [INFO] <Suspense> is an experimental feature and its API will likely change. @ http://localhost:3000/_nuxt/node_modules/.pnpm/@vue+runtime-core@3.5.33/node_modules/@vue/runtime-core/dist/runtime-core.esm-bundler.js?v=4a573216:7239
[ 5247988ms] [LOG] %c[Vercel Web Analytics]%c Debug mode is enabled by default in development. No requests will be sent to the server. color: rgb(120, 120, 120) color: inherit @ https://va.vercel-scripts.com/v1/script.debug.js:0
[ 5247989ms] [LOG] %c[Vercel Web Analytics]%c Running queued event color: rgb(120, 120, 120) color: inherit pageview {route: /demo, path: /demo} @ https://va.vercel-scripts.com/v1/script.debug.js:0
[ 5247991ms] [LOG] %c[Vercel Web Analytics]%c [view] http://localhost:3000/demo color: rgb(120, 120, 120) color: inherit {o: http://localhost:3000/demo, sv: 0.1.3, sdkn: @vercel/analytics/nuxt, sdkv: 2.0.1, ts: 1788717820173} /_vercel/insights/view @ https://va.vercel-scripts.com/v1/script.debug.js:0
[ 5248177ms] [LOG] ✨ %cNuxt DevTools %c Press Shift + Option + D to open DevTools color: black; border-radius: 3px 0 0 3px; padding: 2px 2px 1px 10px; background: #00DC82 border-radius: 0 3px 3px 0; padding: 2px 10px 1px 2px; background: #00DC8220  @ http://localhost:3000/_nuxt/node_modules/.pnpm/@nuxt+devtools@3.2.4_supports-color@10.2.2_vite@7.3.2_@types+node@26.1.1_jiti@2.6.1_ter_28972f42c82fd27b0e3f96c17cda5782/node_modules/@nuxt/devtools/dist/runtime/plugins/devtools.client.js?v=4a573216:51
[ 5248619ms] Blocked a frame with origin "https://challenges.cloudflare.com" from accessing a frame with origin "http://localhost:3000".  The frame requesting access has a protocol of "https", the frame being accessed has a protocol of "http". Protocols must match.

    at unknown (https://challenges.cloudflare.com/cdn-cgi/challenge-platform/h/g/turnstile/f/av0/rch/p71i4/0x4AAAAAADV3ju2YEd8uiR-k/dark/fbE/new/flexible?lang=auto:1:50892)
    at Ao (https://challenges.cloudflare.com/cdn-cgi/challenge-platform/h/g/turnstile/f/av0/rch/p71i4/0x4AAAAAADV3ju2YEd8uiR-k/dark/fbE/new/flexible?lang=auto:1:251115)
    at Aj (https://challenges.cloudflare.com/cdn-cgi/challenge-platform/h/g/turnstile/f/av0/rch/p71i4/0x4AAAAAADV3ju2YEd8uiR-k/dark/fbE/new/flexible?lang=auto:1:190467)
    at unknown (https://challenges.cloudflare.com/cdn-cgi/challenge-platform/h/g/turnstile/f/av0/rch/p71i4/0x4AAAAAADV3ju2YEd8uiR-k/dark/fbE/new/flexible?lang=auto:1:50442)
    at Ao (https://challenges.cloudflare.com/cdn-cgi/challenge-platform/h/g/turnstile/f/av0/rch/p71i4/0x4AAAAAADV3ju2YEd8uiR-k/dark/fbE/new/flexible?lang=auto:1:251115)
    at G (https://challenges.cloudflare.com/cdn-cgi/challenge-platform/h/g/turnstile/f/av0/rch/p71i4/0x4AAAAAADV3ju2YEd8uiR-k/dark/fbE/new/flexible?lang=auto:1:229456)
    at qHfJW (https://challenges.cloudflare.com/cdn-cgi/challenge-platform/h/g/turnstile/f/av0/rch/p71i4/0x4AAAAAADV3ju2YEd8uiR-k/dark/fbE/new/flexible?lang=auto:1:55790)
    at Ae (https://challenges.cloudflare.com/cdn-cgi/challenge-platform/h/g/turnstile/f/av0/rch/p71i4/0x4AAAAAADV3ju2YEd8uiR-k/dark/fbE/new/flexible?lang=auto:1:61710)
    at AH (https://challenges.cloudflare.com/cdn-cgi/challenge-platform/h/g/turnstile/f/av0/rch/p71i4/0x4AAAAAADV3ju2YEd8uiR-k/dark/fbE/new/flexible?lang=auto:1:58180)
[ 5248771ms] [ERROR] Failed to load resource: the server responded with a status of 400 () @ https://challenges.cloudflare.com/cdn-cgi/challenge-platform/h/g/fo/777032624:1788714315:k_tbDmvXniKKiNH276r563LXswLxLahPEBF2Kf4AnGk/a36f644afbdc5b84/7ZgLwK4wGxbgQRhTY5ZtBfiBji_mFzuwYZeaYspJrZE-1788717820-1.2.1.1-vgiyUzG0qpp_33x08.nwpCzyRi3DKzFTErUlJKAmtH1blqozlS57l6wxFb9MsGWq:0
[ 5258953ms] Blocked a frame with origin "https://challenges.cloudflare.com" from accessing a frame with origin "http://localhost:3000".  The frame requesting access has a protocol of "https", the frame being accessed has a protocol of "http". Protocols must match.

    at unknown (https://challenges.cloudflare.com/cdn-cgi/challenge-platform/h/g/turnstile/f/av0/rchYzU4gono0syfSatR32RUJo27z5W3Y_HYwqz.ySRwEiQ-1788717820-1.3.1.1-iN7f4UCHo7wFS.nM9UxgMrKyFQxXpIqMoT7Nls54Z1I/p71i4/0x4AAAAAADV3ju2YEd8uiR-k/dark/fbE/failure_retry/flexible?lang=auto:1:50867)
    at dz (https://challenges.cloudflare.com/cdn-cgi/challenge-platform/h/g/turnstile/f/av0/rchYzU4gono0syfSatR32RUJo27z5W3Y_HYwqz.ySRwEiQ-1788717820-1.3.1.1-iN7f4UCHo7wFS.nM9UxgMrKyFQxXpIqMoT7Nls54Z1I/p71i4/0x4AAAAAADV3ju2YEd8uiR-k/dark/fbE/failure_retry/flexible?lang=auto:1:136329)
    at NWsgO (https://challenges.cloudflare.com/cdn-cgi/challenge-platform/h/g/turnstile/f/av0/rchYzU4gono0syfSatR32RUJo27z5W3Y_HYwqz.ySRwEiQ-1788717820-1.3.1.1-iN7f4UCHo7wFS.nM9UxgMrKyFQxXpIqMoT7Nls54Z1I/p71i4/0x4AAAAAADV3ju2YEd8uiR-k/dark/fbE/failure_retry/flexible?lang=auto:1:143033)
    at dp (https://challenges.cloudflare.com/cdn-cgi/challenge-platform/h/g/turnstile/f/av0/rchYzU4gono0syfSatR32RUJo27z5W3Y_HYwqz.ySRwEiQ-1788717820-1.3.1.1-iN7f4UCHo7wFS.nM9UxgMrKyFQxXpIqMoT7Nls54Z1I/p71i4/0x4AAAAAADV3ju2YEd8uiR-k/dark/fbE/failure_retry/flexible?lang=auto:1:144173)
    at unknown (https://challenges.cloudflare.com/cdn-cgi/challenge-platform/h/g/turnstile/f/av0/rchYzU4gono0syfSatR32RUJo27z5W3Y_HYwqz.ySRwEiQ-1788717820-1.3.1.1-iN7f4UCHo7wFS.nM9UxgMrKyFQxXpIqMoT7Nls54Z1I/p71i4/0x4AAAAAADV3ju2YEd8uiR-k/dark/fbE/failure_retry/flexible?lang=auto:1:50417)
    at dz (https://challenges.cloudflare.com/cdn-cgi/challenge-platform/h/g/turnstile/f/av0/rchYzU4gono0syfSatR32RUJo27z5W3Y_HYwqz.ySRwEiQ-1788717820-1.3.1.1-iN7f4UCHo7wFS.nM9UxgMrKyFQxXpIqMoT7Nls54Z1I/p71i4/0x4AAAAAADV3ju2YEd8uiR-k/dark/fbE/failure_retry/flexible?lang=auto:1:136329)
    at gEDRY (https://challenges.cloudflare.com/cdn-cgi/challenge-platform/h/g/turnstile/f/av0/rchYzU4gono0syfSatR32RUJo27z5W3Y_HYwqz.ySRwEiQ-1788717820-1.3.1.1-iN7f4UCHo7wFS.nM9UxgMrKyFQxXpIqMoT7Nls54Z1I/p71i4/0x4AAAAAADV3ju2YEd8uiR-k/dark/fbE/failure_retry/flexible?lang=auto:1:226386)
    at R (https://challenges.cloudflare.com/cdn-cgi/challenge-platform/h/g/turnstile/f/av0/rchYzU4gono0syfSatR32RUJo27z5W3Y_HYwqz.ySRwEiQ-1788717820-1.3.1.1-iN7f4UCHo7wFS.nM9UxgMrKyFQxXpIqMoT7Nls54Z1I/p71i4/0x4AAAAAADV3ju2YEd8uiR-k/dark/fbE/failure_retry/flexible?lang=auto:1:234670)
    at LVMBm (https://challenges.cloudflare.com/cdn-cgi/challenge-platform/h/g/turnstile/f/av0/rchYzU4gono0syfSatR32RUJo27z5W3Y_HYwqz.ySRwEiQ-1788717820-1.3.1.1-iN7f4UCHo7wFS.nM9UxgMrKyFQxXpIqMoT7Nls54Z1I/p71i4/0x4AAAAAADV3ju2YEd8uiR-k/dark/fbE/failure_retry/flexible?lang=auto:1:159423)
    at dN (https://challenges.cloudflare.com/cdn-cgi/challenge-platform/h/g/turnstile/f/av0/rchYzU4gono0syfSatR32RUJo27z5W3Y_HYwqz.ySRwEiQ-1788717820-1.3.1.1-iN7f4UCHo7wFS.nM9UxgMrKyFQxXpIqMoT7Nls54Z1I/p71i4/0x4AAAAAADV3ju2YEd8uiR-k/dark/fbE/failure_retry/flexible?lang=auto:1:168339)
    at LVMBm (https://challenges.cloudflare.com/cdn-cgi/challenge-platform/h/g/turnstile/f/av0/rchYzU4gono0syfSatR32RUJo27z5W3Y_HYwqz.ySRwEiQ-1788717820-1.3.1.1-iN7f4UCHo7wFS.nM9UxgMrKyFQxXpIqMoT7Nls54Z1I/p71i4/0x4AAAAAADV3ju2YEd8uiR-k/dark/fbE/failure_retry/flexible?lang=auto:1:159423)
    at dq (https://challenges.cloudflare.com/cdn-cgi/challenge-platform/h/g/turnstile/f/av0/rchYzU4gono0syfSatR32RUJo27z5W3Y_HYwqz.ySRwEiQ-1788717820-1.3.1.1-iN7f4UCHo7wFS.nM9UxgMrKyFQxXpIqMoT7Nls54Z1I/p71i4/0x4AAAAAADV3ju2YEd8uiR-k/dark/fbE/failure_retry/flexible?lang=auto:1:162296)
[ 5259138ms] [ERROR] Failed to load resource: the server responded with a status of 400 () @ https://challenges.cloudflare.com/cdn-cgi/challenge-platform/h/g/fo/777032624:1788714315:k_tbDmvXniKKiNH276r563LXswLxLahPEBF2Kf4AnGk/a36f648bca425b84/MmAOB8NzXUEPzqN0qf2t0_siFs3PqLRczVB1AV1Nwcs-1788717831-1.2.1.1-.9LVXUqOm.l55_clAWy5iENmrNKgsTSdi00hhc1nc9BvPB0Ok8XKNpXpVq7zTiSP:0
[ 5269187ms] [ERROR] Unable to post message to https://challenges.cloudflare.com. Recipient has origin http://localhost:3000.
 @ https://challenges.cloudflare.com/turnstile/v0/g/330e41bb475c/api.js:1
[ 5269290ms] Blocked a frame with origin "https://challenges.cloudflare.com" from accessing a frame with origin "http://localhost:3000".  The frame requesting access has a protocol of "https", the frame being accessed has a protocol of "http". Protocols must match.

    at unknown (https://challenges.cloudflare.com/cdn-cgi/challenge-platform/h/g/turnstile/f/av0/rcheyH_.t2aKUtNqvuezY9jwpfzPEldA8N.6KUMS3GhflQ-1788717831-1.3.1.1-OBdfX1fOrx64qvozSCtqrBiI5HodteMK.y2NFIBzXoA/p71i4/0x4AAAAAADV3ju2YEd8uiR-k/dark/fbE/failure_retry/flexible?lang=auto:1:50328)
    at dz (https://challenges.cloudflare.com/cdn-cgi/challenge-platform/h/g/turnstile/f/av0/rcheyH_.t2aKUtNqvuezY9jwpfzPEldA8N.6KUMS3GhflQ-1788717831-1.3.1.1-OBdfX1fOrx64qvozSCtqrBiI5HodteMK.y2NFIBzXoA/p71i4/0x4AAAAAADV3ju2YEd8uiR-k/dark/fbE/failure_retry/flexible?lang=auto:1:169906)
    at dp (https://challenges.cloudflare.com/cdn-cgi/challenge-platform/h/g/turnstile/f/av0/rcheyH_.t2aKUtNqvuezY9jwpfzPEldA8N.6KUMS3GhflQ-1788717831-1.3.1.1-OBdfX1fOrx64qvozSCtqrBiI5HodteMK.y2NFIBzXoA/p71i4/0x4AAAAAADV3ju2YEd8uiR-k/dark/fbE/failure_retry/flexible?lang=auto:1:172362)
    at unknown (https://challenges.cloudflare.com/cdn-cgi/challenge-platform/h/g/turnstile/f/av0/rcheyH_.t2aKUtNqvuezY9jwpfzPEldA8N.6KUMS3GhflQ-1788717831-1.3.1.1-OBdfX1fOrx64qvozSCtqrBiI5HodteMK.y2NFIBzXoA/p71i4/0x4AAAAAADV3ju2YEd8uiR-k/dark/fbE/failure_retry/flexible?lang=auto:1:49878)
    at dz (https://challenges.cloudflare.com/cdn-cgi/challenge-platform/h/g/turnstile/f/av0/rcheyH_.t2aKUtNqvuezY9jwpfzPEldA8N.6KUMS3GhflQ-1788717831-1.3.1.1-OBdfX1fOrx64qvozSCtqrBiI5HodteMK.y2NFIBzXoA/p71i4/0x4AAAAAADV3ju2YEd8uiR-k/dark/fbE/failure_retry/flexible?lang=auto:1:169906)
    at R (https://challenges.cloudflare.com/cdn-cgi/challenge-platform/h/g/turnstile/f/av0/rcheyH_.t2aKUtNqvuezY9jwpfzPEldA8N.6KUMS3GhflQ-1788717831-1.3.1.1-OBdfX1fOrx64qvozSCtqrBiI5HodteMK.y2NFIBzXoA/p71i4/0x4AAAAAADV3ju2YEd8uiR-k/dark/fbE/failure_retry/flexible?lang=auto:1:239744)
    at ROQle (https://challenges.cloudflare.com/cdn-cgi/challenge-platform/h/g/turnstile/f/av0/rcheyH_.t2aKUtNqvuezY9jwpfzPEldA8N.6KUMS3GhflQ-1788717831-1.3.1.1-OBdfX1fOrx64qvozSCtqrBiI5HodteMK.y2NFIBzXoA/p71i4/0x4AAAAAADV3ju2YEd8uiR-k/dark/fbE/failure_retry/flexible?lang=auto:1:59790)
    at dN (https://challenges.cloudflare.com/cdn-cgi/challenge-platform/h/g/turnstile/f/av0/rcheyH_.t2aKUtNqvuezY9jwpfzPEldA8N.6KUMS3GhflQ-1788717831-1.3.1.1-OBdfX1fOrx64qvozSCtqrBiI5HodteMK.y2NFIBzXoA/p71i4/0x4AAAAAADV3ju2YEd8uiR-k/dark/fbE/failure_retry/flexible?lang=auto:1:64334)
    at dq (https://challenges.cloudflare.com/cdn-cgi/challenge-platform/h/g/turnstile/f/av0/rcheyH_.t2aKUtNqvuezY9jwpfzPEldA8N.6KUMS3GhflQ-1788717831-1.3.1.1-OBdfX1fOrx64qvozSCtqrBiI5HodteMK.y2NFIBzXoA/p71i4/0x4AAAAAADV3ju2YEd8uiR-k/dark/fbE/failure_retry/flexible?lang=auto:1:62062)
[ 5269447ms] [ERROR] Failed to load resource: the server responded with a status of 400 () @ https://challenges.cloudflare.com/cdn-cgi/challenge-platform/h/g/fo/777032624:1788714315:k_tbDmvXniKKiNH276r563LXswLxLahPEBF2Kf4AnGk/a36f64cc9de65b84/oXe_THSkq3ewy.UfRukDoUvXCIz6.w_QKj6RxjwkZ9I-1788717841-1.2.1.1-wq7luyz18QVuDcW9T3OtBNfOxjZBvDyLni2hGicsmGI1bGs9n2oxEHfu4HtTiLb1:0
[ 5279582ms] Blocked a frame with origin "https://challenges.cloudflare.com" from accessing a frame with origin "http://localhost:3000".  The frame requesting access has a protocol of "https", the frame being accessed has a protocol of "http". Protocols must match.

    at unknown (https://challenges.cloudflare.com/cdn-cgi/challenge-platform/h/g/turnstile/f/av0/rchmpnZoL1SNZgbbezLEJvQu0MDdqcLJYOjvtv2liQSAiw-1788717841-1.3.1.1-NIlFotRLVSszTtDQ1GqBuRiRMzcz_rcKnOCaeA9tAkk/p71i4/0x4AAAAAADV3ju2YEd8uiR-k/dark/fbE/failure_retry/flexible?lang=auto:1:51350)
    at dC (https://challenges.cloudflare.com/cdn-cgi/challenge-platform/h/g/turnstile/f/av0/rchmpnZoL1SNZgbbezLEJvQu0MDdqcLJYOjvtv2liQSAiw-1788717841-1.3.1.1-NIlFotRLVSszTtDQ1GqBuRiRMzcz_rcKnOCaeA9tAkk/p71i4/0x4AAAAAADV3ju2YEd8uiR-k/dark/fbE/failure_retry/flexible?lang=auto:1:102441)
    at df (https://challenges.cloudflare.com/cdn-cgi/challenge-platform/h/g/turnstile/f/av0/rchmpnZoL1SNZgbbezLEJvQu0MDdqcLJYOjvtv2liQSAiw-1788717841-1.3.1.1-NIlFotRLVSszTtDQ1GqBuRiRMzcz_rcKnOCaeA9tAkk/p71i4/0x4AAAAAADV3ju2YEd8uiR-k/dark/fbE/failure_retry/flexible?lang=auto:1:184890)
    at unknown (https://challenges.cloudflare.com/cdn-cgi/challenge-platform/h/g/turnstile/f/av0/rchmpnZoL1SNZgbbezLEJvQu0MDdqcLJYOjvtv2liQSAiw-1788717841-1.3.1.1-NIlFotRLVSszTtDQ1GqBuRiRMzcz_rcKnOCaeA9tAkk/p71i4/0x4AAAAAADV3ju2YEd8uiR-k/dark/fbE/failure_retry/flexible?lang=auto:1:50900)
    at dC (https://challenges.cloudflare.com/cdn-cgi/challenge-platform/h/g/turnstile/f/av0/rchmpnZoL1SNZgbbezLEJvQu0MDdqcLJYOjvtv2liQSAiw-1788717841-1.3.1.1-NIlFotRLVSszTtDQ1GqBuRiRMzcz_rcKnOCaeA9tAkk/p71i4/0x4AAAAAADV3ju2YEd8uiR-k/dark/fbE/failure_retry/flexible?lang=auto:1:102441)
    at dgoaW (https://challenges.cloudflare.com/cdn-cgi/challenge-platform/h/g/turnstile/f/av0/rchmpnZoL1SNZgbbezLEJvQu0MDdqcLJYOjvtv2liQSAiw-1788717841-1.3.1.1-NIlFotRLVSszTtDQ1GqBuRiRMzcz_rcKnOCaeA9tAkk/p71i4/0x4AAAAAADV3ju2YEd8uiR-k/dark/fbE/failure_retry/flexible?lang=auto:1:229202)
    at Z (https://challenges.cloudflare.com/cdn-cgi/challenge-platform/h/g/turnstile/f/av0/rchmpnZoL1SNZgbbezLEJvQu0MDdqcLJYOjvtv2liQSAiw-1788717841-1.3.1.1-NIlFotRLVSszTtDQ1GqBuRiRMzcz_rcKnOCaeA9tAkk/p71i4/0x4AAAAAADV3ju2YEd8uiR-k/dark/fbE/failure_retry/flexible?lang=auto:1:237628)
    at dN (https://challenges.cloudflare.com/cdn-cgi/challenge-platform/h/g/turnstile/f/av0/rchmpnZoL1SNZgbbezLEJvQu0MDdqcLJYOjvtv2liQSAiw-1788717841-1.3.1.1-NIlFotRLVSszTtDQ1GqBuRiRMzcz_rcKnOCaeA9tAkk/p71i4/0x4AAAAAADV3ju2YEd8uiR-k/dark/fbE/failure_retry/flexible?lang=auto:1:168229)
    at GoGRy (https://challenges.cloudflare.com/cdn-cgi/challenge-platform/h/g/turnstile/f/av0/rchmpnZoL1SNZgbbezLEJvQu0MDdqcLJYOjvtv2liQSAiw-1788717841-1.3.1.1-NIlFotRLVSszTtDQ1GqBuRiRMzcz_rcKnOCaeA9tAkk/p71i4/0x4AAAAAADV3ju2YEd8uiR-k/dark/fbE/failure_retry/flexible?lang=auto:1:162166)
    at dq (https://challenges.cloudflare.com/cdn-cgi/challenge-platform/h/g/turnstile/f/av0/rchmpnZoL1SNZgbbezLEJvQu0MDdqcLJYOjvtv2liQSAiw-1788717841-1.3.1.1-NIlFotRLVSszTtDQ1GqBuRiRMzcz_rcKnOCaeA9tAkk/p71i4/0x4AAAAAADV3ju2YEd8uiR-k/dark/fbE/failure_retry/flexible?lang=auto:1:165032)
[ 5279731ms] [ERROR] Failed to load resource: the server responded with a status of 400 () @ https://challenges.cloudflare.com/cdn-cgi/challenge-platform/h/g/fo/777032624:1788714315:k_tbDmvXniKKiNH276r563LXswLxLahPEBF2Kf4AnGk/a36f650cfe325b84/DHtq0SdjB9NdSF_fsMc1Mz.QNfl.X_caC2KVecZXEog-1788717851-1.2.1.1-5PqWAxRowmeztaui3brsYhSeRw7dPdcNDUNbeuYC1O2AO6bFsC9l2av9Wd7h7t1j:0
[ 5289886ms] Blocked a frame with origin "https://challenges.cloudflare.com" from accessing a frame with origin "http://localhost:3000".  The frame requesting access has a protocol of "https", the frame being accessed has a protocol of "http". Protocols must match.

    at unknown (https://challenges.cloudflare.com/cdn-cgi/challenge-platform/h/g/turnstile/f/av0/rch2kt1hMoR5EV_5Cfc_5r6Fcv4_WyTXnC6DjNTP93dQWg-1788717851-1.3.1.1-H6o0.6wvT1oag0fG2Lx_24XQnipSGKHS22GiBp9usWw/p71i4/0x4AAAAAADV3ju2YEd8uiR-k/dark/fbE/failure_retry/flexible?lang=auto:1:51299)
    at dz (https://challenges.cloudflare.com/cdn-cgi/challenge-platform/h/g/turnstile/f/av0/rch2kt1hMoR5EV_5Cfc_5r6Fcv4_WyTXnC6DjNTP93dQWg-1788717851-1.3.1.1-H6o0.6wvT1oag0fG2Lx_24XQnipSGKHS22GiBp9usWw/p71i4/0x4AAAAAADV3ju2YEd8uiR-k/dark/fbE/failure_retry/flexible?lang=auto:1:208463)
    at dp (https://challenges.cloudflare.com/cdn-cgi/challenge-platform/h/g/turnstile/f/av0/rch2kt1hMoR5EV_5Cfc_5r6Fcv4_WyTXnC6DjNTP93dQWg-1788717851-1.3.1.1-H6o0.6wvT1oag0fG2Lx_24XQnipSGKHS22GiBp9usWw/p71i4/0x4AAAAAADV3ju2YEd8uiR-k/dark/fbE/failure_retry/flexible?lang=auto:1:185655)
    at unknown (https://challenges.cloudflare.com/cdn-cgi/challenge-platform/h/g/turnstile/f/av0/rch2kt1hMoR5EV_5Cfc_5r6Fcv4_WyTXnC6DjNTP93dQWg-1788717851-1.3.1.1-H6o0.6wvT1oag0fG2Lx_24XQnipSGKHS22GiBp9usWw/p71i4/0x4AAAAAADV3ju2YEd8uiR-k/dark/fbE/failure_retry/flexible?lang=auto:1:50849)
    at dz (https://challenges.cloudflare.com/cdn-cgi/challenge-platform/h/g/turnstile/f/av0/rch2kt1hMoR5EV_5Cfc_5r6Fcv4_WyTXnC6DjNTP93dQWg-1788717851-1.3.1.1-H6o0.6wvT1oag0fG2Lx_24XQnipSGKHS22GiBp9usWw/p71i4/0x4AAAAAADV3ju2YEd8uiR-k/dark/fbE/failure_retry/flexible?lang=auto:1:208463)
    at KlSkI (https://challenges.cloudflare.com/cdn-cgi/challenge-platform/h/g/turnstile/f/av0/rch2kt1hMoR5EV_5Cfc_5r6Fcv4_WyTXnC6DjNTP93dQWg-1788717851-1.3.1.1-H6o0.6wvT1oag0fG2Lx_24XQnipSGKHS22GiBp9usWw/p71i4/0x4AAAAAADV3ju2YEd8uiR-k/dark/fbE/failure_retry/flexible?lang=auto:1:143404)
    at R (https://challenges.cloudflare.com/cdn-cgi/challenge-platform/h/g/turnstile/f/av0/rch2kt1hMoR5EV_5Cfc_5r6Fcv4_WyTXnC6DjNTP93dQWg-1788717851-1.3.1.1-H6o0.6wvT1oag0fG2Lx_24XQnipSGKHS22GiBp9usWw/p71i4/0x4AAAAAADV3ju2YEd8uiR-k/dark/fbE/failure_retry/flexible?lang=auto:1:151978)
    at dN (https://challenges.cloudflare.com/cdn-cgi/challenge-platform/h/g/turnstile/f/av0/rch2kt1hMoR5EV_5Cfc_5r6Fcv4_WyTXnC6DjNTP93dQWg-1788717851-1.3.1.1-H6o0.6wvT1oag0fG2Lx_24XQnipSGKHS22GiBp9usWw/p71i4/0x4AAAAAADV3ju2YEd8uiR-k/dark/fbE/failure_retry/flexible?lang=auto:1:83350)
    at sbMej (https://challenges.cloudflare.com/cdn-cgi/challenge-platform/h/g/turnstile/f/av0/rch2kt1hMoR5EV_5Cfc_5r6Fcv4_WyTXnC6DjNTP93dQWg-1788717851-1.3.1.1-H6o0.6wvT1oag0fG2Lx_24XQnipSGKHS22GiBp9usWw/p71i4/0x4AAAAAADV3ju2YEd8uiR-k/dark/fbE/failure_retry/flexible?lang=auto:1:76725)
    at dq (https://challenges.cloudflare.com/cdn-cgi/challenge-platform/h/g/turnstile/f/av0/rch2kt1hMoR5EV_5Cfc_5r6Fcv4_WyTXnC6DjNTP93dQWg-1788717851-1.3.1.1-H6o0.6wvT1oag0fG2Lx_24XQnipSGKHS22GiBp9usWw/p71i4/0x4AAAAAADV3ju2YEd8uiR-k/dark/fbE/failure_retry/flexible?lang=auto:1:78476)
[ 5290039ms] [ERROR] Failed to load resource: the server responded with a status of 400 () @ https://challenges.cloudflare.com/cdn-cgi/challenge-platform/h/g/fo/777032624:1788714315:k_tbDmvXniKKiNH276r563LXswLxLahPEBF2Kf4AnGk/a36f654d4e225b84/PpbY92yqInYj9sk1ReRH3XZHzAj0kH24tRjnGUVqWSw-1788717861-1.2.1.1-qBvMI8tRvp8HoIQhjn_fEzo_y0VU6PTeaQqvExNul5ZwxXkLiJo5HJjsCND4jSjK:0
[ 7033482ms] Blocked a frame with origin "https://challenges.cloudflare.com" from accessing a frame with origin "http://localhost:3000".  The frame requesting access has a protocol of "https", the frame being accessed has a protocol of "http". Protocols must match.

    at unknown (https://challenges.cloudflare.com/cdn-cgi/challenge-platform/h/g/turnstile/f/av0/rch_kFTYkrgg8MlQX8ZPZMMw4ELx2PriasaC.LTij9tpwA-1788717861-1.3.1.1-7lnbbQo38UiFU7hUnplnWKYf9fKi9EMdB6vftD2YExY/p71i4/0x4AAAAAADV3ju2YEd8uiR-k/dark/fbE/failure_retry/flexible?lang=auto:1:52398)
    at jc (https://challenges.cloudflare.com/cdn-cgi/challenge-platform/h/g/turnstile/f/av0/rch_kFTYkrgg8MlQX8ZPZMMw4ELx2PriasaC.LTij9tpwA-1788717861-1.3.1.1-7lnbbQo38UiFU7hUnplnWKYf9fKi9EMdB6vftD2YExY/p71i4/0x4AAAAAADV3ju2YEd8uiR-k/dark/fbE/failure_retry/flexible?lang=auto:1:186972)
    at jo (https://challenges.cloudflare.com/cdn-cgi/challenge-platform/h/g/turnstile/f/av0/rch_kFTYkrgg8MlQX8ZPZMMw4ELx2PriasaC.LTij9tpwA-1788717861-1.3.1.1-7lnbbQo38UiFU7hUnplnWKYf9fKi9EMdB6vftD2YExY/p71i4/0x4AAAAAADV3ju2YEd8uiR-k/dark/fbE/failure_retry/flexible?lang=auto:1:136115)
    at unknown (https://challenges.cloudflare.com/cdn-cgi/challenge-platform/h/g/turnstile/f/av0/rch_kFTYkrgg8MlQX8ZPZMMw4ELx2PriasaC.LTij9tpwA-1788717861-1.3.1.1-7lnbbQo38UiFU7hUnplnWKYf9fKi9EMdB6vftD2YExY/p71i4/0x4AAAAAADV3ju2YEd8uiR-k/dark/fbE/failure_retry/flexible?lang=auto:1:51946)
    at jc (https://challenges.cloudflare.com/cdn-cgi/challenge-platform/h/g/turnstile/f/av0/rch_kFTYkrgg8MlQX8ZPZMMw4ELx2PriasaC.LTij9tpwA-1788717861-1.3.1.1-7lnbbQo38UiFU7hUnplnWKYf9fKi9EMdB6vftD2YExY/p71i4/0x4AAAAAADV3ju2YEd8uiR-k/dark/fbE/failure_retry/flexible?lang=auto:1:186972)
    at oc (https://challenges.cloudflare.com/cdn-cgi/challenge-platform/h/g/turnstile/f/av0/rch_kFTYkrgg8MlQX8ZPZMMw4ELx2PriasaC.LTij9tpwA-1788717861-1.3.1.1-7lnbbQo38UiFU7hUnplnWKYf9fKi9EMdB6vftD2YExY/p71i4/0x4AAAAAADV3ju2YEd8uiR-k/dark/fbE/failure_retry/flexible?lang=auto:1:236755)
    at ji (https://challenges.cloudflare.com/cdn-cgi/challenge-platform/h/g/turnstile/f/av0/rch_kFTYkrgg8MlQX8ZPZMMw4ELx2PriasaC.LTij9tpwA-1788717861-1.3.1.1-7lnbbQo38UiFU7hUnplnWKYf9fKi9EMdB6vftD2YExY/p71i4/0x4AAAAAADV3ju2YEd8uiR-k/dark/fbE/failure_retry/flexible?lang=auto:1:194455)
    at jZ (https://challenges.cloudflare.com/cdn-cgi/challenge-platform/h/g/turnstile/f/av0/rch_kFTYkrgg8MlQX8ZPZMMw4ELx2PriasaC.LTij9tpwA-1788717861-1.3.1.1-7lnbbQo38UiFU7hUnplnWKYf9fKi9EMdB6vftD2YExY/p71i4/0x4AAAAAADV3ju2YEd8uiR-k/dark/fbE/failure_retry/flexible?lang=auto:1:192719)
[ 7033641ms] [ERROR] Failed to load resource: the server responded with a status of 400 () @ https://challenges.cloudflare.com/cdn-cgi/challenge-platform/h/g/fo/4125242364:1788717917:pY_bhOzLLTwfgJ6CgzPK4ZbxGYnVToK_BTfcGbW7vCg/a36f8fdf2ef627b8/eYYsYXKKktaKKWxITgaUScWw42Veh.VoxoghiXsTCus-1788719605-1.2.1.1-vOLQdIswWjC69Fj7L3UGG2iVjbzupZsP3UieVuIwUiKk6FjxlkMI9nqa1VP31_rb:0
[ 7043753ms] Blocked a frame with origin "https://challenges.cloudflare.com" from accessing a frame with origin "http://localhost:3000".  The frame requesting access has a protocol of "https", the frame being accessed has a protocol of "http". Protocols must match.

    at unknown (https://challenges.cloudflare.com/cdn-cgi/challenge-platform/h/g/turnstile/f/av0/rchko3qYqxbqblaZgARCLOvpHpdLJz1dJuyFXA7PVjlPFA-1788719605-1.3.1.1-JXbyF8vdSwNHzphHUOSXUaGDWuqy3F7zyYXaPZsri1o/p71i4/0x4AAAAAADV3ju2YEd8uiR-k/dark/fbE/failure_retry/flexible?lang=auto:1:52355)
    at jc (https://challenges.cloudflare.com/cdn-cgi/challenge-platform/h/g/turnstile/f/av0/rchko3qYqxbqblaZgARCLOvpHpdLJz1dJuyFXA7PVjlPFA-1788719605-1.3.1.1-JXbyF8vdSwNHzphHUOSXUaGDWuqy3F7zyYXaPZsri1o/p71i4/0x4AAAAAADV3ju2YEd8uiR-k/dark/fbE/failure_retry/flexible?lang=auto:1:69232)
    at jo (https://challenges.cloudflare.com/cdn-cgi/challenge-platform/h/g/turnstile/f/av0/rchko3qYqxbqblaZgARCLOvpHpdLJz1dJuyFXA7PVjlPFA-1788719605-1.3.1.1-JXbyF8vdSwNHzphHUOSXUaGDWuqy3F7zyYXaPZsri1o/p71i4/0x4AAAAAADV3ju2YEd8uiR-k/dark/fbE/failure_retry/flexible?lang=auto:1:180757)
    at unknown (https://challenges.cloudflare.com/cdn-cgi/challenge-platform/h/g/turnstile/f/av0/rchko3qYqxbqblaZgARCLOvpHpdLJz1dJuyFXA7PVjlPFA-1788719605-1.3.1.1-JXbyF8vdSwNHzphHUOSXUaGDWuqy3F7zyYXaPZsri1o/p71i4/0x4AAAAAADV3ju2YEd8uiR-k/dark/fbE/failure_retry/flexible?lang=auto:1:51903)
    at jc (https://challenges.cloudflare.com/cdn-cgi/challenge-platform/h/g/turnstile/f/av0/rchko3qYqxbqblaZgARCLOvpHpdLJz1dJuyFXA7PVjlPFA-1788719605-1.3.1.1-JXbyF8vdSwNHzphHUOSXUaGDWuqy3F7zyYXaPZsri1o/p71i4/0x4AAAAAADV3ju2YEd8uiR-k/dark/fbE/failure_retry/flexible?lang=auto:1:69232)
    at KRYbp (https://challenges.cloudflare.com/cdn-cgi/challenge-platform/h/g/turnstile/f/av0/rchko3qYqxbqblaZgARCLOvpHpdLJz1dJuyFXA7PVjlPFA-1788719605-1.3.1.1-JXbyF8vdSwNHzphHUOSXUaGDWuqy3F7zyYXaPZsri1o/p71i4/0x4AAAAAADV3ju2YEd8uiR-k/dark/fbE/failure_retry/flexible?lang=auto:1:122257)
    at oc (https://challenges.cloudflare.com/cdn-cgi/challenge-platform/h/g/turnstile/f/av0/rchko3qYqxbqblaZgARCLOvpHpdLJz1dJuyFXA7PVjlPFA-1788719605-1.3.1.1-JXbyF8vdSwNHzphHUOSXUaGDWuqy3F7zyYXaPZsri1o/p71i4/0x4AAAAAADV3ju2YEd8uiR-k/dark/fbE/failure_retry/flexible?lang=auto:1:130576)
    at RYEIX (https://challenges.cloudflare.com/cdn-cgi/challenge-platform/h/g/turnstile/f/av0/rchko3qYqxbqblaZgARCLOvpHpdLJz1dJuyFXA7PVjlPFA-1788719605-1.3.1.1-JXbyF8vdSwNHzphHUOSXUaGDWuqy3F7zyYXaPZsri1o/p71i4/0x4AAAAAADV3ju2YEd8uiR-k/dark/fbE/failure_retry/flexible?lang=auto:1:230219)
    at ji (https://challenges.cloudflare.com/cdn-cgi/challenge-platform/h/g/turnstile/f/av0/rchko3qYqxbqblaZgARCLOvpHpdLJz1dJuyFXA7PVjlPFA-1788719605-1.3.1.1-JXbyF8vdSwNHzphHUOSXUaGDWuqy3F7zyYXaPZsri1o/p71i4/0x4AAAAAADV3ju2YEd8uiR-k/dark/fbE/failure_retry/flexible?lang=auto:1:237788)
    at jZ (https://challenges.cloudflare.com/cdn-cgi/challenge-platform/h/g/turnstile/f/av0/rchko3qYqxbqblaZgARCLOvpHpdLJz1dJuyFXA7PVjlPFA-1788719605-1.3.1.1-JXbyF8vdSwNHzphHUOSXUaGDWuqy3F7zyYXaPZsri1o/p71i4/0x4AAAAAADV3ju2YEd8uiR-k/dark/fbE/failure_retry/flexible?lang=auto:1:232463)
[ 7043906ms] [ERROR] Failed to load resource: the server responded with a status of 400 () @ https://challenges.cloudflare.com/cdn-cgi/challenge-platform/h/g/fo/4125242364:1788717917:pY_bhOzLLTwfgJ6CgzPK4ZbxGYnVToK_BTfcGbW7vCg/a36f901f9c3127b8/cy8sXN7G4Zw38MZTBuByWZkEhZ4aydZT2F8TeuyAysM-1788719615-1.2.1.1-b6gR7jyOnDza7VuLm5U6w0mG5BzG3AYImNR4kHgq3BeZGM_BWMOWgKzRHhyKpJI3:0
[ 7053952ms] [ERROR] Unable to post message to https://challenges.cloudflare.com. Recipient has origin http://localhost:3000.
 @ https://challenges.cloudflare.com/turnstile/v0/g/330e41bb475c/api.js:1
[ 7054117ms] Blocked a frame with origin "https://challenges.cloudflare.com" from accessing a frame with origin "http://localhost:3000".  The frame requesting access has a protocol of "https", the frame being accessed has a protocol of "http". Protocols must match.

    at unknown (https://challenges.cloudflare.com/cdn-cgi/challenge-platform/h/g/turnstile/f/av0/rch4Va2tNDFBtueO9CzPX562PiijCUX6ImGq_LL6wZM4E0-1788719615-1.3.1.1-MVNhYq51h.1ug7OxAWkB4qrQIQvc4rgyvxadBFnGLa8/p71i4/0x4AAAAAADV3ju2YEd8uiR-k/dark/fbE/failure_retry/flexible?lang=auto:1:51248)
    at FJ (https://challenges.cloudflare.com/cdn-cgi/challenge-platform/h/g/turnstile/f/av0/rch4Va2tNDFBtueO9CzPX562PiijCUX6ImGq_LL6wZM4E0-1788719615-1.3.1.1-MVNhYq51h.1ug7OxAWkB4qrQIQvc4rgyvxadBFnGLa8/p71i4/0x4AAAAAADV3ju2YEd8uiR-k/dark/fbE/failure_retry/flexible?lang=auto:1:238313)
    at FS (https://challenges.cloudflare.com/cdn-cgi/challenge-platform/h/g/turnstile/f/av0/rch4Va2tNDFBtueO9CzPX562PiijCUX6ImGq_LL6wZM4E0-1788719615-1.3.1.1-MVNhYq51h.1ug7OxAWkB4qrQIQvc4rgyvxadBFnGLa8/p71i4/0x4AAAAAADV3ju2YEd8uiR-k/dark/fbE/failure_retry/flexible?lang=auto:1:108432)
    at unknown (https://challenges.cloudflare.com/cdn-cgi/challenge-platform/h/g/turnstile/f/av0/rch4Va2tNDFBtueO9CzPX562PiijCUX6ImGq_LL6wZM4E0-1788719615-1.3.1.1-MVNhYq51h.1ug7OxAWkB4qrQIQvc4rgyvxadBFnGLa8/p71i4/0x4AAAAAADV3ju2YEd8uiR-k/dark/fbE/failure_retry/flexible?lang=auto:1:50796)
    at FJ (https://challenges.cloudflare.com/cdn-cgi/challenge-platform/h/g/turnstile/f/av0/rch4Va2tNDFBtueO9CzPX562PiijCUX6ImGq_LL6wZM4E0-1788719615-1.3.1.1-MVNhYq51h.1ug7OxAWkB4qrQIQvc4rgyvxadBFnGLa8/p71i4/0x4AAAAAADV3ju2YEd8uiR-k/dark/fbE/failure_retry/flexible?lang=auto:1:238313)
    at SJ (https://challenges.cloudflare.com/cdn-cgi/challenge-platform/h/g/turnstile/f/av0/rch4Va2tNDFBtueO9CzPX562PiijCUX6ImGq_LL6wZM4E0-1788719615-1.3.1.1-MVNhYq51h.1ug7OxAWkB4qrQIQvc4rgyvxadBFnGLa8/p71i4/0x4AAAAAADV3ju2YEd8uiR-k/dark/fbE/failure_retry/flexible?lang=auto:1:137338)
    at Fm (https://challenges.cloudflare.com/cdn-cgi/challenge-platform/h/g/turnstile/f/av0/rch4Va2tNDFBtueO9CzPX562PiijCUX6ImGq_LL6wZM4E0-1788719615-1.3.1.1-MVNhYq51h.1ug7OxAWkB4qrQIQvc4rgyvxadBFnGLa8/p71i4/0x4AAAAAADV3ju2YEd8uiR-k/dark/fbE/failure_retry/flexible?lang=auto:1:156637)
    at Fx (https://challenges.cloudflare.com/cdn-cgi/challenge-platform/h/g/turnstile/f/av0/rch4Va2tNDFBtueO9CzPX562PiijCUX6ImGq_LL6wZM4E0-1788719615-1.3.1.1-MVNhYq51h.1ug7OxAWkB4qrQIQvc4rgyvxadBFnGLa8/p71i4/0x4AAAAAADV3ju2YEd8uiR-k/dark/fbE/failure_retry/flexible?lang=auto:1:154619)
[ 7054281ms] [ERROR] Failed to load resource: the server responded with a status of 400 () @ https://challenges.cloudflare.com/cdn-cgi/challenge-platform/h/g/fo/4125242364:1788717917:pY_bhOzLLTwfgJ6CgzPK4ZbxGYnVToK_BTfcGbW7vCg/a36f905fec3327b8/a0G28WakilI40Vh5d89QJ_G6rvClTn4mnN75kL675Us-1788719626-1.2.1.1-XCoy_HGwNAhYBisxI9DKDCOghWQifzmXs4Jv0rjy0jjJ.4jFlKTEcuO4bRoj9X8Q:0
[ 7064426ms] Blocked a frame with origin "https://challenges.cloudflare.com" from accessing a frame with origin "http://localhost:3000".  The frame requesting access has a protocol of "https", the frame being accessed has a protocol of "http". Protocols must match.

    at unknown (https://challenges.cloudflare.com/cdn-cgi/challenge-platform/h/g/turnstile/f/av0/rch0_.xK3kwSLCTgzu4AyO1V5g5uwKBNutgMkfKX2ifdps-1788719626-1.3.1.1-oYJxIuDYOQgp65p2hgzUqEGv4OUuluAR3Lsg99mLTA4/p71i4/0x4AAAAAADV3ju2YEd8uiR-k/dark/fbE/failure_retry/flexible?lang=auto:1:51484)
    at jc (https://challenges.cloudflare.com/cdn-cgi/challenge-platform/h/g/turnstile/f/av0/rch0_.xK3kwSLCTgzu4AyO1V5g5uwKBNutgMkfKX2ifdps-1788719626-1.3.1.1-oYJxIuDYOQgp65p2hgzUqEGv4OUuluAR3Lsg99mLTA4/p71i4/0x4AAAAAADV3ju2YEd8uiR-k/dark/fbE/failure_retry/flexible?lang=auto:1:55037)
    at ISVof (https://challenges.cloudflare.com/cdn-cgi/challenge-platform/h/g/turnstile/f/av0/rch0_.xK3kwSLCTgzu4AyO1V5g5uwKBNutgMkfKX2ifdps-1788719626-1.3.1.1-oYJxIuDYOQgp65p2hgzUqEGv4OUuluAR3Lsg99mLTA4/p71i4/0x4AAAAAADV3ju2YEd8uiR-k/dark/fbE/failure_retry/flexible?lang=auto:1:62789)
    at jo (https://challenges.cloudflare.com/cdn-cgi/challenge-platform/h/g/turnstile/f/av0/rch0_.xK3kwSLCTgzu4AyO1V5g5uwKBNutgMkfKX2ifdps-1788719626-1.3.1.1-oYJxIuDYOQgp65p2hgzUqEGv4OUuluAR3Lsg99mLTA4/p71i4/0x4AAAAAADV3ju2YEd8uiR-k/dark/fbE/failure_retry/flexible?lang=auto:1:64009)
    at unknown (https://challenges.cloudflare.com/cdn-cgi/challenge-platform/h/g/turnstile/f/av0/rch0_.xK3kwSLCTgzu4AyO1V5g5uwKBNutgMkfKX2ifdps-1788719626-1.3.1.1-oYJxIuDYOQgp65p2hgzUqEGv4OUuluAR3Lsg99mLTA4/p71i4/0x4AAAAAADV3ju2YEd8uiR-k/dark/fbE/failure_retry/flexible?lang=auto:1:51032)
    at jc (https://challenges.cloudflare.com/cdn-cgi/challenge-platform/h/g/turnstile/f/av0/rch0_.xK3kwSLCTgzu4AyO1V5g5uwKBNutgMkfKX2ifdps-1788719626-1.3.1.1-oYJxIuDYOQgp65p2hgzUqEGv4OUuluAR3Lsg99mLTA4/p71i4/0x4AAAAAADV3ju2YEd8uiR-k/dark/fbE/failure_retry/flexible?lang=auto:1:55037)
    at oc (https://challenges.cloudflare.com/cdn-cgi/challenge-platform/h/g/turnstile/f/av0/rch0_.xK3kwSLCTgzu4AyO1V5g5uwKBNutgMkfKX2ifdps-1788719626-1.3.1.1-oYJxIuDYOQgp65p2hgzUqEGv4OUuluAR3Lsg99mLTA4/p71i4/0x4AAAAAADV3ju2YEd8uiR-k/dark/fbE/failure_retry/flexible?lang=auto:1:229360)
    at ji (https://challenges.cloudflare.com/cdn-cgi/challenge-platform/h/g/turnstile/f/av0/rch0_.xK3kwSLCTgzu4AyO1V5g5uwKBNutgMkfKX2ifdps-1788719626-1.3.1.1-oYJxIuDYOQgp65p2hgzUqEGv4OUuluAR3Lsg99mLTA4/p71i4/0x4AAAAAADV3ju2YEd8uiR-k/dark/fbE/failure_retry/flexible?lang=auto:1:244768)
    at jZ (https://challenges.cloudflare.com/cdn-cgi/challenge-platform/h/g/turnstile/f/av0/rch0_.xK3kwSLCTgzu4AyO1V5g5uwKBNutgMkfKX2ifdps-1788719626-1.3.1.1-oYJxIuDYOQgp65p2hgzUqEGv4OUuluAR3Lsg99mLTA4/p71i4/0x4AAAAAADV3ju2YEd8uiR-k/dark/fbE/failure_retry/flexible?lang=auto:1:243292)
[ 7064603ms] [ERROR] Failed to load resource: the server responded with a status of 400 () @ https://challenges.cloudflare.com/cdn-cgi/challenge-platform/h/g/fo/4125242364:1788717917:pY_bhOzLLTwfgJ6CgzPK4ZbxGYnVToK_BTfcGbW7vCg/a36f90a0a99f27b8/x.AcJGnIXAtgRWdK0L7qUOmXw8wvaCd5JQxJp1aEUV4-1788719636-1.2.1.1-tqr2_rZ12puIZQwumz.uJX4ZMdmTJJFHEWbhhp.yyi08A_3C_K00eUlbamROvEmY:0
[ 7074718ms] Blocked a frame with origin "https://challenges.cloudflare.com" from accessing a frame with origin "http://localhost:3000".  The frame requesting access has a protocol of "https", the frame being accessed has a protocol of "http". Protocols must match.

    at unknown (https://challenges.cloudflare.com/cdn-cgi/challenge-platform/h/g/turnstile/f/av0/rchwYBUi7_E56u3Bv8GHc0jaVYIWlWoJeI8s173rkV_Cjo-1788719636-1.3.1.1-bH7cJXfJpUqOxPZnaPeF6G6snjaWukfU8EST4s_KeFM/p71i4/0x4AAAAAADV3ju2YEd8uiR-k/dark/fbE/failure_retry/flexible?lang=auto:1:52078)
    at Fv (https://challenges.cloudflare.com/cdn-cgi/challenge-platform/h/g/turnstile/f/av0/rchwYBUi7_E56u3Bv8GHc0jaVYIWlWoJeI8s173rkV_Cjo-1788719636-1.3.1.1-bH7cJXfJpUqOxPZnaPeF6G6snjaWukfU8EST4s_KeFM/p71i4/0x4AAAAAADV3ju2YEd8uiR-k/dark/fbE/failure_retry/flexible?lang=auto:1:139595)
    at FB (https://challenges.cloudflare.com/cdn-cgi/challenge-platform/h/g/turnstile/f/av0/rchwYBUi7_E56u3Bv8GHc0jaVYIWlWoJeI8s173rkV_Cjo-1788719636-1.3.1.1-bH7cJXfJpUqOxPZnaPeF6G6snjaWukfU8EST4s_KeFM/p71i4/0x4AAAAAADV3ju2YEd8uiR-k/dark/fbE/failure_retry/flexible?lang=auto:1:218339)
    at unknown (https://challenges.cloudflare.com/cdn-cgi/challenge-platform/h/g/turnstile/f/av0/rchwYBUi7_E56u3Bv8GHc0jaVYIWlWoJeI8s173rkV_Cjo-1788719636-1.3.1.1-bH7cJXfJpUqOxPZnaPeF6G6snjaWukfU8EST4s_KeFM/p71i4/0x4AAAAAADV3ju2YEd8uiR-k/dark/fbE/failure_retry/flexible?lang=auto:1:51626)
    at Fv (https://challenges.cloudflare.com/cdn-cgi/challenge-platform/h/g/turnstile/f/av0/rchwYBUi7_E56u3Bv8GHc0jaVYIWlWoJeI8s173rkV_Cjo-1788719636-1.3.1.1-bH7cJXfJpUqOxPZnaPeF6G6snjaWukfU8EST4s_KeFM/p71i4/0x4AAAAAADV3ju2YEd8uiR-k/dark/fbE/failure_retry/flexible?lang=auto:1:139595)
    at sPhdt (https://challenges.cloudflare.com/cdn-cgi/challenge-platform/h/g/turnstile/f/av0/rchwYBUi7_E56u3Bv8GHc0jaVYIWlWoJeI8s173rkV_Cjo-1788719636-1.3.1.1-bH7cJXfJpUqOxPZnaPeF6G6snjaWukfU8EST4s_KeFM/p71i4/0x4AAAAAADV3ju2YEd8uiR-k/dark/fbE/failure_retry/flexible?lang=auto:1:79802)
    at Sv (https://challenges.cloudflare.com/cdn-cgi/challenge-platform/h/g/turnstile/f/av0/rchwYBUi7_E56u3Bv8GHc0jaVYIWlWoJeI8s173rkV_Cjo-1788719636-1.3.1.1-bH7cJXfJpUqOxPZnaPeF6G6snjaWukfU8EST4s_KeFM/p71i4/0x4AAAAAADV3ju2YEd8uiR-k/dark/fbE/failure_retry/flexible?lang=auto:1:90732)
    at bKxIG (https://challenges.cloudflare.com/cdn-cgi/challenge-platform/h/g/turnstile/f/av0/rchwYBUi7_E56u3Bv8GHc0jaVYIWlWoJeI8s173rkV_Cjo-1788719636-1.3.1.1-bH7cJXfJpUqOxPZnaPeF6G6snjaWukfU8EST4s_KeFM/p71i4/0x4AAAAAADV3ju2YEd8uiR-k/dark/fbE/failure_retry/flexible?lang=auto:1:97225)
    at Fm (https://challenges.cloudflare.com/cdn-cgi/challenge-platform/h/g/turnstile/f/av0/rchwYBUi7_E56u3Bv8GHc0jaVYIWlWoJeI8s173rkV_Cjo-1788719636-1.3.1.1-bH7cJXfJpUqOxPZnaPeF6G6snjaWukfU8EST4s_KeFM/p71i4/0x4AAAAAADV3ju2YEd8uiR-k/dark/fbE/failure_retry/flexible?lang=auto:1:104626)
    at Fx (https://challenges.cloudflare.com/cdn-cgi/challenge-platform/h/g/turnstile/f/av0/rchwYBUi7_E56u3Bv8GHc0jaVYIWlWoJeI8s173rkV_Cjo-1788719636-1.3.1.1-bH7cJXfJpUqOxPZnaPeF6G6snjaWukfU8EST4s_KeFM/p71i4/0x4AAAAAADV3ju2YEd8uiR-k/dark/fbE/failure_retry/flexible?lang=auto:1:99571)
[ 7074871ms] [ERROR] Failed to load resource: the server responded with a status of 400 () @ https://challenges.cloudflare.com/cdn-cgi/challenge-platform/h/g/fo/4125242364:1788717917:pY_bhOzLLTwfgJ6CgzPK4ZbxGYnVToK_BTfcGbW7vCg/a36f90e12b3e27b8/TCh223iscjzvloViPGrNBWrlvvZwpQowX1Oau60OFy4-1788719646-1.2.1.1-jIbcaJ1Sw2QwLW74_Truw2sf053jWbULVUwT8riB7LsHRrSYL1Ub88_AKP_DhwMk:0
[ 7132766ms] Blocked a frame with origin "https://challenges.cloudflare.com" from accessing a frame with origin "http://localhost:3000".  The frame requesting access has a protocol of "https", the frame being accessed has a protocol of "http". Protocols must match.

    at unknown (https://challenges.cloudflare.com/cdn-cgi/challenge-platform/h/g/turnstile/f/av0/rchSAsMXYk8byXgizTicOF8EfkDTu7qV8ePoji5W5bT_rM-1788719646-1.3.1.1-uhfnyQfC2bNPa01A4FyGfp09oTLjW2LllSvjfEHgvC4/p71i4/0x4AAAAAADV3ju2YEd8uiR-k/dark/fbE/failure_retry/flexible?lang=auto:1:51811)
    at jI (https://challenges.cloudflare.com/cdn-cgi/challenge-platform/h/g/turnstile/f/av0/rchSAsMXYk8byXgizTicOF8EfkDTu7qV8ePoji5W5bT_rM-1788719646-1.3.1.1-uhfnyQfC2bNPa01A4FyGfp09oTLjW2LllSvjfEHgvC4/p71i4/0x4AAAAAADV3ju2YEd8uiR-k/dark/fbE/failure_retry/flexible?lang=auto:1:71022)
    at DZvvX (https://challenges.cloudflare.com/cdn-cgi/challenge-platform/h/g/turnstile/f/av0/rchSAsMXYk8byXgizTicOF8EfkDTu7qV8ePoji5W5bT_rM-1788719646-1.3.1.1-uhfnyQfC2bNPa01A4FyGfp09oTLjW2LllSvjfEHgvC4/p71i4/0x4AAAAAADV3ju2YEd8uiR-k/dark/fbE/failure_retry/flexible?lang=auto:1:89017)
    at jQ (https://challenges.cloudflare.com/cdn-cgi/challenge-platform/h/g/turnstile/f/av0/rchSAsMXYk8byXgizTicOF8EfkDTu7qV8ePoji5W5bT_rM-1788719646-1.3.1.1-uhfnyQfC2bNPa01A4FyGfp09oTLjW2LllSvjfEHgvC4/p71i4/0x4AAAAAADV3ju2YEd8uiR-k/dark/fbE/failure_retry/flexible?lang=auto:1:90271)
    at unknown (https://challenges.cloudflare.com/cdn-cgi/challenge-platform/h/g/turnstile/f/av0/rchSAsMXYk8byXgizTicOF8EfkDTu7qV8ePoji5W5bT_rM-1788719646-1.3.1.1-uhfnyQfC2bNPa01A4FyGfp09oTLjW2LllSvjfEHgvC4/p71i4/0x4AAAAAADV3ju2YEd8uiR-k/dark/fbE/failure_retry/flexible?lang=auto:1:51359)
    at jI (https://challenges.cloudflare.com/cdn-cgi/challenge-platform/h/g/turnstile/f/av0/rchSAsMXYk8byXgizTicOF8EfkDTu7qV8ePoji5W5bT_rM-1788719646-1.3.1.1-uhfnyQfC2bNPa01A4FyGfp09oTLjW2LllSvjfEHgvC4/p71i4/0x4AAAAAADV3ju2YEd8uiR-k/dark/fbE/failure_retry/flexible?lang=auto:1:71022)
    at oI (https://challenges.cloudflare.com/cdn-cgi/challenge-platform/h/g/turnstile/f/av0/rchSAsMXYk8byXgizTicOF8EfkDTu7qV8ePoji5W5bT_rM-1788719646-1.3.1.1-uhfnyQfC2bNPa01A4FyGfp09oTLjW2LllSvjfEHgvC4/p71i4/0x4AAAAAADV3ju2YEd8uiR-k/dark/fbE/failure_retry/flexible?lang=auto:1:148922)
    at ji (https://challenges.cloudflare.com/cdn-cgi/challenge-platform/h/g/turnstile/f/av0/rchSAsMXYk8byXgizTicOF8EfkDTu7qV8ePoji5W5bT_rM-1788719646-1.3.1.1-uhfnyQfC2bNPa01A4FyGfp09oTLjW2LllSvjfEHgvC4/p71i4/0x4AAAAAADV3ju2YEd8uiR-k/dark/fbE/failure_retry/flexible?lang=auto:1:120865)
    at jZ (https://challenges.cloudflare.com/cdn-cgi/challenge-platform/h/g/turnstile/f/av0/rchSAsMXYk8byXgizTicOF8EfkDTu7qV8ePoji5W5bT_rM-1788719646-1.3.1.1-uhfnyQfC2bNPa01A4FyGfp09oTLjW2LllSvjfEHgvC4/p71i4/0x4AAAAAADV3ju2YEd8uiR-k/dark/fbE/failure_retry/flexible?lang=auto:1:119641)
[ 7132963ms] [ERROR] Failed to load resource: the server responded with a status of 400 () @ https://challenges.cloudflare.com/cdn-cgi/challenge-platform/h/g/fo/4125242364:1788717917:pY_bhOzLLTwfgJ6CgzPK4ZbxGYnVToK_BTfcGbW7vCg/a36f924bbd2627b8/qnAHq1UaMaPHQftK1iZWsuAJOypDOqH3jKEWWwenuD8-1788719704-1.2.1.1-5cwwYWBggY8ssHp5xo6CxIpfym82D9E1KgznRxHufzbPYodCNYx.zdmfrtK1BUwO:0
[ 7143208ms] Blocked a frame with origin "https://challenges.cloudflare.com" from accessing a frame with origin "http://localhost:3000".  The frame requesting access has a protocol of "https", the frame being accessed has a protocol of "http". Protocols must match.

    at unknown (https://challenges.cloudflare.com/cdn-cgi/challenge-platform/h/g/turnstile/f/av0/rchRqEmXANA21mpbs7cU.xuZO_QvVbdfirFDqhLyqvzBH0-1788719704-1.3.1.1-rB1AMTEU7GLMsqJl_qSexjSoiIWN.V9uTq.VK_kjLe0/p71i4/0x4AAAAAADV3ju2YEd8uiR-k/dark/fbE/failure_retry/flexible?lang=auto:1:52398)
    at jc (https://challenges.cloudflare.com/cdn-cgi/challenge-platform/h/g/turnstile/f/av0/rchRqEmXANA21mpbs7cU.xuZO_QvVbdfirFDqhLyqvzBH0-1788719704-1.3.1.1-rB1AMTEU7GLMsqJl_qSexjSoiIWN.V9uTq.VK_kjLe0/p71i4/0x4AAAAAADV3ju2YEd8uiR-k/dark/fbE/failure_retry/flexible?lang=auto:1:186972)
    at jo (https://challenges.cloudflare.com/cdn-cgi/challenge-platform/h/g/turnstile/f/av0/rchRqEmXANA21mpbs7cU.xuZO_QvVbdfirFDqhLyqvzBH0-1788719704-1.3.1.1-rB1AMTEU7GLMsqJl_qSexjSoiIWN.V9uTq.VK_kjLe0/p71i4/0x4AAAAAADV3ju2YEd8uiR-k/dark/fbE/failure_retry/flexible?lang=auto:1:136115)
    at unknown (https://challenges.cloudflare.com/cdn-cgi/challenge-platform/h/g/turnstile/f/av0/rchRqEmXANA21mpbs7cU.xuZO_QvVbdfirFDqhLyqvzBH0-1788719704-1.3.1.1-rB1AMTEU7GLMsqJl_qSexjSoiIWN.V9uTq.VK_kjLe0/p71i4/0x4AAAAAADV3ju2YEd8uiR-k/dark/fbE/failure_retry/flexible?lang=auto:1:51946)
    at jc (https://challenges.cloudflare.com/cdn-cgi/challenge-platform/h/g/turnstile/f/av0/rchRqEmXANA21mpbs7cU.xuZO_QvVbdfirFDqhLyqvzBH0-1788719704-1.3.1.1-rB1AMTEU7GLMsqJl_qSexjSoiIWN.V9uTq.VK_kjLe0/p71i4/0x4AAAAAADV3ju2YEd8uiR-k/dark/fbE/failure_retry/flexible?lang=auto:1:186972)
    at oc (https://challenges.cloudflare.com/cdn-cgi/challenge-platform/h/g/turnstile/f/av0/rchRqEmXANA21mpbs7cU.xuZO_QvVbdfirFDqhLyqvzBH0-1788719704-1.3.1.1-rB1AMTEU7GLMsqJl_qSexjSoiIWN.V9uTq.VK_kjLe0/p71i4/0x4AAAAAADV3ju2YEd8uiR-k/dark/fbE/failure_retry/flexible?lang=auto:1:236755)
    at ji (https://challenges.cloudflare.com/cdn-cgi/challenge-platform/h/g/turnstile/f/av0/rchRqEmXANA21mpbs7cU.xuZO_QvVbdfirFDqhLyqvzBH0-1788719704-1.3.1.1-rB1AMTEU7GLMsqJl_qSexjSoiIWN.V9uTq.VK_kjLe0/p71i4/0x4AAAAAADV3ju2YEd8uiR-k/dark/fbE/failure_retry/flexible?lang=auto:1:194455)
    at jZ (https://challenges.cloudflare.com/cdn-cgi/challenge-platform/h/g/turnstile/f/av0/rchRqEmXANA21mpbs7cU.xuZO_QvVbdfirFDqhLyqvzBH0-1788719704-1.3.1.1-rB1AMTEU7GLMsqJl_qSexjSoiIWN.V9uTq.VK_kjLe0/p71i4/0x4AAAAAADV3ju2YEd8uiR-k/dark/fbE/failure_retry/flexible?lang=auto:1:192719)
[ 7143363ms] [ERROR] Failed to load resource: the server responded with a status of 400 () @ https://challenges.cloudflare.com/cdn-cgi/challenge-platform/h/g/fo/4125242364:1788717917:pY_bhOzLLTwfgJ6CgzPK4ZbxGYnVToK_BTfcGbW7vCg/a36f928c6a0b27b8/v8mknr8o7A6Zn1mQXoBkaeEOOpmLUg26VK61v8B_H9k-1788719715-1.2.1.1-QQ5OZo1wySyP9OTLV9K2QlWIIlcqnbkEaV_sEDV5hqAG5rMx3yq47i1IfQsphZiH:0
[ 7153652ms] Blocked a frame with origin "https://challenges.cloudflare.com" from accessing a frame with origin "http://localhost:3000".  The frame requesting access has a protocol of "https", the frame being accessed has a protocol of "http". Protocols must match.

    at unknown (https://challenges.cloudflare.com/cdn-cgi/challenge-platform/h/g/turnstile/f/av0/rchFhkSI25FYQk.1A4mWxAkMPaPGmCG0jIfYISEL0_ns4M-1788719715-1.3.1.1-yst0dbDTW75Uke.PgnQCMlbQjToM3dwprnKVvL0e.x0/p71i4/0x4AAAAAADV3ju2YEd8uiR-k/dark/fbE/failure_retry/flexible?lang=auto:1:50950)
    at Fv (https://challenges.cloudflare.com/cdn-cgi/challenge-platform/h/g/turnstile/f/av0/rchFhkSI25FYQk.1A4mWxAkMPaPGmCG0jIfYISEL0_ns4M-1788719715-1.3.1.1-yst0dbDTW75Uke.PgnQCMlbQjToM3dwprnKVvL0e.x0/p71i4/0x4AAAAAADV3ju2YEd8uiR-k/dark/fbE/failure_retry/flexible?lang=auto:1:107159)
    at naVMd (https://challenges.cloudflare.com/cdn-cgi/challenge-platform/h/g/turnstile/f/av0/rchFhkSI25FYQk.1A4mWxAkMPaPGmCG0jIfYISEL0_ns4M-1788719715-1.3.1.1-yst0dbDTW75Uke.PgnQCMlbQjToM3dwprnKVvL0e.x0/p71i4/0x4AAAAAADV3ju2YEd8uiR-k/dark/fbE/failure_retry/flexible?lang=auto:1:199054)
    at FB (https://challenges.cloudflare.com/cdn-cgi/challenge-platform/h/g/turnstile/f/av0/rchFhkSI25FYQk.1A4mWxAkMPaPGmCG0jIfYISEL0_ns4M-1788719715-1.3.1.1-yst0dbDTW75Uke.PgnQCMlbQjToM3dwprnKVvL0e.x0/p71i4/0x4AAAAAADV3ju2YEd8uiR-k/dark/fbE/failure_retry/flexible?lang=auto:1:200226)
    at unknown (https://challenges.cloudflare.com/cdn-cgi/challenge-platform/h/g/turnstile/f/av0/rchFhkSI25FYQk.1A4mWxAkMPaPGmCG0jIfYISEL0_ns4M-1788719715-1.3.1.1-yst0dbDTW75Uke.PgnQCMlbQjToM3dwprnKVvL0e.x0/p71i4/0x4AAAAAADV3ju2YEd8uiR-k/dark/fbE/failure_retry/flexible?lang=auto:1:50498)
    at Fv (https://challenges.cloudflare.com/cdn-cgi/challenge-platform/h/g/turnstile/f/av0/rchFhkSI25FYQk.1A4mWxAkMPaPGmCG0jIfYISEL0_ns4M-1788719715-1.3.1.1-yst0dbDTW75Uke.PgnQCMlbQjToM3dwprnKVvL0e.x0/p71i4/0x4AAAAAADV3ju2YEd8uiR-k/dark/fbE/failure_retry/flexible?lang=auto:1:107159)
    at MbUId (https://challenges.cloudflare.com/cdn-cgi/challenge-platform/h/g/turnstile/f/av0/rchFhkSI25FYQk.1A4mWxAkMPaPGmCG0jIfYISEL0_ns4M-1788719715-1.3.1.1-yst0dbDTW75Uke.PgnQCMlbQjToM3dwprnKVvL0e.x0/p71i4/0x4AAAAAADV3ju2YEd8uiR-k/dark/fbE/failure_retry/flexible?lang=auto:1:75923)
    at Sv (https://challenges.cloudflare.com/cdn-cgi/challenge-platform/h/g/turnstile/f/av0/rchFhkSI25FYQk.1A4mWxAkMPaPGmCG0jIfYISEL0_ns4M-1788719715-1.3.1.1-yst0dbDTW75Uke.PgnQCMlbQjToM3dwprnKVvL0e.x0/p71i4/0x4AAAAAADV3ju2YEd8uiR-k/dark/fbE/failure_retry/flexible?lang=auto:1:84423)
    at brPSx (https://challenges.cloudflare.com/cdn-cgi/challenge-platform/h/g/turnstile/f/av0/rchFhkSI25FYQk.1A4mWxAkMPaPGmCG0jIfYISEL0_ns4M-1788719715-1.3.1.1-yst0dbDTW75Uke.PgnQCMlbQjToM3dwprnKVvL0e.x0/p71i4/0x4AAAAAADV3ju2YEd8uiR-k/dark/fbE/failure_retry/flexible?lang=auto:1:237864)
    at Fm (https://challenges.cloudflare.com/cdn-cgi/challenge-platform/h/g/turnstile/f/av0/rchFhkSI25FYQk.1A4mWxAkMPaPGmCG0jIfYISEL0_ns4M-1788719715-1.3.1.1-yst0dbDTW75Uke.PgnQCMlbQjToM3dwprnKVvL0e.x0/p71i4/0x4AAAAAADV3ju2YEd8uiR-k/dark/fbE/failure_retry/flexible?lang=auto:1:241321)
    at Fx (https://challenges.cloudflare.com/cdn-cgi/challenge-platform/h/g/turnstile/f/av0/rchFhkSI25FYQk.1A4mWxAkMPaPGmCG0jIfYISEL0_ns4M-1788719715-1.3.1.1-yst0dbDTW75Uke.PgnQCMlbQjToM3dwprnKVvL0e.x0/p71i4/0x4AAAAAADV3ju2YEd8uiR-k/dark/fbE/failure_retry/flexible?lang=auto:1:240099)
[ 7153911ms] [ERROR] Failed to load resource: the server responded with a status of 400 () @ https://challenges.cloudflare.com/cdn-cgi/challenge-platform/h/g/fo/4125242364:1788717917:pY_bhOzLLTwfgJ6CgzPK4ZbxGYnVToK_BTfcGbW7vCg/a36f92cd8fcc27b8/eKR8CfcnTnGTyuRMnv1NJMlQwqaVksrpX3Iwh_MZxgo-1788719725-1.2.1.1-53pZJclAaUqziDFTBRZMAIENIe3n_2LftrhiCRYEtR1Ejwob3lyeNBU_MHcQudCp:0
[ 7164040ms] Blocked a frame with origin "https://challenges.cloudflare.com" from accessing a frame with origin "http://localhost:3000".  The frame requesting access has a protocol of "https", the frame being accessed has a protocol of "http". Protocols must match.

    at unknown (https://challenges.cloudflare.com/cdn-cgi/challenge-platform/h/g/turnstile/f/av0/rchHuohLnNYREsNpXDGtzeGXijqYJc5U2OP4yCYFEpL1oY-1788719725-1.3.1.1-tqse1BBDBQ2WTLC7IYIwjknhS2EQLrWA_.8MtGW93fA/p71i4/0x4AAAAAADV3ju2YEd8uiR-k/dark/fbE/failure_retry/flexible?lang=auto:1:51811)
    at jI (https://challenges.cloudflare.com/cdn-cgi/challenge-platform/h/g/turnstile/f/av0/rchHuohLnNYREsNpXDGtzeGXijqYJc5U2OP4yCYFEpL1oY-1788719725-1.3.1.1-tqse1BBDBQ2WTLC7IYIwjknhS2EQLrWA_.8MtGW93fA/p71i4/0x4AAAAAADV3ju2YEd8uiR-k/dark/fbE/failure_retry/flexible?lang=auto:1:71022)
    at DZvvX (https://challenges.cloudflare.com/cdn-cgi/challenge-platform/h/g/turnstile/f/av0/rchHuohLnNYREsNpXDGtzeGXijqYJc5U2OP4yCYFEpL1oY-1788719725-1.3.1.1-tqse1BBDBQ2WTLC7IYIwjknhS2EQLrWA_.8MtGW93fA/p71i4/0x4AAAAAADV3ju2YEd8uiR-k/dark/fbE/failure_retry/flexible?lang=auto:1:89017)
    at jQ (https://challenges.cloudflare.com/cdn-cgi/challenge-platform/h/g/turnstile/f/av0/rchHuohLnNYREsNpXDGtzeGXijqYJc5U2OP4yCYFEpL1oY-1788719725-1.3.1.1-tqse1BBDBQ2WTLC7IYIwjknhS2EQLrWA_.8MtGW93fA/p71i4/0x4AAAAAADV3ju2YEd8uiR-k/dark/fbE/failure_retry/flexible?lang=auto:1:90271)
    at unknown (https://challenges.cloudflare.com/cdn-cgi/challenge-platform/h/g/turnstile/f/av0/rchHuohLnNYREsNpXDGtzeGXijqYJc5U2OP4yCYFEpL1oY-1788719725-1.3.1.1-tqse1BBDBQ2WTLC7IYIwjknhS2EQLrWA_.8MtGW93fA/p71i4/0x4AAAAAADV3ju2YEd8uiR-k/dark/fbE/failure_retry/flexible?lang=auto:1:51359)
    at jI (https://challenges.cloudflare.com/cdn-cgi/challenge-platform/h/g/turnstile/f/av0/rchHuohLnNYREsNpXDGtzeGXijqYJc5U2OP4yCYFEpL1oY-1788719725-1.3.1.1-tqse1BBDBQ2WTLC7IYIwjknhS2EQLrWA_.8MtGW93fA/p71i4/0x4AAAAAADV3ju2YEd8uiR-k/dark/fbE/failure_retry/flexible?lang=auto:1:71022)
    at oI (https://challenges.cloudflare.com/cdn-cgi/challenge-platform/h/g/turnstile/f/av0/rchHuohLnNYREsNpXDGtzeGXijqYJc5U2OP4yCYFEpL1oY-1788719725-1.3.1.1-tqse1BBDBQ2WTLC7IYIwjknhS2EQLrWA_.8MtGW93fA/p71i4/0x4AAAAAADV3ju2YEd8uiR-k/dark/fbE/failure_retry/flexible?lang=auto:1:148922)
    at ji (https://challenges.cloudflare.com/cdn-cgi/challenge-platform/h/g/turnstile/f/av0/rchHuohLnNYREsNpXDGtzeGXijqYJc5U2OP4yCYFEpL1oY-1788719725-1.3.1.1-tqse1BBDBQ2WTLC7IYIwjknhS2EQLrWA_.8MtGW93fA/p71i4/0x4AAAAAADV3ju2YEd8uiR-k/dark/fbE/failure_retry/flexible?lang=auto:1:120865)
    at jZ (https://challenges.cloudflare.com/cdn-cgi/challenge-platform/h/g/turnstile/f/av0/rchHuohLnNYREsNpXDGtzeGXijqYJc5U2OP4yCYFEpL1oY-1788719725-1.3.1.1-tqse1BBDBQ2WTLC7IYIwjknhS2EQLrWA_.8MtGW93fA/p71i4/0x4AAAAAADV3ju2YEd8uiR-k/dark/fbE/failure_retry/flexible?lang=auto:1:119641)
[ 7164192ms] [ERROR] Failed to load resource: the server responded with a status of 400 () @ https://challenges.cloudflare.com/cdn-cgi/challenge-platform/h/g/fo/4125242364:1788717917:pY_bhOzLLTwfgJ6CgzPK4ZbxGYnVToK_BTfcGbW7vCg/a36f930f4bc027b8/hIy8if.n0Y0Zy9B.CzkXCtTSY1zPUDbSVUwLUm5_cxo-1788719736-1.2.1.1-vKcVMZKW.YOiM73swN8LWuQ7g0I.OSS8DmzXqme90e.1UOU1MYtXeJ6EVrEKJUm8:0
[ 7174727ms] Blocked a frame with origin "https://challenges.cloudflare.com" from accessing a frame with origin "http://localhost:3000".  The frame requesting access has a protocol of "https", the frame being accessed has a protocol of "http". Protocols must match.

    at unknown (https://challenges.cloudflare.com/cdn-cgi/challenge-platform/h/g/turnstile/f/av0/rchHIQb9qSeaX.0hnAEys9L07NR42TNUnjbayHZqz.ep5Q-1788719736-1.3.1.1-zuEwItqVwqcSTDorRumcCDKVW7EM2cqkirgMVI186iY/p71i4/0x4AAAAAADV3ju2YEd8uiR-k/dark/fbE/failure_retry/flexible?lang=auto:1:52861)
    at Fv (https://challenges.cloudflare.com/cdn-cgi/challenge-platform/h/g/turnstile/f/av0/rchHIQb9qSeaX.0hnAEys9L07NR42TNUnjbayHZqz.ep5Q-1788719736-1.3.1.1-zuEwItqVwqcSTDorRumcCDKVW7EM2cqkirgMVI186iY/p71i4/0x4AAAAAADV3ju2YEd8uiR-k/dark/fbE/failure_retry/flexible?lang=auto:1:175172)
    at usHZR (https://challenges.cloudflare.com/cdn-cgi/challenge-platform/h/g/turnstile/f/av0/rchHIQb9qSeaX.0hnAEys9L07NR42TNUnjbayHZqz.ep5Q-1788719736-1.3.1.1-zuEwItqVwqcSTDorRumcCDKVW7EM2cqkirgMVI186iY/p71i4/0x4AAAAAADV3ju2YEd8uiR-k/dark/fbE/failure_retry/flexible?lang=auto:1:125109)
    at FB (https://challenges.cloudflare.com/cdn-cgi/challenge-platform/h/g/turnstile/f/av0/rchHIQb9qSeaX.0hnAEys9L07NR42TNUnjbayHZqz.ep5Q-1788719736-1.3.1.1-zuEwItqVwqcSTDorRumcCDKVW7EM2cqkirgMVI186iY/p71i4/0x4AAAAAADV3ju2YEd8uiR-k/dark/fbE/failure_retry/flexible?lang=auto:1:126297)
    at unknown (https://challenges.cloudflare.com/cdn-cgi/challenge-platform/h/g/turnstile/f/av0/rchHIQb9qSeaX.0hnAEys9L07NR42TNUnjbayHZqz.ep5Q-1788719736-1.3.1.1-zuEwItqVwqcSTDorRumcCDKVW7EM2cqkirgMVI186iY/p71i4/0x4AAAAAADV3ju2YEd8uiR-k/dark/fbE/failure_retry/flexible?lang=auto:1:52409)
    at Fv (https://challenges.cloudflare.com/cdn-cgi/challenge-platform/h/g/turnstile/f/av0/rchHIQb9qSeaX.0hnAEys9L07NR42TNUnjbayHZqz.ep5Q-1788719736-1.3.1.1-zuEwItqVwqcSTDorRumcCDKVW7EM2cqkirgMVI186iY/p71i4/0x4AAAAAADV3ju2YEd8uiR-k/dark/fbE/failure_retry/flexible?lang=auto:1:175172)
    at Sv (https://challenges.cloudflare.com/cdn-cgi/challenge-platform/h/g/turnstile/f/av0/rchHIQb9qSeaX.0hnAEys9L07NR42TNUnjbayHZqz.ep5Q-1788719736-1.3.1.1-zuEwItqVwqcSTDorRumcCDKVW7EM2cqkirgMVI186iY/p71i4/0x4AAAAAADV3ju2YEd8uiR-k/dark/fbE/failure_retry/flexible?lang=auto:1:70655)
    at Fm (https://challenges.cloudflare.com/cdn-cgi/challenge-platform/h/g/turnstile/f/av0/rchHIQb9qSeaX.0hnAEys9L07NR42TNUnjbayHZqz.ep5Q-1788719736-1.3.1.1-zuEwItqVwqcSTDorRumcCDKVW7EM2cqkirgMVI186iY/p71i4/0x4AAAAAADV3ju2YEd8uiR-k/dark/fbE/failure_retry/flexible?lang=auto:1:155551)
    at Fx (https://challenges.cloudflare.com/cdn-cgi/challenge-platform/h/g/turnstile/f/av0/rchHIQb9qSeaX.0hnAEys9L07NR42TNUnjbayHZqz.ep5Q-1788719736-1.3.1.1-zuEwItqVwqcSTDorRumcCDKVW7EM2cqkirgMVI186iY/p71i4/0x4AAAAAADV3ju2YEd8uiR-k/dark/fbE/failure_retry/flexible?lang=auto:1:153005)
[ 7175015ms] [ERROR] Failed to load resource: the server responded with a status of 400 () @ https://challenges.cloudflare.com/cdn-cgi/challenge-platform/h/g/fo/4125242364:1788717917:pY_bhOzLLTwfgJ6CgzPK4ZbxGYnVToK_BTfcGbW7vCg/a36f934feaa227b8/Vb2qwL0Bpv5TzDjNKEtkKQd4rsPuDeJ9pbeI5tcSuqo-1788719746-1.2.1.1-tbLz5u430t6ww1P7h3_uwPaVAY.FRva5AuZ5AcezYP7LDY6QhN42x1yuDDRYr0JQ:0
[ 9235534ms] Blocked a frame with origin "https://challenges.cloudflare.com" from accessing a frame with origin "http://localhost:3000".  The frame requesting access has a protocol of "https", the frame being accessed has a protocol of "http". Protocols must match.

    at unknown (https://challenges.cloudflare.com/cdn-cgi/challenge-platform/h/g/turnstile/f/av0/rchsALxzkz1kpzW3zOJLp3OboLgnhGDtOd6t4SWed88rYE-1788719746-1.3.1.1-njwEoeDGUsse1NZNagFYrgF5q8moJSLRSuIo.Xn9ubQ/p71i4/0x4AAAAAADV3ju2YEd8uiR-k/dark/fbE/failure_retry/flexible?lang=auto:1:51565)
    at FJ (https://challenges.cloudflare.com/cdn-cgi/challenge-platform/h/g/turnstile/f/av0/rchsALxzkz1kpzW3zOJLp3OboLgnhGDtOd6t4SWed88rYE-1788719746-1.3.1.1-njwEoeDGUsse1NZNagFYrgF5q8moJSLRSuIo.Xn9ubQ/p71i4/0x4AAAAAADV3ju2YEd8uiR-k/dark/fbE/failure_retry/flexible?lang=auto:1:64667)
    at kFJQb (https://challenges.cloudflare.com/cdn-cgi/challenge-platform/h/g/turnstile/f/av0/rchsALxzkz1kpzW3zOJLp3OboLgnhGDtOd6t4SWed88rYE-1788719746-1.3.1.1-njwEoeDGUsse1NZNagFYrgF5q8moJSLRSuIo.Xn9ubQ/p71i4/0x4AAAAAADV3ju2YEd8uiR-k/dark/fbE/failure_retry/flexible?lang=auto:1:227301)
    at FS (https://challenges.cloudflare.com/cdn-cgi/challenge-platform/h/g/turnstile/f/av0/rchsALxzkz1kpzW3zOJLp3OboLgnhGDtOd6t4SWed88rYE-1788719746-1.3.1.1-njwEoeDGUsse1NZNagFYrgF5q8moJSLRSuIo.Xn9ubQ/p71i4/0x4AAAAAADV3ju2YEd8uiR-k/dark/fbE/failure_retry/flexible?lang=auto:1:228445)
    at unknown (https://challenges.cloudflare.com/cdn-cgi/challenge-platform/h/g/turnstile/f/av0/rchsALxzkz1kpzW3zOJLp3OboLgnhGDtOd6t4SWed88rYE-1788719746-1.3.1.1-njwEoeDGUsse1NZNagFYrgF5q8moJSLRSuIo.Xn9ubQ/p71i4/0x4AAAAAADV3ju2YEd8uiR-k/dark/fbE/failure_retry/flexible?lang=auto:1:51113)
    at FJ (https://challenges.cloudflare.com/cdn-cgi/challenge-platform/h/g/turnstile/f/av0/rchsALxzkz1kpzW3zOJLp3OboLgnhGDtOd6t4SWed88rYE-1788719746-1.3.1.1-njwEoeDGUsse1NZNagFYrgF5q8moJSLRSuIo.Xn9ubQ/p71i4/0x4AAAAAADV3ju2YEd8uiR-k/dark/fbE/failure_retry/flexible?lang=auto:1:64667)
    at TklRU (https://challenges.cloudflare.com/cdn-cgi/challenge-platform/h/g/turnstile/f/av0/rchsALxzkz1kpzW3zOJLp3OboLgnhGDtOd6t4SWed88rYE-1788719746-1.3.1.1-njwEoeDGUsse1NZNagFYrgF5q8moJSLRSuIo.Xn9ubQ/p71i4/0x4AAAAAADV3ju2YEd8uiR-k/dark/fbE/failure_retry/flexible?lang=auto:1:97487)
    at SJ (https://challenges.cloudflare.com/cdn-cgi/challenge-platform/h/g/turnstile/f/av0/rchsALxzkz1kpzW3zOJLp3OboLgnhGDtOd6t4SWed88rYE-1788719746-1.3.1.1-njwEoeDGUsse1NZNagFYrgF5q8moJSLRSuIo.Xn9ubQ/p71i4/0x4AAAAAADV3ju2YEd8uiR-k/dark/fbE/failure_retry/flexible?lang=auto:1:105876)
    at GjudV (https://challenges.cloudflare.com/cdn-cgi/challenge-platform/h/g/turnstile/f/av0/rchsALxzkz1kpzW3zOJLp3OboLgnhGDtOd6t4SWed88rYE-1788719746-1.3.1.1-njwEoeDGUsse1NZNagFYrgF5q8moJSLRSuIo.Xn9ubQ/p71i4/0x4AAAAAADV3ju2YEd8uiR-k/dark/fbE/failure_retry/flexible?lang=auto:1:162373)
    at Fm (https://challenges.cloudflare.com/cdn-cgi/challenge-platform/h/g/turnstile/f/av0/rchsALxzkz1kpzW3zOJLp3OboLgnhGDtOd6t4SWed88rYE-1788719746-1.3.1.1-njwEoeDGUsse1NZNagFYrgF5q8moJSLRSuIo.Xn9ubQ/p71i4/0x4AAAAAADV3ju2YEd8uiR-k/dark/fbE/failure_retry/flexible?lang=auto:1:170008)
    at Fx (https://challenges.cloudflare.com/cdn-cgi/challenge-platform/h/g/turnstile/f/av0/rchsALxzkz1kpzW3zOJLp3OboLgnhGDtOd6t4SWed88rYE-1788719746-1.3.1.1-njwEoeDGUsse1NZNagFYrgF5q8moJSLRSuIo.Xn9ubQ/p71i4/0x4AAAAAADV3ju2YEd8uiR-k/dark/fbE/failure_retry/flexible?lang=auto:1:164522)
[ 9235671ms] [ERROR] Failed to load resource: the server responded with a status of 400 () @ https://challenges.cloudflare.com/cdn-cgi/challenge-platform/h/g/fo/4125242364:1788717917:pY_bhOzLLTwfgJ6CgzPK4ZbxGYnVToK_BTfcGbW7vCg/a36fc5a1df1027b8/VVNj8kZ0tVwoMT7y_0bXUbtE9Ds2Er8GghI3Dm_xirM-1788721807-1.2.1.1-b8hHwNJFAwBVZ5ml9YRcdmlfRw_3av21Z8r4TSXTVMVwHRJKNmMPjU9yGTlNmWMa:0
[11190527ms] Blocked a frame with origin "https://challenges.cloudflare.com" from accessing a frame with origin "http://localhost:3000".  The frame requesting access has a protocol of "https", the frame being accessed has a protocol of "http". Protocols must match.

    at unknown (https://challenges.cloudflare.com/cdn-cgi/challenge-platform/h/g/turnstile/f/av0/rchgQGcKdkkYWBAR7JYSwrNy86lb1b7ZrA.a.Hav.5i4IE-1788721807-1.3.1.1-YkHsWlLZO2maNHEud6Z8saM3t46wbFlK.ExPnuCeEbE/p71i4/0x4AAAAAADV3ju2YEd8uiR-k/dark/fbE/failure_retry/flexible?lang=auto:1:34385)
    at pk (https://challenges.cloudflare.com/cdn-cgi/challenge-platform/h/g/turnstile/f/av0/rchgQGcKdkkYWBAR7JYSwrNy86lb1b7ZrA.a.Hav.5i4IE-1788721807-1.3.1.1-YkHsWlLZO2maNHEud6Z8saM3t46wbFlK.ExPnuCeEbE/p71i4/0x4AAAAAADV3ju2YEd8uiR-k/dark/fbE/failure_retry/flexible?lang=auto:1:198414)
    at p5 (https://challenges.cloudflare.com/cdn-cgi/challenge-platform/h/g/turnstile/f/av0/rchgQGcKdkkYWBAR7JYSwrNy86lb1b7ZrA.a.Hav.5i4IE-1788721807-1.3.1.1-YkHsWlLZO2maNHEud6Z8saM3t46wbFlK.ExPnuCeEbE/p71i4/0x4AAAAAADV3ju2YEd8uiR-k/dark/fbE/failure_retry/flexible?lang=auto:1:254915)
    at unknown (https://challenges.cloudflare.com/cdn-cgi/challenge-platform/h/g/turnstile/f/av0/rchgQGcKdkkYWBAR7JYSwrNy86lb1b7ZrA.a.Hav.5i4IE-1788721807-1.3.1.1-YkHsWlLZO2maNHEud6Z8saM3t46wbFlK.ExPnuCeEbE/p71i4/0x4AAAAAADV3ju2YEd8uiR-k/dark/fbE/failure_retry/flexible?lang=auto:1:33942)
    at pk (https://challenges.cloudflare.com/cdn-cgi/challenge-platform/h/g/turnstile/f/av0/rchgQGcKdkkYWBAR7JYSwrNy86lb1b7ZrA.a.Hav.5i4IE-1788721807-1.3.1.1-YkHsWlLZO2maNHEud6Z8saM3t46wbFlK.ExPnuCeEbE/p71i4/0x4AAAAAADV3ju2YEd8uiR-k/dark/fbE/failure_retry/flexible?lang=auto:1:198414)
    at jl (https://challenges.cloudflare.com/cdn-cgi/challenge-platform/h/g/turnstile/f/av0/rchgQGcKdkkYWBAR7JYSwrNy86lb1b7ZrA.a.Hav.5i4IE-1788721807-1.3.1.1-YkHsWlLZO2maNHEud6Z8saM3t46wbFlK.ExPnuCeEbE/p71i4/0x4AAAAAADV3ju2YEd8uiR-k/dark/fbE/failure_retry/flexible?lang=auto:1:122407)
    at DJ (https://challenges.cloudflare.com/cdn-cgi/challenge-platform/h/g/turnstile/f/av0/rchgQGcKdkkYWBAR7JYSwrNy86lb1b7ZrA.a.Hav.5i4IE-1788721807-1.3.1.1-YkHsWlLZO2maNHEud6Z8saM3t46wbFlK.ExPnuCeEbE/p71i4/0x4AAAAAADV3ju2YEd8uiR-k/dark/fbE/failure_retry/flexible?lang=auto:1:144192)
    at De (https://challenges.cloudflare.com/cdn-cgi/challenge-platform/h/g/turnstile/f/av0/rchgQGcKdkkYWBAR7JYSwrNy86lb1b7ZrA.a.Hav.5i4IE-1788721807-1.3.1.1-YkHsWlLZO2maNHEud6Z8saM3t46wbFlK.ExPnuCeEbE/p71i4/0x4AAAAAADV3ju2YEd8uiR-k/dark/fbE/failure_retry/flexible?lang=auto:1:142462)
[11190679ms] [ERROR] Failed to load resource: the server responded with a status of 400 () @ https://challenges.cloudflare.com/cdn-cgi/challenge-platform/h/g/fo/2546743002:1788721517:-SXRYh3RfnEnW5H5BpOsLeuayhPZ4DTV31ePWxsx9_c/a36ff55c4ac35c16/RU0WD4MREwU6A7RXmLaw1qj4Z4ih1GN8gqmalNzegzM-1788723762-1.2.1.1-FXB7HMDWvHMLEhUsrBGNa76faWN1bFl_FutmxR_hcVogYsOXzFg1eFh8Y04ZOswg:0
[13146174ms] Blocked a frame with origin "https://challenges.cloudflare.com" from accessing a frame with origin "http://localhost:3000".  The frame requesting access has a protocol of "https", the frame being accessed has a protocol of "http". Protocols must match.

    at unknown (https://challenges.cloudflare.com/cdn-cgi/challenge-platform/h/g/turnstile/f/av0/rchmITGzl9OKmelGHbNQRcntn7RJZ9_2.hZuDuDvjQNeBQ-1788723762-1.3.1.1-5YS9Vuw61TrwI04RAIlmvK4rsPWkrZCcMATCe3PQqOg/p71i4/0x4AAAAAADV3ju2YEd8uiR-k/dark/fbE/failure_retry/flexible?lang=auto:1:34440)
    at DG (https://challenges.cloudflare.com/cdn-cgi/challenge-platform/h/g/turnstile/f/av0/rchmITGzl9OKmelGHbNQRcntn7RJZ9_2.hZuDuDvjQNeBQ-1788723762-1.3.1.1-5YS9Vuw61TrwI04RAIlmvK4rsPWkrZCcMATCe3PQqOg/p71i4/0x4AAAAAADV3ju2YEd8uiR-k/dark/fbE/failure_retry/flexible?lang=auto:1:253316)
    at D6 (https://challenges.cloudflare.com/cdn-cgi/challenge-platform/h/g/turnstile/f/av0/rchmITGzl9OKmelGHbNQRcntn7RJZ9_2.hZuDuDvjQNeBQ-1788723762-1.3.1.1-5YS9Vuw61TrwI04RAIlmvK4rsPWkrZCcMATCe3PQqOg/p71i4/0x4AAAAAADV3ju2YEd8uiR-k/dark/fbE/failure_retry/flexible?lang=auto:1:128363)
    at unknown (https://challenges.cloudflare.com/cdn-cgi/challenge-platform/h/g/turnstile/f/av0/rchmITGzl9OKmelGHbNQRcntn7RJZ9_2.hZuDuDvjQNeBQ-1788723762-1.3.1.1-5YS9Vuw61TrwI04RAIlmvK4rsPWkrZCcMATCe3PQqOg/p71i4/0x4AAAAAADV3ju2YEd8uiR-k/dark/fbE/failure_retry/flexible?lang=auto:1:33997)
    at DG (https://challenges.cloudflare.com/cdn-cgi/challenge-platform/h/g/turnstile/f/av0/rchmITGzl9OKmelGHbNQRcntn7RJZ9_2.hZuDuDvjQNeBQ-1788723762-1.3.1.1-5YS9Vuw61TrwI04RAIlmvK4rsPWkrZCcMATCe3PQqOg/p71i4/0x4AAAAAADV3ju2YEd8uiR-k/dark/fbE/failure_retry/flexible?lang=auto:1:253316)
    at eO (https://challenges.cloudflare.com/cdn-cgi/challenge-platform/h/g/turnstile/f/av0/rchmITGzl9OKmelGHbNQRcntn7RJZ9_2.hZuDuDvjQNeBQ-1788723762-1.3.1.1-5YS9Vuw61TrwI04RAIlmvK4rsPWkrZCcMATCe3PQqOg/p71i4/0x4AAAAAADV3ju2YEd8uiR-k/dark/fbE/failure_retry/flexible?lang=auto:1:146682)
    at bN (https://challenges.cloudflare.com/cdn-cgi/challenge-platform/h/g/turnstile/f/av0/rchmITGzl9OKmelGHbNQRcntn7RJZ9_2.hZuDuDvjQNeBQ-1788723762-1.3.1.1-5YS9Vuw61TrwI04RAIlmvK4rsPWkrZCcMATCe3PQqOg/p71i4/0x4AAAAAADV3ju2YEd8uiR-k/dark/fbE/failure_retry/flexible?lang=auto:1:239138)
    at bH (https://challenges.cloudflare.com/cdn-cgi/challenge-platform/h/g/turnstile/f/av0/rchmITGzl9OKmelGHbNQRcntn7RJZ9_2.hZuDuDvjQNeBQ-1788723762-1.3.1.1-5YS9Vuw61TrwI04RAIlmvK4rsPWkrZCcMATCe3PQqOg/p71i4/0x4AAAAAADV3ju2YEd8uiR-k/dark/fbE/failure_retry/flexible?lang=auto:1:234387)
[13146324ms] [ERROR] Failed to load resource: the server responded with a status of 400 () @ https://challenges.cloudflare.com/cdn-cgi/challenge-platform/h/g/fo/2546743002:1788721517:-SXRYh3RfnEnW5H5BpOsLeuayhPZ4DTV31ePWxsx9_c/a370251b0f7a5bb9/NzhIUjfnfwMQkDABARK04waTitRFteCurOthaExTNb8-1788725718-1.2.1.1-oUsGlN3ZBFu7wvmhI6k0zBRkymAEWJj4bxBeQMiNC8vZmKe8.NPbKzFV0yKx._4L:0
[13156406ms] [ERROR] Unable to post message to https://challenges.cloudflare.com. Recipient has origin http://localhost:3000.
 @ https://challenges.cloudflare.com/turnstile/v0/g/330e41bb475c/api.js:1
[13156701ms] Blocked a frame with origin "https://challenges.cloudflare.com" from accessing a frame with origin "http://localhost:3000".  The frame requesting access has a protocol of "https", the frame being accessed has a protocol of "http". Protocols must match.

    at unknown (https://challenges.cloudflare.com/cdn-cgi/challenge-platform/h/g/turnstile/f/av0/rch1_l5J33ugkBaOUDzQeD0ouIiypwUs57LxobQfWGub84-1788725718-1.3.1.1-HX.U4A6X2P75v6Uj2WmHEC6dhz3erJA1us79PZSB3h0/p71i4/0x4AAAAAADV3ju2YEd8uiR-k/dark/fbE/failure_retry/flexible?lang=auto:1:34158)
    at pw (https://challenges.cloudflare.com/cdn-cgi/challenge-platform/h/g/turnstile/f/av0/rch1_l5J33ugkBaOUDzQeD0ouIiypwUs57LxobQfWGub84-1788725718-1.3.1.1-HX.U4A6X2P75v6Uj2WmHEC6dhz3erJA1us79PZSB3h0/p71i4/0x4AAAAAADV3ju2YEd8uiR-k/dark/fbE/failure_retry/flexible?lang=auto:1:161400)
    at p8 (https://challenges.cloudflare.com/cdn-cgi/challenge-platform/h/g/turnstile/f/av0/rch1_l5J33ugkBaOUDzQeD0ouIiypwUs57LxobQfWGub84-1788725718-1.3.1.1-HX.U4A6X2P75v6Uj2WmHEC6dhz3erJA1us79PZSB3h0/p71i4/0x4AAAAAADV3ju2YEd8uiR-k/dark/fbE/failure_retry/flexible?lang=auto:1:108031)
    at unknown (https://challenges.cloudflare.com/cdn-cgi/challenge-platform/h/g/turnstile/f/av0/rch1_l5J33ugkBaOUDzQeD0ouIiypwUs57LxobQfWGub84-1788725718-1.3.1.1-HX.U4A6X2P75v6Uj2WmHEC6dhz3erJA1us79PZSB3h0/p71i4/0x4AAAAAADV3ju2YEd8uiR-k/dark/fbE/failure_retry/flexible?lang=auto:1:33715)
    at pw (https://challenges.cloudflare.com/cdn-cgi/challenge-platform/h/g/turnstile/f/av0/rch1_l5J33ugkBaOUDzQeD0ouIiypwUs57LxobQfWGub84-1788725718-1.3.1.1-HX.U4A6X2P75v6Uj2WmHEC6dhz3erJA1us79PZSB3h0/p71i4/0x4AAAAAADV3ju2YEd8uiR-k/dark/fbE/failure_retry/flexible?lang=auto:1:161400)
    at jU (https://challenges.cloudflare.com/cdn-cgi/challenge-platform/h/g/turnstile/f/av0/rch1_l5J33ugkBaOUDzQeD0ouIiypwUs57LxobQfWGub84-1788725718-1.3.1.1-HX.U4A6X2P75v6Uj2WmHEC6dhz3erJA1us79PZSB3h0/p71i4/0x4AAAAAADV3ju2YEd8uiR-k/dark/fbE/failure_retry/flexible?lang=auto:1:235692)
    at DJ (https://challenges.cloudflare.com/cdn-cgi/challenge-platform/h/g/turnstile/f/av0/rch1_l5J33ugkBaOUDzQeD0ouIiypwUs57LxobQfWGub84-1788725718-1.3.1.1-HX.U4A6X2P75v6Uj2WmHEC6dhz3erJA1us79PZSB3h0/p71i4/0x4AAAAAADV3ju2YEd8uiR-k/dark/fbE/failure_retry/flexible?lang=auto:1:135193)
    at zvOlu (https://challenges.cloudflare.com/cdn-cgi/challenge-platform/h/g/turnstile/f/av0/rch1_l5J33ugkBaOUDzQeD0ouIiypwUs57LxobQfWGub84-1788725718-1.3.1.1-HX.U4A6X2P75v6Uj2WmHEC6dhz3erJA1us79PZSB3h0/p71i4/0x4AAAAAADV3ju2YEd8uiR-k/dark/fbE/failure_retry/flexible?lang=auto:1:131698)
    at De (https://challenges.cloudflare.com/cdn-cgi/challenge-platform/h/g/turnstile/f/av0/rch1_l5J33ugkBaOUDzQeD0ouIiypwUs57LxobQfWGub84-1788725718-1.3.1.1-HX.U4A6X2P75v6Uj2WmHEC6dhz3erJA1us79PZSB3h0/p71i4/0x4AAAAAADV3ju2YEd8uiR-k/dark/fbE/failure_retry/flexible?lang=auto:1:133690)
[13157225ms] [ERROR] Failed to load resource: the server responded with a status of 400 () @ https://challenges.cloudflare.com/cdn-cgi/challenge-platform/h/g/fo/2546743002:1788721517:-SXRYh3RfnEnW5H5BpOsLeuayhPZ4DTV31ePWxsx9_c/a370255bef645bb9/s_Zc8qJeeRC7T7nPW9g6.omfXZ6J.NvYV0qvpTV8Rng-1788725728-1.2.1.1-mgfqHy1ufwLfx1H5tjoXKcbbkDhV5aAsGM7mKJrD.rI36HOxYpnkk33s_z1VMsEJ:0
[13167926ms] Blocked a frame with origin "https://challenges.cloudflare.com" from accessing a frame with origin "http://localhost:3000".  The frame requesting access has a protocol of "https", the frame being accessed has a protocol of "http". Protocols must match.

    at unknown (https://challenges.cloudflare.com/cdn-cgi/challenge-platform/h/g/turnstile/f/av0/rch21g0dPfU1i_R.Roscd3nNHPSRCYiE_At7261OqzC_IA-1788725728-1.3.1.1-WA2XcAJdiLYPoyakBptXtH51KGnYXf_ENOkULYeVbDw/p71i4/0x4AAAAAADV3ju2YEd8uiR-k/dark/fbE/failure_retry/flexible?lang=auto:1:34570)
    at DG (https://challenges.cloudflare.com/cdn-cgi/challenge-platform/h/g/turnstile/f/av0/rch21g0dPfU1i_R.Roscd3nNHPSRCYiE_At7261OqzC_IA-1788725728-1.3.1.1-WA2XcAJdiLYPoyakBptXtH51KGnYXf_ENOkULYeVbDw/p71i4/0x4AAAAAADV3ju2YEd8uiR-k/dark/fbE/failure_retry/flexible?lang=auto:1:91939)
    at NXUAV (https://challenges.cloudflare.com/cdn-cgi/challenge-platform/h/g/turnstile/f/av0/rch21g0dPfU1i_R.Roscd3nNHPSRCYiE_At7261OqzC_IA-1788725728-1.3.1.1-WA2XcAJdiLYPoyakBptXtH51KGnYXf_ENOkULYeVbDw/p71i4/0x4AAAAAADV3ju2YEd8uiR-k/dark/fbE/failure_retry/flexible?lang=auto:1:174802)
    at D6 (https://challenges.cloudflare.com/cdn-cgi/challenge-platform/h/g/turnstile/f/av0/rch21g0dPfU1i_R.Roscd3nNHPSRCYiE_At7261OqzC_IA-1788725728-1.3.1.1-WA2XcAJdiLYPoyakBptXtH51KGnYXf_ENOkULYeVbDw/p71i4/0x4AAAAAADV3ju2YEd8uiR-k/dark/fbE/failure_retry/flexible?lang=auto:1:176117)
    at unknown (https://challenges.cloudflare.com/cdn-cgi/challenge-platform/h/g/turnstile/f/av0/rch21g0dPfU1i_R.Roscd3nNHPSRCYiE_At7261OqzC_IA-1788725728-1.3.1.1-WA2XcAJdiLYPoyakBptXtH51KGnYXf_ENOkULYeVbDw/p71i4/0x4AAAAAADV3ju2YEd8uiR-k/dark/fbE/failure_retry/flexible?lang=auto:1:34127)
    at DG (https://challenges.cloudflare.com/cdn-cgi/challenge-platform/h/g/turnstile/f/av0/rch21g0dPfU1i_R.Roscd3nNHPSRCYiE_At7261OqzC_IA-1788725728-1.3.1.1-WA2XcAJdiLYPoyakBptXtH51KGnYXf_ENOkULYeVbDw/p71i4/0x4AAAAAADV3ju2YEd8uiR-k/dark/fbE/failure_retry/flexible?lang=auto:1:91939)
    at eO (https://challenges.cloudflare.com/cdn-cgi/challenge-platform/h/g/turnstile/f/av0/rch21g0dPfU1i_R.Roscd3nNHPSRCYiE_At7261OqzC_IA-1788725728-1.3.1.1-WA2XcAJdiLYPoyakBptXtH51KGnYXf_ENOkULYeVbDw/p71i4/0x4AAAAAADV3ju2YEd8uiR-k/dark/fbE/failure_retry/flexible?lang=auto:1:172930)
    at bN (https://challenges.cloudflare.com/cdn-cgi/challenge-platform/h/g/turnstile/f/av0/rch21g0dPfU1i_R.Roscd3nNHPSRCYiE_At7261OqzC_IA-1788725728-1.3.1.1-WA2XcAJdiLYPoyakBptXtH51KGnYXf_ENOkULYeVbDw/p71i4/0x4AAAAAADV3ju2YEd8uiR-k/dark/fbE/failure_retry/flexible?lang=auto:1:102380)
    at bH (https://challenges.cloudflare.com/cdn-cgi/challenge-platform/h/g/turnstile/f/av0/rch21g0dPfU1i_R.Roscd3nNHPSRCYiE_At7261OqzC_IA-1788725728-1.3.1.1-WA2XcAJdiLYPoyakBptXtH51KGnYXf_ENOkULYeVbDw/p71i4/0x4AAAAAADV3ju2YEd8uiR-k/dark/fbE/failure_retry/flexible?lang=auto:1:97249)
[13168259ms] [ERROR] Failed to load resource: the server responded with a status of 400 () @ https://challenges.cloudflare.com/cdn-cgi/challenge-platform/h/g/fo/2546743002:1788721517:-SXRYh3RfnEnW5H5BpOsLeuayhPZ4DTV31ePWxsx9_c/a37025a01b475bb9/wIVWMW2q34_mckl51fCO.2ac8oiAsndS1eTFhH6rrK8-1788725739-1.2.1.1-AlgFosb_6YXTn_ED0YFLFP2gQ.s8.4aIFMOduqhbzF.TMt7LquIFCWpcyAdNgpK0:0
[13178431ms] [ERROR] Unable to post message to https://challenges.cloudflare.com. Recipient has origin http://localhost:3000.
 @ https://challenges.cloudflare.com/turnstile/v0/g/330e41bb475c/api.js:1
[13179184ms] Blocked a frame with origin "https://challenges.cloudflare.com" from accessing a frame with origin "http://localhost:3000".  The frame requesting access has a protocol of "https", the frame being accessed has a protocol of "http". Protocols must match.

    at unknown (https://challenges.cloudflare.com/cdn-cgi/challenge-platform/h/g/turnstile/f/av0/rchAHDUPQMQ1vTWPK70at4pGsxaemqR6sWRQMvzWErHwG8-1788725739-1.3.1.1-ckjcR4R8n.wNLxVRkzAV3Tz44NNwU4tzFZ0MPi8Qd4U/p71i4/0x4AAAAAADV3ju2YEd8uiR-k/dark/fbE/failure_retry/flexible?lang=auto:1:34561)
    at DG (https://challenges.cloudflare.com/cdn-cgi/challenge-platform/h/g/turnstile/f/av0/rchAHDUPQMQ1vTWPK70at4pGsxaemqR6sWRQMvzWErHwG8-1788725739-1.3.1.1-ckjcR4R8n.wNLxVRkzAV3Tz44NNwU4tzFZ0MPi8Qd4U/p71i4/0x4AAAAAADV3ju2YEd8uiR-k/dark/fbE/failure_retry/flexible?lang=auto:1:231197)
    at QEryo (https://challenges.cloudflare.com/cdn-cgi/challenge-platform/h/g/turnstile/f/av0/rchAHDUPQMQ1vTWPK70at4pGsxaemqR6sWRQMvzWErHwG8-1788725739-1.3.1.1-ckjcR4R8n.wNLxVRkzAV3Tz44NNwU4tzFZ0MPi8Qd4U/p71i4/0x4AAAAAADV3ju2YEd8uiR-k/dark/fbE/failure_retry/flexible?lang=auto:1:220840)
    at D6 (https://challenges.cloudflare.com/cdn-cgi/challenge-platform/h/g/turnstile/f/av0/rchAHDUPQMQ1vTWPK70at4pGsxaemqR6sWRQMvzWErHwG8-1788725739-1.3.1.1-ckjcR4R8n.wNLxVRkzAV3Tz44NNwU4tzFZ0MPi8Qd4U/p71i4/0x4AAAAAADV3ju2YEd8uiR-k/dark/fbE/failure_retry/flexible?lang=auto:1:222124)
    at unknown (https://challenges.cloudflare.com/cdn-cgi/challenge-platform/h/g/turnstile/f/av0/rchAHDUPQMQ1vTWPK70at4pGsxaemqR6sWRQMvzWErHwG8-1788725739-1.3.1.1-ckjcR4R8n.wNLxVRkzAV3Tz44NNwU4tzFZ0MPi8Qd4U/p71i4/0x4AAAAAADV3ju2YEd8uiR-k/dark/fbE/failure_retry/flexible?lang=auto:1:34118)
    at DG (https://challenges.cloudflare.com/cdn-cgi/challenge-platform/h/g/turnstile/f/av0/rchAHDUPQMQ1vTWPK70at4pGsxaemqR6sWRQMvzWErHwG8-1788725739-1.3.1.1-ckjcR4R8n.wNLxVRkzAV3Tz44NNwU4tzFZ0MPi8Qd4U/p71i4/0x4AAAAAADV3ju2YEd8uiR-k/dark/fbE/failure_retry/flexible?lang=auto:1:231197)
    at njgeO (https://challenges.cloudflare.com/cdn-cgi/challenge-platform/h/g/turnstile/f/av0/rchAHDUPQMQ1vTWPK70at4pGsxaemqR6sWRQMvzWErHwG8-1788725739-1.3.1.1-ckjcR4R8n.wNLxVRkzAV3Tz44NNwU4tzFZ0MPi8Qd4U/p71i4/0x4AAAAAADV3ju2YEd8uiR-k/dark/fbE/failure_retry/flexible?lang=auto:1:124627)
    at eO (https://challenges.cloudflare.com/cdn-cgi/challenge-platform/h/g/turnstile/f/av0/rchAHDUPQMQ1vTWPK70at4pGsxaemqR6sWRQMvzWErHwG8-1788725739-1.3.1.1-ckjcR4R8n.wNLxVRkzAV3Tz44NNwU4tzFZ0MPi8Qd4U/p71i4/0x4AAAAAADV3ju2YEd8uiR-k/dark/fbE/failure_retry/flexible?lang=auto:1:133204)
    at fymXr (https://challenges.cloudflare.com/cdn-cgi/challenge-platform/h/g/turnstile/f/av0/rchAHDUPQMQ1vTWPK70at4pGsxaemqR6sWRQMvzWErHwG8-1788725739-1.3.1.1-ckjcR4R8n.wNLxVRkzAV3Tz44NNwU4tzFZ0MPi8Qd4U/p71i4/0x4AAAAAADV3ju2YEd8uiR-k/dark/fbE/failure_retry/flexible?lang=auto:1:70354)
    at bN (https://challenges.cloudflare.com/cdn-cgi/challenge-platform/h/g/turnstile/f/av0/rchAHDUPQMQ1vTWPK70at4pGsxaemqR6sWRQMvzWErHwG8-1788725739-1.3.1.1-ckjcR4R8n.wNLxVRkzAV3Tz44NNwU4tzFZ0MPi8Qd4U/p71i4/0x4AAAAAADV3ju2YEd8uiR-k/dark/fbE/failure_retry/flexible?lang=auto:1:76696)
    at KltsH (https://challenges.cloudflare.com/cdn-cgi/challenge-platform/h/g/turnstile/f/av0/rchAHDUPQMQ1vTWPK70at4pGsxaemqR6sWRQMvzWErHwG8-1788725739-1.3.1.1-ckjcR4R8n.wNLxVRkzAV3Tz44NNwU4tzFZ0MPi8Qd4U/p71i4/0x4AAAAAADV3ju2YEd8uiR-k/dark/fbE/failure_retry/flexible?lang=auto:1:70503)
    at bH (https://challenges.cloudflare.com/cdn-cgi/challenge-platform/h/g/turnstile/f/av0/rchAHDUPQMQ1vTWPK70at4pGsxaemqR6sWRQMvzWErHwG8-1788725739-1.3.1.1-ckjcR4R8n.wNLxVRkzAV3Tz44NNwU4tzFZ0MPi8Qd4U/p71i4/0x4AAAAAADV3ju2YEd8uiR-k/dark/fbE/failure_retry/flexible?lang=auto:1:72581)
[13179503ms] [ERROR] Failed to load resource: the server responded with a status of 400 () @ https://challenges.cloudflare.com/cdn-cgi/challenge-platform/h/g/fo/2546743002:1788721517:-SXRYh3RfnEnW5H5BpOsLeuayhPZ4DTV31ePWxsx9_c/a37025e60c0b5bb9/80WH95ENSscUz7IBWojBwQTsIkxp83uvb0ScXBWaNbY-1788725750-1.2.1.1-XZKtcYcpJgkEsZfoDzV2qeN9lmE9zAsGYjGD1UeN.5gNpXPg5Azy8C9.vPl1ZUFk:0
[13189881ms] Blocked a frame with origin "https://challenges.cloudflare.com" from accessing a frame with origin "http://localhost:3000".  The frame requesting access has a protocol of "https", the frame being accessed has a protocol of "http". Protocols must match.

    at unknown (https://challenges.cloudflare.com/cdn-cgi/challenge-platform/h/g/turnstile/f/av0/rchpW86eh_HRekzfSS1OANF160lJZI78zdWkS_WI..o9G0-1788725750-1.3.1.1-ur_ZHuzZQqg26wcaMipLA8r6pgpBiGVTzoOEFYz9qck/p71i4/0x4AAAAAADV3ju2YEd8uiR-k/dark/fbE/failure_retry/flexible?lang=auto:1:34184)
    at DG (https://challenges.cloudflare.com/cdn-cgi/challenge-platform/h/g/turnstile/f/av0/rchpW86eh_HRekzfSS1OANF160lJZI78zdWkS_WI..o9G0-1788725750-1.3.1.1-ur_ZHuzZQqg26wcaMipLA8r6pgpBiGVTzoOEFYz9qck/p71i4/0x4AAAAAADV3ju2YEd8uiR-k/dark/fbE/failure_retry/flexible?lang=auto:1:143879)
    at D6 (https://challenges.cloudflare.com/cdn-cgi/challenge-platform/h/g/turnstile/f/av0/rchpW86eh_HRekzfSS1OANF160lJZI78zdWkS_WI..o9G0-1788725750-1.3.1.1-ur_ZHuzZQqg26wcaMipLA8r6pgpBiGVTzoOEFYz9qck/p71i4/0x4AAAAAADV3ju2YEd8uiR-k/dark/fbE/failure_retry/flexible?lang=auto:1:234261)
    at unknown (https://challenges.cloudflare.com/cdn-cgi/challenge-platform/h/g/turnstile/f/av0/rchpW86eh_HRekzfSS1OANF160lJZI78zdWkS_WI..o9G0-1788725750-1.3.1.1-ur_ZHuzZQqg26wcaMipLA8r6pgpBiGVTzoOEFYz9qck/p71i4/0x4AAAAAADV3ju2YEd8uiR-k/dark/fbE/failure_retry/flexible?lang=auto:1:33741)
    at DG (https://challenges.cloudflare.com/cdn-cgi/challenge-platform/h/g/turnstile/f/av0/rchpW86eh_HRekzfSS1OANF160lJZI78zdWkS_WI..o9G0-1788725750-1.3.1.1-ur_ZHuzZQqg26wcaMipLA8r6pgpBiGVTzoOEFYz9qck/p71i4/0x4AAAAAADV3ju2YEd8uiR-k/dark/fbE/failure_retry/flexible?lang=auto:1:143879)
    at pFJng (https://challenges.cloudflare.com/cdn-cgi/challenge-platform/h/g/turnstile/f/av0/rchpW86eh_HRekzfSS1OANF160lJZI78zdWkS_WI..o9G0-1788725750-1.3.1.1-ur_ZHuzZQqg26wcaMipLA8r6pgpBiGVTzoOEFYz9qck/p71i4/0x4AAAAAADV3ju2YEd8uiR-k/dark/fbE/failure_retry/flexible?lang=auto:1:168954)
    at eO (https://challenges.cloudflare.com/cdn-cgi/challenge-platform/h/g/turnstile/f/av0/rchpW86eh_HRekzfSS1OANF160lJZI78zdWkS_WI..o9G0-1788725750-1.3.1.1-ur_ZHuzZQqg26wcaMipLA8r6pgpBiGVTzoOEFYz9qck/p71i4/0x4AAAAAADV3ju2YEd8uiR-k/dark/fbE/failure_retry/flexible?lang=auto:1:176445)
    at jJyXP (https://challenges.cloudflare.com/cdn-cgi/challenge-platform/h/g/turnstile/f/av0/rchpW86eh_HRekzfSS1OANF160lJZI78zdWkS_WI..o9G0-1788725750-1.3.1.1-ur_ZHuzZQqg26wcaMipLA8r6pgpBiGVTzoOEFYz9qck/p71i4/0x4AAAAAADV3ju2YEd8uiR-k/dark/fbE/failure_retry/flexible?lang=auto:1:248509)
    at bN (https://challenges.cloudflare.com/cdn-cgi/challenge-platform/h/g/turnstile/f/av0/rchpW86eh_HRekzfSS1OANF160lJZI78zdWkS_WI..o9G0-1788725750-1.3.1.1-ur_ZHuzZQqg26wcaMipLA8r6pgpBiGVTzoOEFYz9qck/p71i4/0x4AAAAAADV3ju2YEd8uiR-k/dark/fbE/failure_retry/flexible?lang=auto:1:256159)
    at bH (https://challenges.cloudflare.com/cdn-cgi/challenge-platform/h/g/turnstile/f/av0/rchpW86eh_HRekzfSS1OANF160lJZI78zdWkS_WI..o9G0-1788725750-1.3.1.1-ur_ZHuzZQqg26wcaMipLA8r6pgpBiGVTzoOEFYz9qck/p71i4/0x4AAAAAADV3ju2YEd8uiR-k/dark/fbE/failure_retry/flexible?lang=auto:1:250861)
[13190185ms] [ERROR] Failed to load resource: the server responded with a status of 400 () @ https://challenges.cloudflare.com/cdn-cgi/challenge-platform/h/g/fo/2546743002:1788721517:-SXRYh3RfnEnW5H5BpOsLeuayhPZ4DTV31ePWxsx9_c/a370262b39e45bb9/Ni6dlmnF6mYJj77o0K1A8g5OXhMjY1Yd6L7_u.BVlWg-1788725761-1.2.1.1-TQnVbWdOwuzcBwYpO1BhfXTZtrUJdqjOfAFKKE8VW6rYR6_XexBiJJRlB7a4sSXp:0
[14436175ms] Blocked a frame with origin "https://challenges.cloudflare.com" from accessing a frame with origin "http://localhost:3000".  The frame requesting access has a protocol of "https", the frame being accessed has a protocol of "http". Protocols must match.

    at unknown (https://challenges.cloudflare.com/cdn-cgi/challenge-platform/h/g/turnstile/f/av0/rch_CZ9Wn0eSLUEmB6WnhBjfWUY27nxZ3uryyhXgueF2f0-1788725761-1.3.1.1-AXnOgFsUw4GYz.8rxbr_s1DylHz4.6A3Yxqe8kLIT8o/p71i4/0x4AAAAAADV3ju2YEd8uiR-k/dark/fbE/failure_retry/flexible?lang=auto:1:40901)
    at YX (https://challenges.cloudflare.com/cdn-cgi/challenge-platform/h/g/turnstile/f/av0/rch_CZ9Wn0eSLUEmB6WnhBjfWUY27nxZ3uryyhXgueF2f0-1788725761-1.3.1.1-AXnOgFsUw4GYz.8rxbr_s1DylHz4.6A3Yxqe8kLIT8o/p71i4/0x4AAAAAADV3ju2YEd8uiR-k/dark/fbE/failure_retry/flexible?lang=auto:1:55820)
    at Yo (https://challenges.cloudflare.com/cdn-cgi/challenge-platform/h/g/turnstile/f/av0/rch_CZ9Wn0eSLUEmB6WnhBjfWUY27nxZ3uryyhXgueF2f0-1788725761-1.3.1.1-AXnOgFsUw4GYz.8rxbr_s1DylHz4.6A3Yxqe8kLIT8o/p71i4/0x4AAAAAADV3ju2YEd8uiR-k/dark/fbE/failure_retry/flexible?lang=auto:1:99147)
    at unknown (https://challenges.cloudflare.com/cdn-cgi/challenge-platform/h/g/turnstile/f/av0/rch_CZ9Wn0eSLUEmB6WnhBjfWUY27nxZ3uryyhXgueF2f0-1788725761-1.3.1.1-AXnOgFsUw4GYz.8rxbr_s1DylHz4.6A3Yxqe8kLIT8o/p71i4/0x4AAAAAADV3ju2YEd8uiR-k/dark/fbE/failure_retry/flexible?lang=auto:1:40452)
    at YX (https://challenges.cloudflare.com/cdn-cgi/challenge-platform/h/g/turnstile/f/av0/rch_CZ9Wn0eSLUEmB6WnhBjfWUY27nxZ3uryyhXgueF2f0-1788725761-1.3.1.1-AXnOgFsUw4GYz.8rxbr_s1DylHz4.6A3Yxqe8kLIT8o/p71i4/0x4AAAAAADV3ju2YEd8uiR-k/dark/fbE/failure_retry/flexible?lang=auto:1:55820)
    at b (https://challenges.cloudflare.com/cdn-cgi/challenge-platform/h/g/turnstile/f/av0/rch_CZ9Wn0eSLUEmB6WnhBjfWUY27nxZ3uryyhXgueF2f0-1788725761-1.3.1.1-AXnOgFsUw4GYz.8rxbr_s1DylHz4.6A3Yxqe8kLIT8o/p71i4/0x4AAAAAADV3ju2YEd8uiR-k/dark/fbE/failure_retry/flexible?lang=auto:1:67947)
    at mZ (https://challenges.cloudflare.com/cdn-cgi/challenge-platform/h/g/turnstile/f/av0/rch_CZ9Wn0eSLUEmB6WnhBjfWUY27nxZ3uryyhXgueF2f0-1788725761-1.3.1.1-AXnOgFsUw4GYz.8rxbr_s1DylHz4.6A3Yxqe8kLIT8o/p71i4/0x4AAAAAADV3ju2YEd8uiR-k/dark/fbE/failure_retry/flexible?lang=auto:1:133614)
    at FOFbU (https://challenges.cloudflare.com/cdn-cgi/challenge-platform/h/g/turnstile/f/av0/rch_CZ9Wn0eSLUEmB6WnhBjfWUY27nxZ3uryyhXgueF2f0-1788725761-1.3.1.1-AXnOgFsUw4GYz.8rxbr_s1DylHz4.6A3Yxqe8kLIT8o/p71i4/0x4AAAAAADV3ju2YEd8uiR-k/dark/fbE/failure_retry/flexible?lang=auto:1:126413)
    at mq (https://challenges.cloudflare.com/cdn-cgi/challenge-platform/h/g/turnstile/f/av0/rch_CZ9Wn0eSLUEmB6WnhBjfWUY27nxZ3uryyhXgueF2f0-1788725761-1.3.1.1-AXnOgFsUw4GYz.8rxbr_s1DylHz4.6A3Yxqe8kLIT8o/p71i4/0x4AAAAAADV3ju2YEd8uiR-k/dark/fbE/failure_retry/flexible?lang=auto:1:128304)
[14436319ms] [ERROR] Failed to load resource: the server responded with a status of 400 () @ https://challenges.cloudflare.com/cdn-cgi/challenge-platform/h/g/fo/3527701768:1788725108:TR5Ncl34j9EXnMks1vkatvYsSrjeBBkqLGPGSREBbTw/a3704499ca1527b8/05ElvCePLCBQWuSLCnDrdAiYh2RhYq4h3KBGFPiCV_Q-1788727008-1.2.1.1-AGvpTx772jBjc1F8lGHbg940d8l66_FesVYI.QlKnXqH5EbrHVROt1DNkXV4RE79:0
[14446565ms] Blocked a frame with origin "https://challenges.cloudflare.com" from accessing a frame with origin "http://localhost:3000".  The frame requesting access has a protocol of "https", the frame being accessed has a protocol of "http". Protocols must match.

    at unknown (https://challenges.cloudflare.com/cdn-cgi/challenge-platform/h/g/turnstile/f/av0/rchhASeQpi2t1EW0gUOgRWWZgoPuS55Kq4jvsHjrsju8Bo-1788727008-1.3.1.1-3qxRJEWzTtl5H84BtAIAXnZyE6pEmSYD2xIukGinxH0/p71i4/0x4AAAAAADV3ju2YEd8uiR-k/dark/fbE/failure_retry/flexible?lang=auto:1:41318)
    at Yu (https://challenges.cloudflare.com/cdn-cgi/challenge-platform/h/g/turnstile/f/av0/rchhASeQpi2t1EW0gUOgRWWZgoPuS55Kq4jvsHjrsju8Bo-1788727008-1.3.1.1-3qxRJEWzTtl5H84BtAIAXnZyE6pEmSYD2xIukGinxH0/p71i4/0x4AAAAAADV3ju2YEd8uiR-k/dark/fbE/failure_retry/flexible?lang=auto:1:59041)
    at YM (https://challenges.cloudflare.com/cdn-cgi/challenge-platform/h/g/turnstile/f/av0/rchhASeQpi2t1EW0gUOgRWWZgoPuS55Kq4jvsHjrsju8Bo-1788727008-1.3.1.1-3qxRJEWzTtl5H84BtAIAXnZyE6pEmSYD2xIukGinxH0/p71i4/0x4AAAAAADV3ju2YEd8uiR-k/dark/fbE/failure_retry/flexible?lang=auto:1:55061)
    at unknown (https://challenges.cloudflare.com/cdn-cgi/challenge-platform/h/g/turnstile/f/av0/rchhASeQpi2t1EW0gUOgRWWZgoPuS55Kq4jvsHjrsju8Bo-1788727008-1.3.1.1-3qxRJEWzTtl5H84BtAIAXnZyE6pEmSYD2xIukGinxH0/p71i4/0x4AAAAAADV3ju2YEd8uiR-k/dark/fbE/failure_retry/flexible?lang=auto:1:40869)
    at Yu (https://challenges.cloudflare.com/cdn-cgi/challenge-platform/h/g/turnstile/f/av0/rchhASeQpi2t1EW0gUOgRWWZgoPuS55Kq4jvsHjrsju8Bo-1788727008-1.3.1.1-3qxRJEWzTtl5H84BtAIAXnZyE6pEmSYD2xIukGinxH0/p71i4/0x4AAAAAADV3ju2YEd8uiR-k/dark/fbE/failure_retry/flexible?lang=auto:1:59041)
    at s (https://challenges.cloudflare.com/cdn-cgi/challenge-platform/h/g/turnstile/f/av0/rchhASeQpi2t1EW0gUOgRWWZgoPuS55Kq4jvsHjrsju8Bo-1788727008-1.3.1.1-3qxRJEWzTtl5H84BtAIAXnZyE6pEmSYD2xIukGinxH0/p71i4/0x4AAAAAADV3ju2YEd8uiR-k/dark/fbE/failure_retry/flexible?lang=auto:1:70517)
    at mZ (https://challenges.cloudflare.com/cdn-cgi/challenge-platform/h/g/turnstile/f/av0/rchhASeQpi2t1EW0gUOgRWWZgoPuS55Kq4jvsHjrsju8Bo-1788727008-1.3.1.1-3qxRJEWzTtl5H84BtAIAXnZyE6pEmSYD2xIukGinxH0/p71i4/0x4AAAAAADV3ju2YEd8uiR-k/dark/fbE/failure_retry/flexible?lang=auto:1:120743)
    at mq (https://challenges.cloudflare.com/cdn-cgi/challenge-platform/h/g/turnstile/f/av0/rchhASeQpi2t1EW0gUOgRWWZgoPuS55Kq4jvsHjrsju8Bo-1788727008-1.3.1.1-3qxRJEWzTtl5H84BtAIAXnZyE6pEmSYD2xIukGinxH0/p71i4/0x4AAAAAADV3ju2YEd8uiR-k/dark/fbE/failure_retry/flexible?lang=auto:1:116567)
[14446856ms] [ERROR] Failed to load resource: the server responded with a status of 400 () @ https://challenges.cloudflare.com/cdn-cgi/challenge-platform/h/g/fo/3527701768:1788725108:TR5Ncl34j9EXnMks1vkatvYsSrjeBBkqLGPGSREBbTw/a37044da0a1a27b8/OnnaM8Ldwm04mpD0cq4U4DFdPLJr8extWxKNIC9k5Eg-1788727018-1.2.1.1-Oi6Bga6HUhU5_B78Y5w.Ohrwebdxcr344uRXK8CYOkU_NSG4B4OLuRu4sDstLuwZ:0
[14454259ms] Blocked a frame with origin "https://challenges.cloudflare.com" from accessing a frame with origin "http://localhost:3000".  The frame requesting access has a protocol of "https", the frame being accessed has a protocol of "http". Protocols must match.

    at unknown (https://challenges.cloudflare.com/cdn-cgi/challenge-platform/h/g/turnstile/f/av0/rchRSpwErraNk.6dTJmaIsA0oL.vCDd_Hl6q5g9tdQvqi8-1788727018-1.3.1.1-cl0EcqoyHWQNVKO4TE0FFPUkJv5WG3K4U_RUq2z4Hng/p71i4/0x4AAAAAADV3ju2YEd8uiR-k/dark/fbE/api/flexible?lang=auto:1:41268)
    at KJ (https://challenges.cloudflare.com/cdn-cgi/challenge-platform/h/g/turnstile/f/av0/rchRSpwErraNk.6dTJmaIsA0oL.vCDd_Hl6q5g9tdQvqi8-1788727018-1.3.1.1-cl0EcqoyHWQNVKO4TE0FFPUkJv5WG3K4U_RUq2z4Hng/p71i4/0x4AAAAAADV3ju2YEd8uiR-k/dark/fbE/api/flexible?lang=auto:1:231009)
    at KM (https://challenges.cloudflare.com/cdn-cgi/challenge-platform/h/g/turnstile/f/av0/rchRSpwErraNk.6dTJmaIsA0oL.vCDd_Hl6q5g9tdQvqi8-1788727018-1.3.1.1-cl0EcqoyHWQNVKO4TE0FFPUkJv5WG3K4U_RUq2z4Hng/p71i4/0x4AAAAAADV3ju2YEd8uiR-k/dark/fbE/api/flexible?lang=auto:1:169870)
    at unknown (https://challenges.cloudflare.com/cdn-cgi/challenge-platform/h/g/turnstile/f/av0/rchRSpwErraNk.6dTJmaIsA0oL.vCDd_Hl6q5g9tdQvqi8-1788727018-1.3.1.1-cl0EcqoyHWQNVKO4TE0FFPUkJv5WG3K4U_RUq2z4Hng/p71i4/0x4AAAAAADV3ju2YEd8uiR-k/dark/fbE/api/flexible?lang=auto:1:40819)
    at KJ (https://challenges.cloudflare.com/cdn-cgi/challenge-platform/h/g/turnstile/f/av0/rchRSpwErraNk.6dTJmaIsA0oL.vCDd_Hl6q5g9tdQvqi8-1788727018-1.3.1.1-cl0EcqoyHWQNVKO4TE0FFPUkJv5WG3K4U_RUq2z4Hng/p71i4/0x4AAAAAADV3ju2YEd8uiR-k/dark/fbE/api/flexible?lang=auto:1:231009)
    at i (https://challenges.cloudflare.com/cdn-cgi/challenge-platform/h/g/turnstile/f/av0/rchRSpwErraNk.6dTJmaIsA0oL.vCDd_Hl6q5g9tdQvqi8-1788727018-1.3.1.1-cl0EcqoyHWQNVKO4TE0FFPUkJv5WG3K4U_RUq2z4Hng/p71i4/0x4AAAAAADV3ju2YEd8uiR-k/dark/fbE/api/flexible?lang=auto:1:82564)
    at hgMSj (https://challenges.cloudflare.com/cdn-cgi/challenge-platform/h/g/turnstile/f/av0/rchRSpwErraNk.6dTJmaIsA0oL.vCDd_Hl6q5g9tdQvqi8-1788727018-1.3.1.1-cl0EcqoyHWQNVKO4TE0FFPUkJv5WG3K4U_RUq2z4Hng/p71i4/0x4AAAAAADV3ju2YEd8uiR-k/dark/fbE/api/flexible?lang=auto:1:196055)
    at CX (https://challenges.cloudflare.com/cdn-cgi/challenge-platform/h/g/turnstile/f/av0/rchRSpwErraNk.6dTJmaIsA0oL.vCDd_Hl6q5g9tdQvqi8-1788727018-1.3.1.1-cl0EcqoyHWQNVKO4TE0FFPUkJv5WG3K4U_RUq2z4Hng/p71i4/0x4AAAAAADV3ju2YEd8uiR-k/dark/fbE/api/flexible?lang=auto:1:199932)
    at Co (https://challenges.cloudflare.com/cdn-cgi/challenge-platform/h/g/turnstile/f/av0/rchRSpwErraNk.6dTJmaIsA0oL.vCDd_Hl6q5g9tdQvqi8-1788727018-1.3.1.1-cl0EcqoyHWQNVKO4TE0FFPUkJv5WG3K4U_RUq2z4Hng/p71i4/0x4AAAAAADV3ju2YEd8uiR-k/dark/fbE/api/flexible?lang=auto:1:198190)
[14454609ms] [ERROR] Failed to load resource: the server responded with a status of 400 () @ https://challenges.cloudflare.com/cdn-cgi/challenge-platform/h/g/fo/3527701768:1788725108:TR5Ncl34j9EXnMks1vkatvYsSrjeBBkqLGPGSREBbTw/a3704508cad827b8/86hYIwCQ4kr8oOEs3B_.ltQudzFKfnOi2Nf66wZxInY-1788727026-1.2.1.1-1ssJsGSNUA.0gb2FuQwPS4IX7tOI8hsRNFEvqUcBmpmYmZwLqr9oaFsBth2RNaDe:0
[14465786ms] Blocked a frame with origin "https://challenges.cloudflare.com" from accessing a frame with origin "http://localhost:3000".  The frame requesting access has a protocol of "https", the frame being accessed has a protocol of "http". Protocols must match.

    at unknown (https://challenges.cloudflare.com/cdn-cgi/challenge-platform/h/g/turnstile/f/av0/rchmxr9llk8ms2RJ4B35G29MytiE9Eq3kG4BmbMkEeiDBM-1788727026-1.3.1.1-YuHYEeB7c9k9joydfCschx09aI5vjgXthZ2zqiKOFWQ/p71i4/0x4AAAAAADV3ju2YEd8uiR-k/dark/fbE/failure_retry/flexible?lang=auto:1:41597)
    at KJ (https://challenges.cloudflare.com/cdn-cgi/challenge-platform/h/g/turnstile/f/av0/rchmxr9llk8ms2RJ4B35G29MytiE9Eq3kG4BmbMkEeiDBM-1788727026-1.3.1.1-YuHYEeB7c9k9joydfCschx09aI5vjgXthZ2zqiKOFWQ/p71i4/0x4AAAAAADV3ju2YEd8uiR-k/dark/fbE/failure_retry/flexible?lang=auto:1:98152)
    at KM (https://challenges.cloudflare.com/cdn-cgi/challenge-platform/h/g/turnstile/f/av0/rchmxr9llk8ms2RJ4B35G29MytiE9Eq3kG4BmbMkEeiDBM-1788727026-1.3.1.1-YuHYEeB7c9k9joydfCschx09aI5vjgXthZ2zqiKOFWQ/p71i4/0x4AAAAAADV3ju2YEd8uiR-k/dark/fbE/failure_retry/flexible?lang=auto:1:209391)
    at unknown (https://challenges.cloudflare.com/cdn-cgi/challenge-platform/h/g/turnstile/f/av0/rchmxr9llk8ms2RJ4B35G29MytiE9Eq3kG4BmbMkEeiDBM-1788727026-1.3.1.1-YuHYEeB7c9k9joydfCschx09aI5vjgXthZ2zqiKOFWQ/p71i4/0x4AAAAAADV3ju2YEd8uiR-k/dark/fbE/failure_retry/flexible?lang=auto:1:41148)
    at KJ (https://challenges.cloudflare.com/cdn-cgi/challenge-platform/h/g/turnstile/f/av0/rchmxr9llk8ms2RJ4B35G29MytiE9Eq3kG4BmbMkEeiDBM-1788727026-1.3.1.1-YuHYEeB7c9k9joydfCschx09aI5vjgXthZ2zqiKOFWQ/p71i4/0x4AAAAAADV3ju2YEd8uiR-k/dark/fbE/failure_retry/flexible?lang=auto:1:98152)
    at i (https://challenges.cloudflare.com/cdn-cgi/challenge-platform/h/g/turnstile/f/av0/rchmxr9llk8ms2RJ4B35G29MytiE9Eq3kG4BmbMkEeiDBM-1788727026-1.3.1.1-YuHYEeB7c9k9joydfCschx09aI5vjgXthZ2zqiKOFWQ/p71i4/0x4AAAAAADV3ju2YEd8uiR-k/dark/fbE/failure_retry/flexible?lang=auto:1:87156)
    at CX (https://challenges.cloudflare.com/cdn-cgi/challenge-platform/h/g/turnstile/f/av0/rchmxr9llk8ms2RJ4B35G29MytiE9Eq3kG4BmbMkEeiDBM-1788727026-1.3.1.1-YuHYEeB7c9k9joydfCschx09aI5vjgXthZ2zqiKOFWQ/p71i4/0x4AAAAAADV3ju2YEd8uiR-k/dark/fbE/failure_retry/flexible?lang=auto:1:118266)
    at OQzOc (https://challenges.cloudflare.com/cdn-cgi/challenge-platform/h/g/turnstile/f/av0/rchmxr9llk8ms2RJ4B35G29MytiE9Eq3kG4BmbMkEeiDBM-1788727026-1.3.1.1-YuHYEeB7c9k9joydfCschx09aI5vjgXthZ2zqiKOFWQ/p71i4/0x4AAAAAADV3ju2YEd8uiR-k/dark/fbE/failure_retry/flexible?lang=auto:1:113667)
    at Co (https://challenges.cloudflare.com/cdn-cgi/challenge-platform/h/g/turnstile/f/av0/rchmxr9llk8ms2RJ4B35G29MytiE9Eq3kG4BmbMkEeiDBM-1788727026-1.3.1.1-YuHYEeB7c9k9joydfCschx09aI5vjgXthZ2zqiKOFWQ/p71i4/0x4AAAAAADV3ju2YEd8uiR-k/dark/fbE/failure_retry/flexible?lang=auto:1:116318)
[14466064ms] [ERROR] Failed to load resource: the server responded with a status of 400 () @ https://challenges.cloudflare.com/cdn-cgi/challenge-platform/h/g/fo/3527701768:1788725108:TR5Ncl34j9EXnMks1vkatvYsSrjeBBkqLGPGSREBbTw/a370454d08c027b8/Pdd8GOqIrNWcxMrv8snskS70Nfga__XwmhAPBO.oumI-1788727036-1.2.1.1-rhrthPUXbT8YetsOLoWmzIoicWdL5bezL8IbCIfrjnfp7OWBb8kMvk_921UmFDCs:0
[14476554ms] Blocked a frame with origin "https://challenges.cloudflare.com" from accessing a frame with origin "http://localhost:3000".  The frame requesting access has a protocol of "https", the frame being accessed has a protocol of "http". Protocols must match.

    at unknown (https://challenges.cloudflare.com/cdn-cgi/challenge-platform/h/g/turnstile/f/av0/rchRwfqPf3k9qY50AAzhZESELzdiji.bGnu2HpwBsXw8Jw-1788727036-1.3.1.1-XIcO6mqMZDJ6NfomtaX60w7O9XchqsMHGyI5eKCyxZY/p71i4/0x4AAAAAADV3ju2YEd8uiR-k/dark/fbE/failure_retry/flexible?lang=auto:1:41706)
    at KJ (https://challenges.cloudflare.com/cdn-cgi/challenge-platform/h/g/turnstile/f/av0/rchRwfqPf3k9qY50AAzhZESELzdiji.bGnu2HpwBsXw8Jw-1788727036-1.3.1.1-XIcO6mqMZDJ6NfomtaX60w7O9XchqsMHGyI5eKCyxZY/p71i4/0x4AAAAAADV3ju2YEd8uiR-k/dark/fbE/failure_retry/flexible?lang=auto:1:226475)
    at KM (https://challenges.cloudflare.com/cdn-cgi/challenge-platform/h/g/turnstile/f/av0/rchRwfqPf3k9qY50AAzhZESELzdiji.bGnu2HpwBsXw8Jw-1788727036-1.3.1.1-XIcO6mqMZDJ6NfomtaX60w7O9XchqsMHGyI5eKCyxZY/p71i4/0x4AAAAAADV3ju2YEd8uiR-k/dark/fbE/failure_retry/flexible?lang=auto:1:206166)
    at unknown (https://challenges.cloudflare.com/cdn-cgi/challenge-platform/h/g/turnstile/f/av0/rchRwfqPf3k9qY50AAzhZESELzdiji.bGnu2HpwBsXw8Jw-1788727036-1.3.1.1-XIcO6mqMZDJ6NfomtaX60w7O9XchqsMHGyI5eKCyxZY/p71i4/0x4AAAAAADV3ju2YEd8uiR-k/dark/fbE/failure_retry/flexible?lang=auto:1:41257)
    at KJ (https://challenges.cloudflare.com/cdn-cgi/challenge-platform/h/g/turnstile/f/av0/rchRwfqPf3k9qY50AAzhZESELzdiji.bGnu2HpwBsXw8Jw-1788727036-1.3.1.1-XIcO6mqMZDJ6NfomtaX60w7O9XchqsMHGyI5eKCyxZY/p71i4/0x4AAAAAADV3ju2YEd8uiR-k/dark/fbE/failure_retry/flexible?lang=auto:1:226475)
    at Aouvj (https://challenges.cloudflare.com/cdn-cgi/challenge-platform/h/g/turnstile/f/av0/rchRwfqPf3k9qY50AAzhZESELzdiji.bGnu2HpwBsXw8Jw-1788727036-1.3.1.1-XIcO6mqMZDJ6NfomtaX60w7O9XchqsMHGyI5eKCyxZY/p71i4/0x4AAAAAADV3ju2YEd8uiR-k/dark/fbE/failure_retry/flexible?lang=auto:1:211278)
    at i (https://challenges.cloudflare.com/cdn-cgi/challenge-platform/h/g/turnstile/f/av0/rchRwfqPf3k9qY50AAzhZESELzdiji.bGnu2HpwBsXw8Jw-1788727036-1.3.1.1-XIcO6mqMZDJ6NfomtaX60w7O9XchqsMHGyI5eKCyxZY/p71i4/0x4AAAAAADV3ju2YEd8uiR-k/dark/fbE/failure_retry/flexible?lang=auto:1:219292)
    at CX (https://challenges.cloudflare.com/cdn-cgi/challenge-platform/h/g/turnstile/f/av0/rchRwfqPf3k9qY50AAzhZESELzdiji.bGnu2HpwBsXw8Jw-1788727036-1.3.1.1-XIcO6mqMZDJ6NfomtaX60w7O9XchqsMHGyI5eKCyxZY/p71i4/0x4AAAAAADV3ju2YEd8uiR-k/dark/fbE/failure_retry/flexible?lang=auto:1:197513)
    at Co (https://challenges.cloudflare.com/cdn-cgi/challenge-platform/h/g/turnstile/f/av0/rchRwfqPf3k9qY50AAzhZESELzdiji.bGnu2HpwBsXw8Jw-1788727036-1.3.1.1-XIcO6mqMZDJ6NfomtaX60w7O9XchqsMHGyI5eKCyxZY/p71i4/0x4AAAAAADV3ju2YEd8uiR-k/dark/fbE/failure_retry/flexible?lang=auto:1:196350)
[14476821ms] [ERROR] Failed to load resource: the server responded with a status of 400 () @ https://challenges.cloudflare.com/cdn-cgi/challenge-platform/h/g/fo/3527701768:1788725108:TR5Ncl34j9EXnMks1vkatvYsSrjeBBkqLGPGSREBbTw/a37045942e6627b8/W56CjsZ.ABGzjlS3bimoh2OeU1I4uIB1L6pujeSBv0M-1788727048-1.2.1.1-xERCn.x0Zq2WVae5b0layUPjBKbIjbS5SzNb8uRcgLJPyAgYTTDtmw0J_V.XHyvI:0
[15514541ms] Blocked a frame with origin "https://challenges.cloudflare.com" from accessing a frame with origin "http://localhost:3000".  The frame requesting access has a protocol of "https", the frame being accessed has a protocol of "http". Protocols must match.

    at unknown (https://challenges.cloudflare.com/cdn-cgi/challenge-platform/h/g/turnstile/f/av0/rch0.Eqw_dmALqReJZdiWQM7ZieMazlNqkxohiepGD7NbM-1788727048-1.3.1.1-vvlE_duVH1wqI3zrGCsrGxbaNAVAr_i1rHgOtRNUDHk/p71i4/0x4AAAAAADV3ju2YEd8uiR-k/dark/fbE/failure_retry/flexible?lang=auto:1:41344)
    at YX (https://challenges.cloudflare.com/cdn-cgi/challenge-platform/h/g/turnstile/f/av0/rch0.Eqw_dmALqReJZdiWQM7ZieMazlNqkxohiepGD7NbM-1788727048-1.3.1.1-vvlE_duVH1wqI3zrGCsrGxbaNAVAr_i1rHgOtRNUDHk/p71i4/0x4AAAAAADV3ju2YEd8uiR-k/dark/fbE/failure_retry/flexible?lang=auto:1:182902)
    at Yo (https://challenges.cloudflare.com/cdn-cgi/challenge-platform/h/g/turnstile/f/av0/rch0.Eqw_dmALqReJZdiWQM7ZieMazlNqkxohiepGD7NbM-1788727048-1.3.1.1-vvlE_duVH1wqI3zrGCsrGxbaNAVAr_i1rHgOtRNUDHk/p71i4/0x4AAAAAADV3ju2YEd8uiR-k/dark/fbE/failure_retry/flexible?lang=auto:1:167604)
    at unknown (https://challenges.cloudflare.com/cdn-cgi/challenge-platform/h/g/turnstile/f/av0/rch0.Eqw_dmALqReJZdiWQM7ZieMazlNqkxohiepGD7NbM-1788727048-1.3.1.1-vvlE_duVH1wqI3zrGCsrGxbaNAVAr_i1rHgOtRNUDHk/p71i4/0x4AAAAAADV3ju2YEd8uiR-k/dark/fbE/failure_retry/flexible?lang=auto:1:40895)
    at YX (https://challenges.cloudflare.com/cdn-cgi/challenge-platform/h/g/turnstile/f/av0/rch0.Eqw_dmALqReJZdiWQM7ZieMazlNqkxohiepGD7NbM-1788727048-1.3.1.1-vvlE_duVH1wqI3zrGCsrGxbaNAVAr_i1rHgOtRNUDHk/p71i4/0x4AAAAAADV3ju2YEd8uiR-k/dark/fbE/failure_retry/flexible?lang=auto:1:182902)
    at b (https://challenges.cloudflare.com/cdn-cgi/challenge-platform/h/g/turnstile/f/av0/rch0.Eqw_dmALqReJZdiWQM7ZieMazlNqkxohiepGD7NbM-1788727048-1.3.1.1-vvlE_duVH1wqI3zrGCsrGxbaNAVAr_i1rHgOtRNUDHk/p71i4/0x4AAAAAADV3ju2YEd8uiR-k/dark/fbE/failure_retry/flexible?lang=auto:1:85530)
    at mZ (https://challenges.cloudflare.com/cdn-cgi/challenge-platform/h/g/turnstile/f/av0/rch0.Eqw_dmALqReJZdiWQM7ZieMazlNqkxohiepGD7NbM-1788727048-1.3.1.1-vvlE_duVH1wqI3zrGCsrGxbaNAVAr_i1rHgOtRNUDHk/p71i4/0x4AAAAAADV3ju2YEd8uiR-k/dark/fbE/failure_retry/flexible?lang=auto:1:199660)
    at mq (https://challenges.cloudflare.com/cdn-cgi/challenge-platform/h/g/turnstile/f/av0/rch0.Eqw_dmALqReJZdiWQM7ZieMazlNqkxohiepGD7NbM-1788727048-1.3.1.1-vvlE_duVH1wqI3zrGCsrGxbaNAVAr_i1rHgOtRNUDHk/p71i4/0x4AAAAAADV3ju2YEd8uiR-k/dark/fbE/failure_retry/flexible?lang=auto:1:198405)
[15514677ms] [ERROR] Failed to load resource: the server responded with a status of 400 () @ https://challenges.cloudflare.com/cdn-cgi/challenge-platform/h/g/fo/3527701768:1788725108:TR5Ncl34j9EXnMks1vkatvYsSrjeBBkqLGPGSREBbTw/a3705eed7e449e0f/nOfEQnnQXK9szIuDcsLPQIJTgoBnj97XeQWv3z1Rb5c-1788728086-1.2.1.1-B887olLNWsOIid.AiZFC6iQq2ccG1O0KDTU7ZadjHVaLxyCGFXnEdLVQsy1_MJLf:0
[15526617ms] Blocked a frame with origin "https://challenges.cloudflare.com" from accessing a frame with origin "http://localhost:3000".  The frame requesting access has a protocol of "https", the frame being accessed has a protocol of "http". Protocols must match.

    at unknown (https://challenges.cloudflare.com/cdn-cgi/challenge-platform/h/g/turnstile/f/av0/rchFeqDtLFtxkWFtpKXeE0v7kXbqQHl6lG59JTVSQa50xI-1788728086-1.3.1.1-I6H_hYXQjtyVQtIdgc3MvDHZ3KBZRsCbevxBht8UTxg/p71i4/0x4AAAAAADV3ju2YEd8uiR-k/dark/fbE/failure_retry/flexible?lang=auto:1:40667)
    at KJ (https://challenges.cloudflare.com/cdn-cgi/challenge-platform/h/g/turnstile/f/av0/rchFeqDtLFtxkWFtpKXeE0v7kXbqQHl6lG59JTVSQa50xI-1788728086-1.3.1.1-I6H_hYXQjtyVQtIdgc3MvDHZ3KBZRsCbevxBht8UTxg/p71i4/0x4AAAAAADV3ju2YEd8uiR-k/dark/fbE/failure_retry/flexible?lang=auto:1:111609)
    at KM (https://challenges.cloudflare.com/cdn-cgi/challenge-platform/h/g/turnstile/f/av0/rchFeqDtLFtxkWFtpKXeE0v7kXbqQHl6lG59JTVSQa50xI-1788728086-1.3.1.1-I6H_hYXQjtyVQtIdgc3MvDHZ3KBZRsCbevxBht8UTxg/p71i4/0x4AAAAAADV3ju2YEd8uiR-k/dark/fbE/failure_retry/flexible?lang=auto:1:170190)
    at unknown (https://challenges.cloudflare.com/cdn-cgi/challenge-platform/h/g/turnstile/f/av0/rchFeqDtLFtxkWFtpKXeE0v7kXbqQHl6lG59JTVSQa50xI-1788728086-1.3.1.1-I6H_hYXQjtyVQtIdgc3MvDHZ3KBZRsCbevxBht8UTxg/p71i4/0x4AAAAAADV3ju2YEd8uiR-k/dark/fbE/failure_retry/flexible?lang=auto:1:40218)
    at KJ (https://challenges.cloudflare.com/cdn-cgi/challenge-platform/h/g/turnstile/f/av0/rchFeqDtLFtxkWFtpKXeE0v7kXbqQHl6lG59JTVSQa50xI-1788728086-1.3.1.1-I6H_hYXQjtyVQtIdgc3MvDHZ3KBZRsCbevxBht8UTxg/p71i4/0x4AAAAAADV3ju2YEd8uiR-k/dark/fbE/failure_retry/flexible?lang=auto:1:111609)
    at Jencn (https://challenges.cloudflare.com/cdn-cgi/challenge-platform/h/g/turnstile/f/av0/rchFeqDtLFtxkWFtpKXeE0v7kXbqQHl6lG59JTVSQa50xI-1788728086-1.3.1.1-I6H_hYXQjtyVQtIdgc3MvDHZ3KBZRsCbevxBht8UTxg/p71i4/0x4AAAAAADV3ju2YEd8uiR-k/dark/fbE/failure_retry/flexible?lang=auto:1:123083)
    at i (https://challenges.cloudflare.com/cdn-cgi/challenge-platform/h/g/turnstile/f/av0/rchFeqDtLFtxkWFtpKXeE0v7kXbqQHl6lG59JTVSQa50xI-1788728086-1.3.1.1-I6H_hYXQjtyVQtIdgc3MvDHZ3KBZRsCbevxBht8UTxg/p71i4/0x4AAAAAADV3ju2YEd8uiR-k/dark/fbE/failure_retry/flexible?lang=auto:1:131587)
    at CX (https://challenges.cloudflare.com/cdn-cgi/challenge-platform/h/g/turnstile/f/av0/rchFeqDtLFtxkWFtpKXeE0v7kXbqQHl6lG59JTVSQa50xI-1788728086-1.3.1.1-I6H_hYXQjtyVQtIdgc3MvDHZ3KBZRsCbevxBht8UTxg/p71i4/0x4AAAAAADV3ju2YEd8uiR-k/dark/fbE/failure_retry/flexible?lang=auto:1:189118)
    at UYZgO (https://challenges.cloudflare.com/cdn-cgi/challenge-platform/h/g/turnstile/f/av0/rchFeqDtLFtxkWFtpKXeE0v7kXbqQHl6lG59JTVSQa50xI-1788728086-1.3.1.1-I6H_hYXQjtyVQtIdgc3MvDHZ3KBZRsCbevxBht8UTxg/p71i4/0x4AAAAAADV3ju2YEd8uiR-k/dark/fbE/failure_retry/flexible?lang=auto:1:181853)
    at Co (https://challenges.cloudflare.com/cdn-cgi/challenge-platform/h/g/turnstile/f/av0/rchFeqDtLFtxkWFtpKXeE0v7kXbqQHl6lG59JTVSQa50xI-1788728086-1.3.1.1-I6H_hYXQjtyVQtIdgc3MvDHZ3KBZRsCbevxBht8UTxg/p71i4/0x4AAAAAADV3ju2YEd8uiR-k/dark/fbE/failure_retry/flexible?lang=auto:1:184619)
[15526947ms] [ERROR] Failed to load resource: the server responded with a status of 400 () @ https://challenges.cloudflare.com/cdn-cgi/challenge-platform/h/g/fo/3527701768:1788725108:TR5Ncl34j9EXnMks1vkatvYsSrjeBBkqLGPGSREBbTw/a3705f2eba8a9e0f/Dad33VsOlfiq3xT.uuxJc68ZJiJLL4ifsJd.7wtSjvc-1788728097-1.2.1.1-MSQjfjY8qE16xOb0.zHSNd79L5gTef1aY_Wj9KC2g15bVeBq26Fzi8dpROLIWw6h:0
[15537823ms] Blocked a frame with origin "https://challenges.cloudflare.com" from accessing a frame with origin "http://localhost:3000".  The frame requesting access has a protocol of "https", the frame being accessed has a protocol of "http". Protocols must match.

    at unknown (https://challenges.cloudflare.com/cdn-cgi/challenge-platform/h/g/turnstile/f/av0/rchRP_AMaBNxpQ31EUxaHC2IB24jS.AebUvRBlPEiuKZ0s-1788728097-1.3.1.1-KIMj8X8W44R4iGAue2JQ9WVv70qG7Wlvu_AFPPNIoXE/p71i4/0x4AAAAAADV3ju2YEd8uiR-k/dark/fbE/failure_retry/flexible?lang=auto:1:40718)
    at KJ (https://challenges.cloudflare.com/cdn-cgi/challenge-platform/h/g/turnstile/f/av0/rchRP_AMaBNxpQ31EUxaHC2IB24jS.AebUvRBlPEiuKZ0s-1788728097-1.3.1.1-KIMj8X8W44R4iGAue2JQ9WVv70qG7Wlvu_AFPPNIoXE/p71i4/0x4AAAAAADV3ju2YEd8uiR-k/dark/fbE/failure_retry/flexible?lang=auto:1:234793)
    at KM (https://challenges.cloudflare.com/cdn-cgi/challenge-platform/h/g/turnstile/f/av0/rchRP_AMaBNxpQ31EUxaHC2IB24jS.AebUvRBlPEiuKZ0s-1788728097-1.3.1.1-KIMj8X8W44R4iGAue2JQ9WVv70qG7Wlvu_AFPPNIoXE/p71i4/0x4AAAAAADV3ju2YEd8uiR-k/dark/fbE/failure_retry/flexible?lang=auto:1:60681)
    at unknown (https://challenges.cloudflare.com/cdn-cgi/challenge-platform/h/g/turnstile/f/av0/rchRP_AMaBNxpQ31EUxaHC2IB24jS.AebUvRBlPEiuKZ0s-1788728097-1.3.1.1-KIMj8X8W44R4iGAue2JQ9WVv70qG7Wlvu_AFPPNIoXE/p71i4/0x4AAAAAADV3ju2YEd8uiR-k/dark/fbE/failure_retry/flexible?lang=auto:1:40269)
    at KJ (https://challenges.cloudflare.com/cdn-cgi/challenge-platform/h/g/turnstile/f/av0/rchRP_AMaBNxpQ31EUxaHC2IB24jS.AebUvRBlPEiuKZ0s-1788728097-1.3.1.1-KIMj8X8W44R4iGAue2JQ9WVv70qG7Wlvu_AFPPNIoXE/p71i4/0x4AAAAAADV3ju2YEd8uiR-k/dark/fbE/failure_retry/flexible?lang=auto:1:234793)
    at i (https://challenges.cloudflare.com/cdn-cgi/challenge-platform/h/g/turnstile/f/av0/rchRP_AMaBNxpQ31EUxaHC2IB24jS.AebUvRBlPEiuKZ0s-1788728097-1.3.1.1-KIMj8X8W44R4iGAue2JQ9WVv70qG7Wlvu_AFPPNIoXE/p71i4/0x4AAAAAADV3ju2YEd8uiR-k/dark/fbE/failure_retry/flexible?lang=auto:1:87050)
    at CX (https://challenges.cloudflare.com/cdn-cgi/challenge-platform/h/g/turnstile/f/av0/rchRP_AMaBNxpQ31EUxaHC2IB24jS.AebUvRBlPEiuKZ0s-1788728097-1.3.1.1-KIMj8X8W44R4iGAue2JQ9WVv70qG7Wlvu_AFPPNIoXE/p71i4/0x4AAAAAADV3ju2YEd8uiR-k/dark/fbE/failure_retry/flexible?lang=auto:1:97364)
    at RYaDV (https://challenges.cloudflare.com/cdn-cgi/challenge-platform/h/g/turnstile/f/av0/rchRP_AMaBNxpQ31EUxaHC2IB24jS.AebUvRBlPEiuKZ0s-1788728097-1.3.1.1-KIMj8X8W44R4iGAue2JQ9WVv70qG7Wlvu_AFPPNIoXE/p71i4/0x4AAAAAADV3ju2YEd8uiR-k/dark/fbE/failure_retry/flexible?lang=auto:1:93210)
    at Co (https://challenges.cloudflare.com/cdn-cgi/challenge-platform/h/g/turnstile/f/av0/rchRP_AMaBNxpQ31EUxaHC2IB24jS.AebUvRBlPEiuKZ0s-1788728097-1.3.1.1-KIMj8X8W44R4iGAue2JQ9WVv70qG7Wlvu_AFPPNIoXE/p71i4/0x4AAAAAADV3ju2YEd8uiR-k/dark/fbE/failure_retry/flexible?lang=auto:1:95331)
[15538121ms] [ERROR] Failed to load resource: the server responded with a status of 400 () @ https://challenges.cloudflare.com/cdn-cgi/challenge-platform/h/g/fo/3527701768:1788725108:TR5Ncl34j9EXnMks1vkatvYsSrjeBBkqLGPGSREBbTw/a3705f7b6bb89e0f/LrrmkF67xrMvmJxgpScuB5rxY6qOFy5Y2IxlCNG3JEc-1788728109-1.2.1.1-WBjYvmeMttMOK4lt24YCVsD9cpCqBtJTb.sOOA70TXiavp.iuvHBVbGhz0z0gJw1:0
[15549522ms] Blocked a frame with origin "https://challenges.cloudflare.com" from accessing a frame with origin "http://localhost:3000".  The frame requesting access has a protocol of "https", the frame being accessed has a protocol of "http". Protocols must match.

    at unknown (https://challenges.cloudflare.com/cdn-cgi/challenge-platform/h/g/turnstile/f/av0/rch7QUasMQDRXYI.x1PvyRm_c8HjWCzPK.q6tkHzpi.wRk-1788728109-1.3.1.1-Czz2E6jm4FuhJptb7XA47JeS5yJdb0ACSyhw8bSWhPk/p71i4/0x4AAAAAADV3ju2YEd8uiR-k/dark/fbE/failure_retry/flexible?lang=auto:1:41318)
    at Yu (https://challenges.cloudflare.com/cdn-cgi/challenge-platform/h/g/turnstile/f/av0/rch7QUasMQDRXYI.x1PvyRm_c8HjWCzPK.q6tkHzpi.wRk-1788728109-1.3.1.1-Czz2E6jm4FuhJptb7XA47JeS5yJdb0ACSyhw8bSWhPk/p71i4/0x4AAAAAADV3ju2YEd8uiR-k/dark/fbE/failure_retry/flexible?lang=auto:1:59041)
    at YM (https://challenges.cloudflare.com/cdn-cgi/challenge-platform/h/g/turnstile/f/av0/rch7QUasMQDRXYI.x1PvyRm_c8HjWCzPK.q6tkHzpi.wRk-1788728109-1.3.1.1-Czz2E6jm4FuhJptb7XA47JeS5yJdb0ACSyhw8bSWhPk/p71i4/0x4AAAAAADV3ju2YEd8uiR-k/dark/fbE/failure_retry/flexible?lang=auto:1:55061)
    at unknown (https://challenges.cloudflare.com/cdn-cgi/challenge-platform/h/g/turnstile/f/av0/rch7QUasMQDRXYI.x1PvyRm_c8HjWCzPK.q6tkHzpi.wRk-1788728109-1.3.1.1-Czz2E6jm4FuhJptb7XA47JeS5yJdb0ACSyhw8bSWhPk/p71i4/0x4AAAAAADV3ju2YEd8uiR-k/dark/fbE/failure_retry/flexible?lang=auto:1:40869)
    at Yu (https://challenges.cloudflare.com/cdn-cgi/challenge-platform/h/g/turnstile/f/av0/rch7QUasMQDRXYI.x1PvyRm_c8HjWCzPK.q6tkHzpi.wRk-1788728109-1.3.1.1-Czz2E6jm4FuhJptb7XA47JeS5yJdb0ACSyhw8bSWhPk/p71i4/0x4AAAAAADV3ju2YEd8uiR-k/dark/fbE/failure_retry/flexible?lang=auto:1:59041)
    at s (https://challenges.cloudflare.com/cdn-cgi/challenge-platform/h/g/turnstile/f/av0/rch7QUasMQDRXYI.x1PvyRm_c8HjWCzPK.q6tkHzpi.wRk-1788728109-1.3.1.1-Czz2E6jm4FuhJptb7XA47JeS5yJdb0ACSyhw8bSWhPk/p71i4/0x4AAAAAADV3ju2YEd8uiR-k/dark/fbE/failure_retry/flexible?lang=auto:1:70517)
    at mZ (https://challenges.cloudflare.com/cdn-cgi/challenge-platform/h/g/turnstile/f/av0/rch7QUasMQDRXYI.x1PvyRm_c8HjWCzPK.q6tkHzpi.wRk-1788728109-1.3.1.1-Czz2E6jm4FuhJptb7XA47JeS5yJdb0ACSyhw8bSWhPk/p71i4/0x4AAAAAADV3ju2YEd8uiR-k/dark/fbE/failure_retry/flexible?lang=auto:1:120743)
    at mq (https://challenges.cloudflare.com/cdn-cgi/challenge-platform/h/g/turnstile/f/av0/rch7QUasMQDRXYI.x1PvyRm_c8HjWCzPK.q6tkHzpi.wRk-1788728109-1.3.1.1-Czz2E6jm4FuhJptb7XA47JeS5yJdb0ACSyhw8bSWhPk/p71i4/0x4AAAAAADV3ju2YEd8uiR-k/dark/fbE/failure_retry/flexible?lang=auto:1:116567)
[15549666ms] [ERROR] Failed to load resource: the server responded with a status of 400 () @ https://challenges.cloudflare.com/cdn-cgi/challenge-platform/h/g/fo/3527701768:1788725108:TR5Ncl34j9EXnMks1vkatvYsSrjeBBkqLGPGSREBbTw/a3705fc24cc49e0f/D8SleePwfI0O1_G3g7BgXyWcM.5VY9l7d_ElVKG95bE-1788728120-1.2.1.1-ev39TFgwsgWxG2rwgH.oeOycbpqGvZlfOYbzagMY47CAh02aBjkMbqYwYffkxWQH:0
[15559836ms] Blocked a frame with origin "https://challenges.cloudflare.com" from accessing a frame with origin "http://localhost:3000".  The frame requesting access has a protocol of "https", the frame being accessed has a protocol of "http". Protocols must match.

    at unknown (https://challenges.cloudflare.com/cdn-cgi/challenge-platform/h/g/turnstile/f/av0/rch1crJdRmCsj3apz6Ws.WYxC2VyFdEAdyC4Gig0WY0dwM-1788728120-1.3.1.1-crV8IUzhCkKJpnls8V4C.X_dGjpmLOvwjTN.iLbSbwM/p71i4/0x4AAAAAADV3ju2YEd8uiR-k/dark/fbE/failure_retry/flexible?lang=auto:1:40815)
    at Yu (https://challenges.cloudflare.com/cdn-cgi/challenge-platform/h/g/turnstile/f/av0/rch1crJdRmCsj3apz6Ws.WYxC2VyFdEAdyC4Gig0WY0dwM-1788728120-1.3.1.1-crV8IUzhCkKJpnls8V4C.X_dGjpmLOvwjTN.iLbSbwM/p71i4/0x4AAAAAADV3ju2YEd8uiR-k/dark/fbE/failure_retry/flexible?lang=auto:1:220349)
    at YM (https://challenges.cloudflare.com/cdn-cgi/challenge-platform/h/g/turnstile/f/av0/rch1crJdRmCsj3apz6Ws.WYxC2VyFdEAdyC4Gig0WY0dwM-1788728120-1.3.1.1-crV8IUzhCkKJpnls8V4C.X_dGjpmLOvwjTN.iLbSbwM/p71i4/0x4AAAAAADV3ju2YEd8uiR-k/dark/fbE/failure_retry/flexible?lang=auto:1:175593)
    at unknown (https://challenges.cloudflare.com/cdn-cgi/challenge-platform/h/g/turnstile/f/av0/rch1crJdRmCsj3apz6Ws.WYxC2VyFdEAdyC4Gig0WY0dwM-1788728120-1.3.1.1-crV8IUzhCkKJpnls8V4C.X_dGjpmLOvwjTN.iLbSbwM/p71i4/0x4AAAAAADV3ju2YEd8uiR-k/dark/fbE/failure_retry/flexible?lang=auto:1:40366)
    at Yu (https://challenges.cloudflare.com/cdn-cgi/challenge-platform/h/g/turnstile/f/av0/rch1crJdRmCsj3apz6Ws.WYxC2VyFdEAdyC4Gig0WY0dwM-1788728120-1.3.1.1-crV8IUzhCkKJpnls8V4C.X_dGjpmLOvwjTN.iLbSbwM/p71i4/0x4AAAAAADV3ju2YEd8uiR-k/dark/fbE/failure_retry/flexible?lang=auto:1:220349)
    at rTFvL (https://challenges.cloudflare.com/cdn-cgi/challenge-platform/h/g/turnstile/f/av0/rch1crJdRmCsj3apz6Ws.WYxC2VyFdEAdyC4Gig0WY0dwM-1788728120-1.3.1.1-crV8IUzhCkKJpnls8V4C.X_dGjpmLOvwjTN.iLbSbwM/p71i4/0x4AAAAAADV3ju2YEd8uiR-k/dark/fbE/failure_retry/flexible?lang=auto:1:231148)
    at s (https://challenges.cloudflare.com/cdn-cgi/challenge-platform/h/g/turnstile/f/av0/rch1crJdRmCsj3apz6Ws.WYxC2VyFdEAdyC4Gig0WY0dwM-1788728120-1.3.1.1-crV8IUzhCkKJpnls8V4C.X_dGjpmLOvwjTN.iLbSbwM/p71i4/0x4AAAAAADV3ju2YEd8uiR-k/dark/fbE/failure_retry/flexible?lang=auto:1:239744)
    at mZ (https://challenges.cloudflare.com/cdn-cgi/challenge-platform/h/g/turnstile/f/av0/rch1crJdRmCsj3apz6Ws.WYxC2VyFdEAdyC4Gig0WY0dwM-1788728120-1.3.1.1-crV8IUzhCkKJpnls8V4C.X_dGjpmLOvwjTN.iLbSbwM/p71i4/0x4AAAAAADV3ju2YEd8uiR-k/dark/fbE/failure_retry/flexible?lang=auto:1:68560)
    at cARnw (https://challenges.cloudflare.com/cdn-cgi/challenge-platform/h/g/turnstile/f/av0/rch1crJdRmCsj3apz6Ws.WYxC2VyFdEAdyC4Gig0WY0dwM-1788728120-1.3.1.1-crV8IUzhCkKJpnls8V4C.X_dGjpmLOvwjTN.iLbSbwM/p71i4/0x4AAAAAADV3ju2YEd8uiR-k/dark/fbE/failure_retry/flexible?lang=auto:1:63942)
    at mq (https://challenges.cloudflare.com/cdn-cgi/challenge-platform/h/g/turnstile/f/av0/rch1crJdRmCsj3apz6Ws.WYxC2VyFdEAdyC4Gig0WY0dwM-1788728120-1.3.1.1-crV8IUzhCkKJpnls8V4C.X_dGjpmLOvwjTN.iLbSbwM/p71i4/0x4AAAAAADV3ju2YEd8uiR-k/dark/fbE/failure_retry/flexible?lang=auto:1:66041)
[15559987ms] [ERROR] Failed to load resource: the server responded with a status of 400 () @ https://challenges.cloudflare.com/cdn-cgi/challenge-platform/h/g/fo/3527701768:1788725108:TR5Ncl34j9EXnMks1vkatvYsSrjeBBkqLGPGSREBbTw/a3706008b9a79e0f/OG4k2G7pxjzO4MT2MFhON71S2igRYcY7dc76sSrIV9c-1788728131-1.2.1.1-HDFEJMP.y8PpIY224yiAtE4pJeuhx6n6NRMulV0vXCyi3MNZ..t628BMcv2seoC5:0
[17420476ms] [ERROR] Unable to post message to https://challenges.cloudflare.com. Recipient has origin http://localhost:3000.
 @ https://challenges.cloudflare.com/turnstile/v0/g/330e41bb475c/api.js:1
[17420602ms] Blocked a frame with origin "https://challenges.cloudflare.com" from accessing a frame with origin "http://localhost:3000".  The frame requesting access has a protocol of "https", the frame being accessed has a protocol of "http". Protocols must match.

    at unknown (https://challenges.cloudflare.com/cdn-cgi/challenge-platform/h/g/turnstile/f/av0/rch5O5lLtTrmSSEjhbk6dY1klW8UquegOskfWackJM4mCY-1788728131-1.3.1.1-_c0Nqt2B2LHBdn.yw5TtTAPmzIDbObn_O4Q4yGkP2dw/p71i4/0x4AAAAAADV3ju2YEd8uiR-k/dark/fbE/failure_retry/flexible?lang=auto:1:41109)
    at KJ (https://challenges.cloudflare.com/cdn-cgi/challenge-platform/h/g/turnstile/f/av0/rch5O5lLtTrmSSEjhbk6dY1klW8UquegOskfWackJM4mCY-1788728131-1.3.1.1-_c0Nqt2B2LHBdn.yw5TtTAPmzIDbObn_O4Q4yGkP2dw/p71i4/0x4AAAAAADV3ju2YEd8uiR-k/dark/fbE/failure_retry/flexible?lang=auto:1:115815)
    at KM (https://challenges.cloudflare.com/cdn-cgi/challenge-platform/h/g/turnstile/f/av0/rch5O5lLtTrmSSEjhbk6dY1klW8UquegOskfWackJM4mCY-1788728131-1.3.1.1-_c0Nqt2B2LHBdn.yw5TtTAPmzIDbObn_O4Q4yGkP2dw/p71i4/0x4AAAAAADV3ju2YEd8uiR-k/dark/fbE/failure_retry/flexible?lang=auto:1:185908)
    at unknown (https://challenges.cloudflare.com/cdn-cgi/challenge-platform/h/g/turnstile/f/av0/rch5O5lLtTrmSSEjhbk6dY1klW8UquegOskfWackJM4mCY-1788728131-1.3.1.1-_c0Nqt2B2LHBdn.yw5TtTAPmzIDbObn_O4Q4yGkP2dw/p71i4/0x4AAAAAADV3ju2YEd8uiR-k/dark/fbE/failure_retry/flexible?lang=auto:1:40660)
    at KJ (https://challenges.cloudflare.com/cdn-cgi/challenge-platform/h/g/turnstile/f/av0/rch5O5lLtTrmSSEjhbk6dY1klW8UquegOskfWackJM4mCY-1788728131-1.3.1.1-_c0Nqt2B2LHBdn.yw5TtTAPmzIDbObn_O4Q4yGkP2dw/p71i4/0x4AAAAAADV3ju2YEd8uiR-k/dark/fbE/failure_retry/flexible?lang=auto:1:115815)
    at i (https://challenges.cloudflare.com/cdn-cgi/challenge-platform/h/g/turnstile/f/av0/rch5O5lLtTrmSSEjhbk6dY1klW8UquegOskfWackJM4mCY-1788728131-1.3.1.1-_c0Nqt2B2LHBdn.yw5TtTAPmzIDbObn_O4Q4yGkP2dw/p71i4/0x4AAAAAADV3ju2YEd8uiR-k/dark/fbE/failure_retry/flexible?lang=auto:1:66642)
    at xfYGy (https://challenges.cloudflare.com/cdn-cgi/challenge-platform/h/g/turnstile/f/av0/rch5O5lLtTrmSSEjhbk6dY1klW8UquegOskfWackJM4mCY-1788728131-1.3.1.1-_c0Nqt2B2LHBdn.yw5TtTAPmzIDbObn_O4Q4yGkP2dw/p71i4/0x4AAAAAADV3ju2YEd8uiR-k/dark/fbE/failure_retry/flexible?lang=auto:1:135787)
    at CX (https://challenges.cloudflare.com/cdn-cgi/challenge-platform/h/g/turnstile/f/av0/rch5O5lLtTrmSSEjhbk6dY1klW8UquegOskfWackJM4mCY-1788728131-1.3.1.1-_c0Nqt2B2LHBdn.yw5TtTAPmzIDbObn_O4Q4yGkP2dw/p71i4/0x4AAAAAADV3ju2YEd8uiR-k/dark/fbE/failure_retry/flexible?lang=auto:1:140081)
    at Co (https://challenges.cloudflare.com/cdn-cgi/challenge-platform/h/g/turnstile/f/av0/rch5O5lLtTrmSSEjhbk6dY1klW8UquegOskfWackJM4mCY-1788728131-1.3.1.1-_c0Nqt2B2LHBdn.yw5TtTAPmzIDbObn_O4Q4yGkP2dw/p71i4/0x4AAAAAADV3ju2YEd8uiR-k/dark/fbE/failure_retry/flexible?lang=auto:1:138739)
[17420751ms] [ERROR] Failed to load resource: the server responded with a status of 400 () @ https://challenges.cloudflare.com/cdn-cgi/challenge-platform/h/g/fo/3527701768:1788725108:TR5Ncl34j9EXnMks1vkatvYsSrjeBBkqLGPGSREBbTw/a3708d767fe886a9/TXmZwj0dWuQ23ehaN8gh7yl__K6Exh7v3WnyVMMobbY-1788729992-1.2.1.1-88jWoQ53Hq9TccO1jPxpOWfh2vgk7pK4sfQZozvl4pC8FJo76wjFcOsD60JnEWKC:0
[17431508ms] [ERROR] Unable to post message to https://challenges.cloudflare.com. Recipient has origin http://localhost:3000.
 @ https://challenges.cloudflare.com/turnstile/v0/g/330e41bb475c/api.js:1
[17432331ms] [ERROR] Unable to post message to https://challenges.cloudflare.com. Recipient has origin http://localhost:3000.
 @ https://challenges.cloudflare.com/turnstile/v0/g/330e41bb475c/api.js:1
[17433650ms] Blocked a frame with origin "https://challenges.cloudflare.com" from accessing a frame with origin "http://localhost:3000".  The frame requesting access has a protocol of "https", the frame being accessed has a protocol of "http". Protocols must match.

    at unknown (https://challenges.cloudflare.com/cdn-cgi/challenge-platform/h/g/turnstile/f/av0/rchgaTPj9b280SL6.KrEqJ.TXs4o1HWp02Rdxe.MYIXLv8-1788729992-1.3.1.1-.eN1pMQJdEW090z_Ei4hg_Syo5iIre88BaETsOPCB70/p71i4/0x4AAAAAADV3ju2YEd8uiR-k/dark/fbE/failure_retry/flexible?lang=auto:1:52013)
    at DK (https://challenges.cloudflare.com/cdn-cgi/challenge-platform/h/g/turnstile/f/av0/rchgaTPj9b280SL6.KrEqJ.TXs4o1HWp02Rdxe.MYIXLv8-1788729992-1.3.1.1-.eN1pMQJdEW090z_Ei4hg_Syo5iIre88BaETsOPCB70/p71i4/0x4AAAAAADV3ju2YEd8uiR-k/dark/fbE/failure_retry/flexible?lang=auto:1:245022)
    at D8 (https://challenges.cloudflare.com/cdn-cgi/challenge-platform/h/g/turnstile/f/av0/rchgaTPj9b280SL6.KrEqJ.TXs4o1HWp02Rdxe.MYIXLv8-1788729992-1.3.1.1-.eN1pMQJdEW090z_Ei4hg_Syo5iIre88BaETsOPCB70/p71i4/0x4AAAAAADV3ju2YEd8uiR-k/dark/fbE/failure_retry/flexible?lang=auto:1:104333)
    at unknown (https://challenges.cloudflare.com/cdn-cgi/challenge-platform/h/g/turnstile/f/av0/rchgaTPj9b280SL6.KrEqJ.TXs4o1HWp02Rdxe.MYIXLv8-1788729992-1.3.1.1-.eN1pMQJdEW090z_Ei4hg_Syo5iIre88BaETsOPCB70/p71i4/0x4AAAAAADV3ju2YEd8uiR-k/dark/fbE/failure_retry/flexible?lang=auto:1:51566)
    at DK (https://challenges.cloudflare.com/cdn-cgi/challenge-platform/h/g/turnstile/f/av0/rchgaTPj9b280SL6.KrEqJ.TXs4o1HWp02Rdxe.MYIXLv8-1788729992-1.3.1.1-.eN1pMQJdEW090z_Ei4hg_Syo5iIre88BaETsOPCB70/p71i4/0x4AAAAAADV3ju2YEd8uiR-k/dark/fbE/failure_retry/flexible?lang=auto:1:245022)
    at awDQz (https://challenges.cloudflare.com/cdn-cgi/challenge-platform/h/g/turnstile/f/av0/rchgaTPj9b280SL6.KrEqJ.TXs4o1HWp02Rdxe.MYIXLv8-1788729992-1.3.1.1-.eN1pMQJdEW090z_Ei4hg_Syo5iIre88BaETsOPCB70/p71i4/0x4AAAAAADV3ju2YEd8uiR-k/dark/fbE/failure_retry/flexible?lang=auto:1:69025)
    at Lc (https://challenges.cloudflare.com/cdn-cgi/challenge-platform/h/g/turnstile/f/av0/rchgaTPj9b280SL6.KrEqJ.TXs4o1HWp02Rdxe.MYIXLv8-1788729992-1.3.1.1-.eN1pMQJdEW090z_Ei4hg_Syo5iIre88BaETsOPCB70/p71i4/0x4AAAAAADV3ju2YEd8uiR-k/dark/fbE/failure_retry/flexible?lang=auto:1:77047)
    at gFsJF (https://challenges.cloudflare.com/cdn-cgi/challenge-platform/h/g/turnstile/f/av0/rchgaTPj9b280SL6.KrEqJ.TXs4o1HWp02Rdxe.MYIXLv8-1788729992-1.3.1.1-.eN1pMQJdEW090z_Ei4hg_Syo5iIre88BaETsOPCB70/p71i4/0x4AAAAAADV3ju2YEd8uiR-k/dark/fbE/failure_retry/flexible?lang=auto:1:114297)
    at Dl (https://challenges.cloudflare.com/cdn-cgi/challenge-platform/h/g/turnstile/f/av0/rchgaTPj9b280SL6.KrEqJ.TXs4o1HWp02Rdxe.MYIXLv8-1788729992-1.3.1.1-.eN1pMQJdEW090z_Ei4hg_Syo5iIre88BaETsOPCB70/p71i4/0x4AAAAAADV3ju2YEd8uiR-k/dark/fbE/failure_retry/flexible?lang=auto:1:121508)
    at ZuqCn (https://challenges.cloudflare.com/cdn-cgi/challenge-platform/h/g/turnstile/f/av0/rchgaTPj9b280SL6.KrEqJ.TXs4o1HWp02Rdxe.MYIXLv8-1788729992-1.3.1.1-.eN1pMQJdEW090z_Ei4hg_Syo5iIre88BaETsOPCB70/p71i4/0x4AAAAAADV3ju2YEd8uiR-k/dark/fbE/failure_retry/flexible?lang=auto:1:114504)
    at DU (https://challenges.cloudflare.com/cdn-cgi/challenge-platform/h/g/turnstile/f/av0/rchgaTPj9b280SL6.KrEqJ.TXs4o1HWp02Rdxe.MYIXLv8-1788729992-1.3.1.1-.eN1pMQJdEW090z_Ei4hg_Syo5iIre88BaETsOPCB70/p71i4/0x4AAAAAADV3ju2YEd8uiR-k/dark/fbE/failure_retry/flexible?lang=auto:1:116393)
[17433154ms] [ERROR] Failed to load resource: the server responded with a status of 400 () @ https://challenges.cloudflare.com/cdn-cgi/challenge-platform/h/g/fo/3143297605:1788728718:l95sbNtFP27Han31r6mhVVORsjUfSrUVVFj5AGTgh8c/a3708dbb5a3486a9/8NkdWe8JjW1Q6.K51itA64uLzuBfhMCV5UogNcg7MbA-1788730003-1.2.1.1-rGjtCp.xoOV1dytfYyI4qjw9.uve8wtdCyGlDT4Y0c1vJjUQxyWwDv7cmrRkhnGz:0
[17443724ms] Blocked a frame with origin "https://challenges.cloudflare.com" from accessing a frame with origin "http://localhost:3000".  The frame requesting access has a protocol of "https", the frame being accessed has a protocol of "http". Protocols must match.

    at unknown (https://challenges.cloudflare.com/cdn-cgi/challenge-platform/h/g/turnstile/f/av0/rchLlEx31oI8XOCknIPdnLk6OQoF3bW6hTYWxmWNqOQ_Xo-1788730003-1.3.1.1-HBZ6oZArd2W7MkN2aU2Y.YDn2IsOQ0BNsdcUmpCO.IU/p71i4/0x4AAAAAADV3ju2YEd8uiR-k/dark/fbE/failure_retry/flexible?lang=auto:1:50964)
    at Tf (https://challenges.cloudflare.com/cdn-cgi/challenge-platform/h/g/turnstile/f/av0/rchLlEx31oI8XOCknIPdnLk6OQoF3bW6hTYWxmWNqOQ_Xo-1788730003-1.3.1.1-HBZ6oZArd2W7MkN2aU2Y.YDn2IsOQ0BNsdcUmpCO.IU/p71i4/0x4AAAAAADV3ju2YEd8uiR-k/dark/fbE/failure_retry/flexible?lang=auto:1:207874)
    at T8 (https://challenges.cloudflare.com/cdn-cgi/challenge-platform/h/g/turnstile/f/av0/rchLlEx31oI8XOCknIPdnLk6OQoF3bW6hTYWxmWNqOQ_Xo-1788730003-1.3.1.1-HBZ6oZArd2W7MkN2aU2Y.YDn2IsOQ0BNsdcUmpCO.IU/p71i4/0x4AAAAAADV3ju2YEd8uiR-k/dark/fbE/failure_retry/flexible?lang=auto:1:211908)
    at unknown (https://challenges.cloudflare.com/cdn-cgi/challenge-platform/h/g/turnstile/f/av0/rchLlEx31oI8XOCknIPdnLk6OQoF3bW6hTYWxmWNqOQ_Xo-1788730003-1.3.1.1-HBZ6oZArd2W7MkN2aU2Y.YDn2IsOQ0BNsdcUmpCO.IU/p71i4/0x4AAAAAADV3ju2YEd8uiR-k/dark/fbE/failure_retry/flexible?lang=auto:1:50517)
    at Tf (https://challenges.cloudflare.com/cdn-cgi/challenge-platform/h/g/turnstile/f/av0/rchLlEx31oI8XOCknIPdnLk6OQoF3bW6hTYWxmWNqOQ_Xo-1788730003-1.3.1.1-HBZ6oZArd2W7MkN2aU2Y.YDn2IsOQ0BNsdcUmpCO.IU/p71i4/0x4AAAAAADV3ju2YEd8uiR-k/dark/fbE/failure_retry/flexible?lang=auto:1:207874)
    at GzJpQ (https://challenges.cloudflare.com/cdn-cgi/challenge-platform/h/g/turnstile/f/av0/rchLlEx31oI8XOCknIPdnLk6OQoF3bW6hTYWxmWNqOQ_Xo-1788730003-1.3.1.1-HBZ6oZArd2W7MkN2aU2Y.YDn2IsOQ0BNsdcUmpCO.IU/p71i4/0x4AAAAAADV3ju2YEd8uiR-k/dark/fbE/failure_retry/flexible?lang=auto:1:237540)
    at FS (https://challenges.cloudflare.com/cdn-cgi/challenge-platform/h/g/turnstile/f/av0/rchLlEx31oI8XOCknIPdnLk6OQoF3bW6hTYWxmWNqOQ_Xo-1788730003-1.3.1.1-HBZ6oZArd2W7MkN2aU2Y.YDn2IsOQ0BNsdcUmpCO.IU/p71i4/0x4AAAAAADV3ju2YEd8uiR-k/dark/fbE/failure_retry/flexible?lang=auto:1:245838)
    at OASwD (https://challenges.cloudflare.com/cdn-cgi/challenge-platform/h/g/turnstile/f/av0/rchLlEx31oI8XOCknIPdnLk6OQoF3bW6hTYWxmWNqOQ_Xo-1788730003-1.3.1.1-HBZ6oZArd2W7MkN2aU2Y.YDn2IsOQ0BNsdcUmpCO.IU/p71i4/0x4AAAAAADV3ju2YEd8uiR-k/dark/fbE/failure_retry/flexible?lang=auto:1:64134)
    at Tx (https://challenges.cloudflare.com/cdn-cgi/challenge-platform/h/g/turnstile/f/av0/rchLlEx31oI8XOCknIPdnLk6OQoF3bW6hTYWxmWNqOQ_Xo-1788730003-1.3.1.1-HBZ6oZArd2W7MkN2aU2Y.YDn2IsOQ0BNsdcUmpCO.IU/p71i4/0x4AAAAAADV3ju2YEd8uiR-k/dark/fbE/failure_retry/flexible?lang=auto:1:71687)
    at OASwD (https://challenges.cloudflare.com/cdn-cgi/challenge-platform/h/g/turnstile/f/av0/rchLlEx31oI8XOCknIPdnLk6OQoF3bW6hTYWxmWNqOQ_Xo-1788730003-1.3.1.1-HBZ6oZArd2W7MkN2aU2Y.YDn2IsOQ0BNsdcUmpCO.IU/p71i4/0x4AAAAAADV3ju2YEd8uiR-k/dark/fbE/failure_retry/flexible?lang=auto:1:64134)
    at TM (https://challenges.cloudflare.com/cdn-cgi/challenge-platform/h/g/turnstile/f/av0/rchLlEx31oI8XOCknIPdnLk6OQoF3bW6hTYWxmWNqOQ_Xo-1788730003-1.3.1.1-HBZ6oZArd2W7MkN2aU2Y.YDn2IsOQ0BNsdcUmpCO.IU/p71i4/0x4AAAAAADV3ju2YEd8uiR-k/dark/fbE/failure_retry/flexible?lang=auto:1:66320)
[17443968ms] [ERROR] Failed to load resource: the server responded with a status of 400 () @ https://challenges.cloudflare.com/cdn-cgi/challenge-platform/h/g/fo/3143297605:1788728718:l95sbNtFP27Han31r6mhVVORsjUfSrUVVFj5AGTgh8c/a3708e050cae86a9/0P3YkARwEI5xL1b6loIhdiIDNyYlnFNTYslRc3nCKlE-1788730015-1.2.1.1-5uzmT9nmrv83XiAvn3xx8gW9vZ0z1.Hl5oRlnd0k6At7YxXkKbZXrXqpGHFmqc1C:0
[17454053ms] [ERROR] Unable to post message to https://challenges.cloudflare.com. Recipient has origin http://localhost:3000.
 @ https://challenges.cloudflare.com/turnstile/v0/g/330e41bb475c/api.js:1
[17455286ms] Blocked a frame with origin "https://challenges.cloudflare.com" from accessing a frame with origin "http://localhost:3000".  The frame requesting access has a protocol of "https", the frame being accessed has a protocol of "http". Protocols must match.

    at unknown (https://challenges.cloudflare.com/cdn-cgi/challenge-platform/h/g/turnstile/f/av0/rchpzB2QnWkmVXmXLyBjARpOB7j3yZ7gLbivxxPFfn8REk-1788730015-1.3.1.1-1HQROds436.Y87jijNasC1E9RLPg7oVTt85mvnOOX1k/p71i4/0x4AAAAAADV3ju2YEd8uiR-k/dark/fbE/failure_retry/flexible?lang=auto:1:51278)
    at Tf (https://challenges.cloudflare.com/cdn-cgi/challenge-platform/h/g/turnstile/f/av0/rchpzB2QnWkmVXmXLyBjARpOB7j3yZ7gLbivxxPFfn8REk-1788730015-1.3.1.1-1HQROds436.Y87jijNasC1E9RLPg7oVTt85mvnOOX1k/p71i4/0x4AAAAAADV3ju2YEd8uiR-k/dark/fbE/failure_retry/flexible?lang=auto:1:247598)
    at NRxTr (https://challenges.cloudflare.com/cdn-cgi/challenge-platform/h/g/turnstile/f/av0/rchpzB2QnWkmVXmXLyBjARpOB7j3yZ7gLbivxxPFfn8REk-1788730015-1.3.1.1-1HQROds436.Y87jijNasC1E9RLPg7oVTt85mvnOOX1k/p71i4/0x4AAAAAADV3ju2YEd8uiR-k/dark/fbE/failure_retry/flexible?lang=auto:1:89974)
    at T8 (https://challenges.cloudflare.com/cdn-cgi/challenge-platform/h/g/turnstile/f/av0/rchpzB2QnWkmVXmXLyBjARpOB7j3yZ7gLbivxxPFfn8REk-1788730015-1.3.1.1-1HQROds436.Y87jijNasC1E9RLPg7oVTt85mvnOOX1k/p71i4/0x4AAAAAADV3ju2YEd8uiR-k/dark/fbE/failure_retry/flexible?lang=auto:1:91241)
    at unknown (https://challenges.cloudflare.com/cdn-cgi/challenge-platform/h/g/turnstile/f/av0/rchpzB2QnWkmVXmXLyBjARpOB7j3yZ7gLbivxxPFfn8REk-1788730015-1.3.1.1-1HQROds436.Y87jijNasC1E9RLPg7oVTt85mvnOOX1k/p71i4/0x4AAAAAADV3ju2YEd8uiR-k/dark/fbE/failure_retry/flexible?lang=auto:1:50831)
    at Tf (https://challenges.cloudflare.com/cdn-cgi/challenge-platform/h/g/turnstile/f/av0/rchpzB2QnWkmVXmXLyBjARpOB7j3yZ7gLbivxxPFfn8REk-1788730015-1.3.1.1-1HQROds436.Y87jijNasC1E9RLPg7oVTt85mvnOOX1k/p71i4/0x4AAAAAADV3ju2YEd8uiR-k/dark/fbE/failure_retry/flexible?lang=auto:1:247598)
    at YCxdy (https://challenges.cloudflare.com/cdn-cgi/challenge-platform/h/g/turnstile/f/av0/rchpzB2QnWkmVXmXLyBjARpOB7j3yZ7gLbivxxPFfn8REk-1788730015-1.3.1.1-1HQROds436.Y87jijNasC1E9RLPg7oVTt85mvnOOX1k/p71i4/0x4AAAAAADV3ju2YEd8uiR-k/dark/fbE/failure_retry/flexible?lang=auto:1:108747)
    at FS (https://challenges.cloudflare.com/cdn-cgi/challenge-platform/h/g/turnstile/f/av0/rchpzB2QnWkmVXmXLyBjARpOB7j3yZ7gLbivxxPFfn8REk-1788730015-1.3.1.1-1HQROds436.Y87jijNasC1E9RLPg7oVTt85mvnOOX1k/p71i4/0x4AAAAAADV3ju2YEd8uiR-k/dark/fbE/failure_retry/flexible?lang=auto:1:119686)
    at Tx (https://challenges.cloudflare.com/cdn-cgi/challenge-platform/h/g/turnstile/f/av0/rchpzB2QnWkmVXmXLyBjARpOB7j3yZ7gLbivxxPFfn8REk-1788730015-1.3.1.1-1HQROds436.Y87jijNasC1E9RLPg7oVTt85mvnOOX1k/p71i4/0x4AAAAAADV3ju2YEd8uiR-k/dark/fbE/failure_retry/flexible?lang=auto:1:187737)
    at jxitP (https://challenges.cloudflare.com/cdn-cgi/challenge-platform/h/g/turnstile/f/av0/rchpzB2QnWkmVXmXLyBjARpOB7j3yZ7gLbivxxPFfn8REk-1788730015-1.3.1.1-1HQROds436.Y87jijNasC1E9RLPg7oVTt85mvnOOX1k/p71i4/0x4AAAAAADV3ju2YEd8uiR-k/dark/fbE/failure_retry/flexible?lang=auto:1:183980)
    at TM (https://challenges.cloudflare.com/cdn-cgi/challenge-platform/h/g/turnstile/f/av0/rchpzB2QnWkmVXmXLyBjARpOB7j3yZ7gLbivxxPFfn8REk-1788730015-1.3.1.1-1HQROds436.Y87jijNasC1E9RLPg7oVTt85mvnOOX1k/p71i4/0x4AAAAAADV3ju2YEd8uiR-k/dark/fbE/failure_retry/flexible?lang=auto:1:186075)
[17455052ms] [ERROR] Failed to load resource: the server responded with a status of 400 () @ https://challenges.cloudflare.com/cdn-cgi/challenge-platform/h/g/fo/3143297605:1788728718:l95sbNtFP27Han31r6mhVVORsjUfSrUVVFj5AGTgh8c/a3708e489b6586a9/6oeqsA6KMwTSHExGxU0JWypEbFJeaav7gHRQfb3XXX0-1788730026-1.2.1.1-TGBBMkNV3GUqKtsXJQwPQiXKdsduCmpx2JxWEgdhkrXf4Zicaimc.sfP9Am.egaX:0
[18095964ms] [ERROR] Unable to post message to https://challenges.cloudflare.com. Recipient has origin http://localhost:3000.
 @ https://challenges.cloudflare.com/turnstile/v0/g/330e41bb475c/api.js:1
[18096063ms] Blocked a frame with origin "https://challenges.cloudflare.com" from accessing a frame with origin "http://localhost:3000".  The frame requesting access has a protocol of "https", the frame being accessed has a protocol of "http". Protocols must match.

    at unknown (https://challenges.cloudflare.com/cdn-cgi/challenge-platform/h/g/turnstile/f/av0/rchp87ELiW5CFwXxF1xRB1px257.aB6cQzGqcqRw9r6bjo-1788730026-1.3.1.1-CB_d3GHZRw6bHIiN0q.PBioNqpiQBQEV5gBUsnCNIWo/p71i4/0x4AAAAAADV3ju2YEd8uiR-k/dark/fbE/failure_retry/flexible?lang=auto:1:51350)
    at DK (https://challenges.cloudflare.com/cdn-cgi/challenge-platform/h/g/turnstile/f/av0/rchp87ELiW5CFwXxF1xRB1px257.aB6cQzGqcqRw9r6bjo-1788730026-1.3.1.1-CB_d3GHZRw6bHIiN0q.PBioNqpiQBQEV5gBUsnCNIWo/p71i4/0x4AAAAAADV3ju2YEd8uiR-k/dark/fbE/failure_retry/flexible?lang=auto:1:218181)
    at D8 (https://challenges.cloudflare.com/cdn-cgi/challenge-platform/h/g/turnstile/f/av0/rchp87ELiW5CFwXxF1xRB1px257.aB6cQzGqcqRw9r6bjo-1788730026-1.3.1.1-CB_d3GHZRw6bHIiN0q.PBioNqpiQBQEV5gBUsnCNIWo/p71i4/0x4AAAAAADV3ju2YEd8uiR-k/dark/fbE/failure_retry/flexible?lang=auto:1:235143)
    at unknown (https://challenges.cloudflare.com/cdn-cgi/challenge-platform/h/g/turnstile/f/av0/rchp87ELiW5CFwXxF1xRB1px257.aB6cQzGqcqRw9r6bjo-1788730026-1.3.1.1-CB_d3GHZRw6bHIiN0q.PBioNqpiQBQEV5gBUsnCNIWo/p71i4/0x4AAAAAADV3ju2YEd8uiR-k/dark/fbE/failure_retry/flexible?lang=auto:1:50903)
    at DK (https://challenges.cloudflare.com/cdn-cgi/challenge-platform/h/g/turnstile/f/av0/rchp87ELiW5CFwXxF1xRB1px257.aB6cQzGqcqRw9r6bjo-1788730026-1.3.1.1-CB_d3GHZRw6bHIiN0q.PBioNqpiQBQEV5gBUsnCNIWo/p71i4/0x4AAAAAADV3ju2YEd8uiR-k/dark/fbE/failure_retry/flexible?lang=auto:1:218181)
    at Lc (https://challenges.cloudflare.com/cdn-cgi/challenge-platform/h/g/turnstile/f/av0/rchp87ELiW5CFwXxF1xRB1px257.aB6cQzGqcqRw9r6bjo-1788730026-1.3.1.1-CB_d3GHZRw6bHIiN0q.PBioNqpiQBQEV5gBUsnCNIWo/p71i4/0x4AAAAAADV3ju2YEd8uiR-k/dark/fbE/failure_retry/flexible?lang=auto:1:207311)
    at Dl (https://challenges.cloudflare.com/cdn-cgi/challenge-platform/h/g/turnstile/f/av0/rchp87ELiW5CFwXxF1xRB1px257.aB6cQzGqcqRw9r6bjo-1788730026-1.3.1.1-CB_d3GHZRw6bHIiN0q.PBioNqpiQBQEV5gBUsnCNIWo/p71i4/0x4AAAAAADV3ju2YEd8uiR-k/dark/fbE/failure_retry/flexible?lang=auto:1:163469)
    at DU (https://challenges.cloudflare.com/cdn-cgi/challenge-platform/h/g/turnstile/f/av0/rchp87ELiW5CFwXxF1xRB1px257.aB6cQzGqcqRw9r6bjo-1788730026-1.3.1.1-CB_d3GHZRw6bHIiN0q.PBioNqpiQBQEV5gBUsnCNIWo/p71i4/0x4AAAAAADV3ju2YEd8uiR-k/dark/fbE/failure_retry/flexible?lang=auto:1:161739)
[18096213ms] [ERROR] Failed to load resource: the server responded with a status of 400 () @ https://challenges.cloudflare.com/cdn-cgi/challenge-platform/h/g/fo/3143297605:1788728718:l95sbNtFP27Han31r6mhVVORsjUfSrUVVFj5AGTgh8c/a3709df3fa6d8f2b/S3QNsCqAhtgG3VJJz9hVw5H2i9XcV.LW0gJQwTCdsGY-1788730668-1.2.1.1-CdvDfTHNZMpFVAAHztVqExucG8gAONiawWcC4BgrCAmohsXcqLeuzAKM_h9QH39q:0
[18111037ms] Blocked a frame with origin "https://challenges.cloudflare.com" from accessing a frame with origin "http://localhost:3000".  The frame requesting access has a protocol of "https", the frame being accessed has a protocol of "http". Protocols must match.

    at unknown (https://challenges.cloudflare.com/cdn-cgi/challenge-platform/h/g/turnstile/f/av0/rchm7FiYBGBi40S7xSncCEFZK1pzhLSdSKUi.i354QsVjY-1788730668-1.3.1.1-DpF.iWjYjNKiWV1IYzFT9r_P3IN43qXHh.SqtF1ZCg4/p71i4/0x4AAAAAADV3ju2YEd8uiR-k/dark/fbE/failure_retry/flexible?lang=auto:1:50964)
    at Tf (https://challenges.cloudflare.com/cdn-cgi/challenge-platform/h/g/turnstile/f/av0/rchm7FiYBGBi40S7xSncCEFZK1pzhLSdSKUi.i354QsVjY-1788730668-1.3.1.1-DpF.iWjYjNKiWV1IYzFT9r_P3IN43qXHh.SqtF1ZCg4/p71i4/0x4AAAAAADV3ju2YEd8uiR-k/dark/fbE/failure_retry/flexible?lang=auto:1:207874)
    at T8 (https://challenges.cloudflare.com/cdn-cgi/challenge-platform/h/g/turnstile/f/av0/rchm7FiYBGBi40S7xSncCEFZK1pzhLSdSKUi.i354QsVjY-1788730668-1.3.1.1-DpF.iWjYjNKiWV1IYzFT9r_P3IN43qXHh.SqtF1ZCg4/p71i4/0x4AAAAAADV3ju2YEd8uiR-k/dark/fbE/failure_retry/flexible?lang=auto:1:211908)
    at unknown (https://challenges.cloudflare.com/cdn-cgi/challenge-platform/h/g/turnstile/f/av0/rchm7FiYBGBi40S7xSncCEFZK1pzhLSdSKUi.i354QsVjY-1788730668-1.3.1.1-DpF.iWjYjNKiWV1IYzFT9r_P3IN43qXHh.SqtF1ZCg4/p71i4/0x4AAAAAADV3ju2YEd8uiR-k/dark/fbE/failure_retry/flexible?lang=auto:1:50517)
    at Tf (https://challenges.cloudflare.com/cdn-cgi/challenge-platform/h/g/turnstile/f/av0/rchm7FiYBGBi40S7xSncCEFZK1pzhLSdSKUi.i354QsVjY-1788730668-1.3.1.1-DpF.iWjYjNKiWV1IYzFT9r_P3IN43qXHh.SqtF1ZCg4/p71i4/0x4AAAAAADV3ju2YEd8uiR-k/dark/fbE/failure_retry/flexible?lang=auto:1:207874)
    at GzJpQ (https://challenges.cloudflare.com/cdn-cgi/challenge-platform/h/g/turnstile/f/av0/rchm7FiYBGBi40S7xSncCEFZK1pzhLSdSKUi.i354QsVjY-1788730668-1.3.1.1-DpF.iWjYjNKiWV1IYzFT9r_P3IN43qXHh.SqtF1ZCg4/p71i4/0x4AAAAAADV3ju2YEd8uiR-k/dark/fbE/failure_retry/flexible?lang=auto:1:237540)
    at FS (https://challenges.cloudflare.com/cdn-cgi/challenge-platform/h/g/turnstile/f/av0/rchm7FiYBGBi40S7xSncCEFZK1pzhLSdSKUi.i354QsVjY-1788730668-1.3.1.1-DpF.iWjYjNKiWV1IYzFT9r_P3IN43qXHh.SqtF1ZCg4/p71i4/0x4AAAAAADV3ju2YEd8uiR-k/dark/fbE/failure_retry/flexible?lang=auto:1:245838)
    at OASwD (https://challenges.cloudflare.com/cdn-cgi/challenge-platform/h/g/turnstile/f/av0/rchm7FiYBGBi40S7xSncCEFZK1pzhLSdSKUi.i354QsVjY-1788730668-1.3.1.1-DpF.iWjYjNKiWV1IYzFT9r_P3IN43qXHh.SqtF1ZCg4/p71i4/0x4AAAAAADV3ju2YEd8uiR-k/dark/fbE/failure_retry/flexible?lang=auto:1:64134)
    at Tx (https://challenges.cloudflare.com/cdn-cgi/challenge-platform/h/g/turnstile/f/av0/rchm7FiYBGBi40S7xSncCEFZK1pzhLSdSKUi.i354QsVjY-1788730668-1.3.1.1-DpF.iWjYjNKiWV1IYzFT9r_P3IN43qXHh.SqtF1ZCg4/p71i4/0x4AAAAAADV3ju2YEd8uiR-k/dark/fbE/failure_retry/flexible?lang=auto:1:71687)
    at OASwD (https://challenges.cloudflare.com/cdn-cgi/challenge-platform/h/g/turnstile/f/av0/rchm7FiYBGBi40S7xSncCEFZK1pzhLSdSKUi.i354QsVjY-1788730668-1.3.1.1-DpF.iWjYjNKiWV1IYzFT9r_P3IN43qXHh.SqtF1ZCg4/p71i4/0x4AAAAAADV3ju2YEd8uiR-k/dark/fbE/failure_retry/flexible?lang=auto:1:64134)
    at TM (https://challenges.cloudflare.com/cdn-cgi/challenge-platform/h/g/turnstile/f/av0/rchm7FiYBGBi40S7xSncCEFZK1pzhLSdSKUi.i354QsVjY-1788730668-1.3.1.1-DpF.iWjYjNKiWV1IYzFT9r_P3IN43qXHh.SqtF1ZCg4/p71i4/0x4AAAAAADV3ju2YEd8uiR-k/dark/fbE/failure_retry/flexible?lang=auto:1:66320)
[18112093ms] [ERROR] Failed to load resource: the server responded with a status of 400 () @ https://challenges.cloudflare.com/cdn-cgi/challenge-platform/h/g/fo/3143297605:1788728718:l95sbNtFP27Han31r6mhVVORsjUfSrUVVFj5AGTgh8c/a3709e358f018f2b/3CKYThhgH8.eUnvfvaZ6XU1Z4DhnN0.OSoi2cDz1OmA-1788730678-1.2.1.1-MdcABTLpLlxceVtg8nuv_XwnOZUs1Y.TKLiUgg2O45WqD_.GEN7UkU9tauvbNsXw:0
[18122561ms] [ERROR] Unable to post message to https://challenges.cloudflare.com. Recipient has origin http://localhost:3000.
 @ https://challenges.cloudflare.com/turnstile/v0/g/330e41bb475c/api.js:1
[18123682ms] Blocked a frame with origin "https://challenges.cloudflare.com" from accessing a frame with origin "http://localhost:3000".  The frame requesting access has a protocol of "https", the frame being accessed has a protocol of "http". Protocols must match.

    at unknown (https://challenges.cloudflare.com/cdn-cgi/challenge-platform/h/g/turnstile/f/av0/rchFGAiFgqbTOItTSmeKqQs.hpcChprdnq_kMnAZIHqv3k-1788730678-1.3.1.1-TA5.5X5cEgBSgP6ExtUB6gEpoIuIFx7kNdTm1gXHjQE/p71i4/0x4AAAAAADV3ju2YEd8uiR-k/dark/fbE/failure_retry/flexible?lang=auto:1:52200)
    at DK (https://challenges.cloudflare.com/cdn-cgi/challenge-platform/h/g/turnstile/f/av0/rchFGAiFgqbTOItTSmeKqQs.hpcChprdnq_kMnAZIHqv3k-1788730678-1.3.1.1-TA5.5X5cEgBSgP6ExtUB6gEpoIuIFx7kNdTm1gXHjQE/p71i4/0x4AAAAAADV3ju2YEd8uiR-k/dark/fbE/failure_retry/flexible?lang=auto:1:229208)
    at D8 (https://challenges.cloudflare.com/cdn-cgi/challenge-platform/h/g/turnstile/f/av0/rchFGAiFgqbTOItTSmeKqQs.hpcChprdnq_kMnAZIHqv3k-1788730678-1.3.1.1-TA5.5X5cEgBSgP6ExtUB6gEpoIuIFx7kNdTm1gXHjQE/p71i4/0x4AAAAAADV3ju2YEd8uiR-k/dark/fbE/failure_retry/flexible?lang=auto:1:55909)
    at unknown (https://challenges.cloudflare.com/cdn-cgi/challenge-platform/h/g/turnstile/f/av0/rchFGAiFgqbTOItTSmeKqQs.hpcChprdnq_kMnAZIHqv3k-1788730678-1.3.1.1-TA5.5X5cEgBSgP6ExtUB6gEpoIuIFx7kNdTm1gXHjQE/p71i4/0x4AAAAAADV3ju2YEd8uiR-k/dark/fbE/failure_retry/flexible?lang=auto:1:51753)
    at DK (https://challenges.cloudflare.com/cdn-cgi/challenge-platform/h/g/turnstile/f/av0/rchFGAiFgqbTOItTSmeKqQs.hpcChprdnq_kMnAZIHqv3k-1788730678-1.3.1.1-TA5.5X5cEgBSgP6ExtUB6gEpoIuIFx7kNdTm1gXHjQE/p71i4/0x4AAAAAADV3ju2YEd8uiR-k/dark/fbE/failure_retry/flexible?lang=auto:1:229208)
    at vpEZU (https://challenges.cloudflare.com/cdn-cgi/challenge-platform/h/g/turnstile/f/av0/rchFGAiFgqbTOItTSmeKqQs.hpcChprdnq_kMnAZIHqv3k-1788730678-1.3.1.1-TA5.5X5cEgBSgP6ExtUB6gEpoIuIFx7kNdTm1gXHjQE/p71i4/0x4AAAAAADV3ju2YEd8uiR-k/dark/fbE/failure_retry/flexible?lang=auto:1:136125)
    at Lc (https://challenges.cloudflare.com/cdn-cgi/challenge-platform/h/g/turnstile/f/av0/rchFGAiFgqbTOItTSmeKqQs.hpcChprdnq_kMnAZIHqv3k-1788730678-1.3.1.1-TA5.5X5cEgBSgP6ExtUB6gEpoIuIFx7kNdTm1gXHjQE/p71i4/0x4AAAAAADV3ju2YEd8uiR-k/dark/fbE/failure_retry/flexible?lang=auto:1:137647)
    at Dl (https://challenges.cloudflare.com/cdn-cgi/challenge-platform/h/g/turnstile/f/av0/rchFGAiFgqbTOItTSmeKqQs.hpcChprdnq_kMnAZIHqv3k-1788730678-1.3.1.1-TA5.5X5cEgBSgP6ExtUB6gEpoIuIFx7kNdTm1gXHjQE/p71i4/0x4AAAAAADV3ju2YEd8uiR-k/dark/fbE/failure_retry/flexible?lang=auto:1:244610)
    at WPXQj (https://challenges.cloudflare.com/cdn-cgi/challenge-platform/h/g/turnstile/f/av0/rchFGAiFgqbTOItTSmeKqQs.hpcChprdnq_kMnAZIHqv3k-1788730678-1.3.1.1-TA5.5X5cEgBSgP6ExtUB6gEpoIuIFx7kNdTm1gXHjQE/p71i4/0x4AAAAAADV3ju2YEd8uiR-k/dark/fbE/failure_retry/flexible?lang=auto:1:237118)
    at DU (https://challenges.cloudflare.com/cdn-cgi/challenge-platform/h/g/turnstile/f/av0/rchFGAiFgqbTOItTSmeKqQs.hpcChprdnq_kMnAZIHqv3k-1788730678-1.3.1.1-TA5.5X5cEgBSgP6ExtUB6gEpoIuIFx7kNdTm1gXHjQE/p71i4/0x4AAAAAADV3ju2YEd8uiR-k/dark/fbE/failure_retry/flexible?lang=auto:1:239220)
[18124087ms] [ERROR] Failed to load resource: the server responded with a status of 400 () @ https://challenges.cloudflare.com/cdn-cgi/challenge-platform/h/g/fo/3143297605:1788728718:l95sbNtFP27Han31r6mhVVORsjUfSrUVVFj5AGTgh8c/a3709e9bad228f2b/YSiN6SwC1ftQ6EpnYwId4wLBAUWPs8rnoGjpG8Xp0j4-1788730694-1.2.1.1-ncU_zlal8xtNiQ1emfx3q.lAJahkG0P9uQPw5YXwv6ug4DTsuebANLYNPJkMKtzc:0
[18134658ms] [ERROR] Unable to post message to https://challenges.cloudflare.com. Recipient has origin http://localhost:3000.
 @ https://challenges.cloudflare.com/turnstile/v0/g/330e41bb475c/api.js:1
[18135640ms] Blocked a frame with origin "https://challenges.cloudflare.com" from accessing a frame with origin "http://localhost:3000".  The frame requesting access has a protocol of "https", the frame being accessed has a protocol of "http". Protocols must match.

    at unknown (https://challenges.cloudflare.com/cdn-cgi/challenge-platform/h/g/turnstile/f/av0/rchVf_Bbmh6_M4TcuHsHISObl0ShS5rFnOS9bwP72fUaWM-1788730694-1.3.1.1-W1ya5EvBYQulFW.sARy3aL8XoAGGMgZEc42uI_9z_lo/p71i4/0x4AAAAAADV3ju2YEd8uiR-k/dark/fbE/failure_retry/flexible?lang=auto:1:50826)
    at Tf (https://challenges.cloudflare.com/cdn-cgi/challenge-platform/h/g/turnstile/f/av0/rchVf_Bbmh6_M4TcuHsHISObl0ShS5rFnOS9bwP72fUaWM-1788730694-1.3.1.1-W1ya5EvBYQulFW.sARy3aL8XoAGGMgZEc42uI_9z_lo/p71i4/0x4AAAAAADV3ju2YEd8uiR-k/dark/fbE/failure_retry/flexible?lang=auto:1:239328)
    at T8 (https://challenges.cloudflare.com/cdn-cgi/challenge-platform/h/g/turnstile/f/av0/rchVf_Bbmh6_M4TcuHsHISObl0ShS5rFnOS9bwP72fUaWM-1788730694-1.3.1.1-W1ya5EvBYQulFW.sARy3aL8XoAGGMgZEc42uI_9z_lo/p71i4/0x4AAAAAADV3ju2YEd8uiR-k/dark/fbE/failure_retry/flexible?lang=auto:1:104931)
    at unknown (https://challenges.cloudflare.com/cdn-cgi/challenge-platform/h/g/turnstile/f/av0/rchVf_Bbmh6_M4TcuHsHISObl0ShS5rFnOS9bwP72fUaWM-1788730694-1.3.1.1-W1ya5EvBYQulFW.sARy3aL8XoAGGMgZEc42uI_9z_lo/p71i4/0x4AAAAAADV3ju2YEd8uiR-k/dark/fbE/failure_retry/flexible?lang=auto:1:50379)
    at Tf (https://challenges.cloudflare.com/cdn-cgi/challenge-platform/h/g/turnstile/f/av0/rchVf_Bbmh6_M4TcuHsHISObl0ShS5rFnOS9bwP72fUaWM-1788730694-1.3.1.1-W1ya5EvBYQulFW.sARy3aL8XoAGGMgZEc42uI_9z_lo/p71i4/0x4AAAAAADV3ju2YEd8uiR-k/dark/fbE/failure_retry/flexible?lang=auto:1:239328)
    at FS (https://challenges.cloudflare.com/cdn-cgi/challenge-platform/h/g/turnstile/f/av0/rchVf_Bbmh6_M4TcuHsHISObl0ShS5rFnOS9bwP72fUaWM-1788730694-1.3.1.1-W1ya5EvBYQulFW.sARy3aL8XoAGGMgZEc42uI_9z_lo/p71i4/0x4AAAAAADV3ju2YEd8uiR-k/dark/fbE/failure_retry/flexible?lang=auto:1:153993)
    at Tx (https://challenges.cloudflare.com/cdn-cgi/challenge-platform/h/g/turnstile/f/av0/rchVf_Bbmh6_M4TcuHsHISObl0ShS5rFnOS9bwP72fUaWM-1788730694-1.3.1.1-W1ya5EvBYQulFW.sARy3aL8XoAGGMgZEc42uI_9z_lo/p71i4/0x4AAAAAADV3ju2YEd8uiR-k/dark/fbE/failure_retry/flexible?lang=auto:1:184650)
    at sIZgY (https://challenges.cloudflare.com/cdn-cgi/challenge-platform/h/g/turnstile/f/av0/rchVf_Bbmh6_M4TcuHsHISObl0ShS5rFnOS9bwP72fUaWM-1788730694-1.3.1.1-W1ya5EvBYQulFW.sARy3aL8XoAGGMgZEc42uI_9z_lo/p71i4/0x4AAAAAADV3ju2YEd8uiR-k/dark/fbE/failure_retry/flexible?lang=auto:1:181035)
    at TM (https://challenges.cloudflare.com/cdn-cgi/challenge-platform/h/g/turnstile/f/av0/rchVf_Bbmh6_M4TcuHsHISObl0ShS5rFnOS9bwP72fUaWM-1788730694-1.3.1.1-W1ya5EvBYQulFW.sARy3aL8XoAGGMgZEc42uI_9z_lo/p71i4/0x4AAAAAADV3ju2YEd8uiR-k/dark/fbE/failure_retry/flexible?lang=auto:1:183037)
[18135951ms] [ERROR] Failed to load resource: the server responded with a status of 400 () @ https://challenges.cloudflare.com/cdn-cgi/challenge-platform/h/g/fo/3143297605:1788728718:l95sbNtFP27Han31r6mhVVORsjUfSrUVVFj5AGTgh8c/a3709ee48bff8f2b/gK5VnvD07SUZcWU4of2hjxcQBBUXKVI0hKOYWHL9pJM-1788730706-1.2.1.1-7kJvuarT7scJFwp9gv_NMLz6viREhsy1n9wFTCqAnCEbvUMTJ8dTFz7MZSLL.LpA:0
[19195940ms] Blocked a frame with origin "https://challenges.cloudflare.com" from accessing a frame with origin "http://localhost:3000".  The frame requesting access has a protocol of "https", the frame being accessed has a protocol of "http". Protocols must match.

    at unknown (https://challenges.cloudflare.com/cdn-cgi/challenge-platform/h/g/turnstile/f/av0/rchCNGBDNCnkZXGACHPmJj06U74jfOJkvwwTAQWFmSy8Uc-1788730706-1.3.1.1-0a5NxEEvyciIPqgAz0i4i85bJsPL8CLjpT7tHJJeER0/p71i4/0x4AAAAAADV3ju2YEd8uiR-k/dark/fbE/failure_retry/flexible?lang=auto:1:51852)
    at Tf (https://challenges.cloudflare.com/cdn-cgi/challenge-platform/h/g/turnstile/f/av0/rchCNGBDNCnkZXGACHPmJj06U74jfOJkvwwTAQWFmSy8Uc-1788730706-1.3.1.1-0a5NxEEvyciIPqgAz0i4i85bJsPL8CLjpT7tHJJeER0/p71i4/0x4AAAAAADV3ju2YEd8uiR-k/dark/fbE/failure_retry/flexible?lang=auto:1:169712)
    at T8 (https://challenges.cloudflare.com/cdn-cgi/challenge-platform/h/g/turnstile/f/av0/rchCNGBDNCnkZXGACHPmJj06U74jfOJkvwwTAQWFmSy8Uc-1788730706-1.3.1.1-0a5NxEEvyciIPqgAz0i4i85bJsPL8CLjpT7tHJJeER0/p71i4/0x4AAAAAADV3ju2YEd8uiR-k/dark/fbE/failure_retry/flexible?lang=auto:1:62498)
    at unknown (https://challenges.cloudflare.com/cdn-cgi/challenge-platform/h/g/turnstile/f/av0/rchCNGBDNCnkZXGACHPmJj06U74jfOJkvwwTAQWFmSy8Uc-1788730706-1.3.1.1-0a5NxEEvyciIPqgAz0i4i85bJsPL8CLjpT7tHJJeER0/p71i4/0x4AAAAAADV3ju2YEd8uiR-k/dark/fbE/failure_retry/flexible?lang=auto:1:51405)
    at Tf (https://challenges.cloudflare.com/cdn-cgi/challenge-platform/h/g/turnstile/f/av0/rchCNGBDNCnkZXGACHPmJj06U74jfOJkvwwTAQWFmSy8Uc-1788730706-1.3.1.1-0a5NxEEvyciIPqgAz0i4i85bJsPL8CLjpT7tHJJeER0/p71i4/0x4AAAAAADV3ju2YEd8uiR-k/dark/fbE/failure_retry/flexible?lang=auto:1:169712)
    at FS (https://challenges.cloudflare.com/cdn-cgi/challenge-platform/h/g/turnstile/f/av0/rchCNGBDNCnkZXGACHPmJj06U74jfOJkvwwTAQWFmSy8Uc-1788730706-1.3.1.1-0a5NxEEvyciIPqgAz0i4i85bJsPL8CLjpT7tHJJeER0/p71i4/0x4AAAAAADV3ju2YEd8uiR-k/dark/fbE/failure_retry/flexible?lang=auto:1:231999)
    at WhCRW (https://challenges.cloudflare.com/cdn-cgi/challenge-platform/h/g/turnstile/f/av0/rchCNGBDNCnkZXGACHPmJj06U74jfOJkvwwTAQWFmSy8Uc-1788730706-1.3.1.1-0a5NxEEvyciIPqgAz0i4i85bJsPL8CLjpT7tHJJeER0/p71i4/0x4AAAAAADV3ju2YEd8uiR-k/dark/fbE/failure_retry/flexible?lang=auto:1:156153)
    at Tx (https://challenges.cloudflare.com/cdn-cgi/challenge-platform/h/g/turnstile/f/av0/rchCNGBDNCnkZXGACHPmJj06U74jfOJkvwwTAQWFmSy8Uc-1788730706-1.3.1.1-0a5NxEEvyciIPqgAz0i4i85bJsPL8CLjpT7tHJJeER0/p71i4/0x4AAAAAADV3ju2YEd8uiR-k/dark/fbE/failure_retry/flexible?lang=auto:1:163381)
    at TM (https://challenges.cloudflare.com/cdn-cgi/challenge-platform/h/g/turnstile/f/av0/rchCNGBDNCnkZXGACHPmJj06U74jfOJkvwwTAQWFmSy8Uc-1788730706-1.3.1.1-0a5NxEEvyciIPqgAz0i4i85bJsPL8CLjpT7tHJJeER0/p71i4/0x4AAAAAADV3ju2YEd8uiR-k/dark/fbE/failure_retry/flexible?lang=auto:1:158401)
[19196086ms] [ERROR] Failed to load resource: the server responded with a status of 400 () @ https://challenges.cloudflare.com/cdn-cgi/challenge-platform/h/g/fo/3143297605:1788728718:l95sbNtFP27Han31r6mhVVORsjUfSrUVVFj5AGTgh8c/a370b8ce4c9e3a0d/9pGiDPIVpYanwnjEX0CewqdC.x8GrKqQh_pIOCU1QC8-1788731768-1.2.1.1-chWx59IJNu_SfXfU.FKB6PmXDnIiDfJS16pjf3gq1iPkx7zIEp_JKWhuBWGGba_X:0
[21240110ms] [ERROR] Unable to post message to https://challenges.cloudflare.com. Recipient has origin http://localhost:3000.
 @ https://challenges.cloudflare.com/turnstile/v0/g/330e41bb475c/api.js:1
[21240556ms] Blocked a frame with origin "https://challenges.cloudflare.com" from accessing a frame with origin "http://localhost:3000".  The frame requesting access has a protocol of "https", the frame being accessed has a protocol of "http". Protocols must match.

    at unknown (https://challenges.cloudflare.com/cdn-cgi/challenge-platform/h/g/turnstile/f/av0/rchPJcBwMFbKDOafXV.Qnj8QbQr43_8Ysiv0bRu_1apKjY-1788731768-1.3.1.1-zE7DHyP3Y0he4TyoFVfAGZukzbgJHWAXio.nAZeYt7c/p71i4/0x4AAAAAADV3ju2YEd8uiR-k/dark/fbE/failure_retry/flexible?lang=auto:1:50459)
    at nP (https://challenges.cloudflare.com/cdn-cgi/challenge-platform/h/g/turnstile/f/av0/rchPJcBwMFbKDOafXV.Qnj8QbQr43_8Ysiv0bRu_1apKjY-1788731768-1.3.1.1-zE7DHyP3Y0he4TyoFVfAGZukzbgJHWAXio.nAZeYt7c/p71i4/0x4AAAAAADV3ju2YEd8uiR-k/dark/fbE/failure_retry/flexible?lang=auto:1:116804)
    at n5 (https://challenges.cloudflare.com/cdn-cgi/challenge-platform/h/g/turnstile/f/av0/rchPJcBwMFbKDOafXV.Qnj8QbQr43_8Ysiv0bRu_1apKjY-1788731768-1.3.1.1-zE7DHyP3Y0he4TyoFVfAGZukzbgJHWAXio.nAZeYt7c/p71i4/0x4AAAAAADV3ju2YEd8uiR-k/dark/fbE/failure_retry/flexible?lang=auto:1:223484)
    at unknown (https://challenges.cloudflare.com/cdn-cgi/challenge-platform/h/g/turnstile/f/av0/rchPJcBwMFbKDOafXV.Qnj8QbQr43_8Ysiv0bRu_1apKjY-1788731768-1.3.1.1-zE7DHyP3Y0he4TyoFVfAGZukzbgJHWAXio.nAZeYt7c/p71i4/0x4AAAAAADV3ju2YEd8uiR-k/dark/fbE/failure_retry/flexible?lang=auto:1:50010)
    at nP (https://challenges.cloudflare.com/cdn-cgi/challenge-platform/h/g/turnstile/f/av0/rchPJcBwMFbKDOafXV.Qnj8QbQr43_8Ysiv0bRu_1apKjY-1788731768-1.3.1.1-zE7DHyP3Y0he4TyoFVfAGZukzbgJHWAXio.nAZeYt7c/p71i4/0x4AAAAAADV3ju2YEd8uiR-k/dark/fbE/failure_retry/flexible?lang=auto:1:116804)
    at kP (https://challenges.cloudflare.com/cdn-cgi/challenge-platform/h/g/turnstile/f/av0/rchPJcBwMFbKDOafXV.Qnj8QbQr43_8Ysiv0bRu_1apKjY-1788731768-1.3.1.1-zE7DHyP3Y0he4TyoFVfAGZukzbgJHWAXio.nAZeYt7c/p71i4/0x4AAAAAADV3ju2YEd8uiR-k/dark/fbE/failure_retry/flexible?lang=auto:1:206121)
    at MpcSy (https://challenges.cloudflare.com/cdn-cgi/challenge-platform/h/g/turnstile/f/av0/rchPJcBwMFbKDOafXV.Qnj8QbQr43_8Ysiv0bRu_1apKjY-1788731768-1.3.1.1-zE7DHyP3Y0he4TyoFVfAGZukzbgJHWAXio.nAZeYt7c/p71i4/0x4AAAAAADV3ju2YEd8uiR-k/dark/fbE/failure_retry/flexible?lang=auto:1:103086)
    at nR (https://challenges.cloudflare.com/cdn-cgi/challenge-platform/h/g/turnstile/f/av0/rchPJcBwMFbKDOafXV.Qnj8QbQr43_8Ysiv0bRu_1apKjY-1788731768-1.3.1.1-zE7DHyP3Y0he4TyoFVfAGZukzbgJHWAXio.nAZeYt7c/p71i4/0x4AAAAAADV3ju2YEd8uiR-k/dark/fbE/failure_retry/flexible?lang=auto:1:110129)
    at np (https://challenges.cloudflare.com/cdn-cgi/challenge-platform/h/g/turnstile/f/av0/rchPJcBwMFbKDOafXV.Qnj8QbQr43_8Ysiv0bRu_1apKjY-1788731768-1.3.1.1-zE7DHyP3Y0he4TyoFVfAGZukzbgJHWAXio.nAZeYt7c/p71i4/0x4AAAAAADV3ju2YEd8uiR-k/dark/fbE/failure_retry/flexible?lang=auto:1:106095)
[21240737ms] [ERROR] Failed to load resource: the server responded with a status of 400 () @ https://challenges.cloudflare.com/cdn-cgi/challenge-platform/h/g/fo/2389868856:1788732307:ukDpsTLim4Ff9_eUbEPAnGy82mWzqhc9_wMXQNWLikM/a370eab78db283f0/qhCrpAUk8dd0RBBY0_H2IiRETescxiToZIYPodbas5s-1788733812-1.2.1.1-u6KUioGqVujNSGhLnVRApb56_Y_xttL2wiO6aw4WDdzMAOa3zkbwUcEDjnqRUfMw:0
[21251005ms] Blocked a frame with origin "https://challenges.cloudflare.com" from accessing a frame with origin "http://localhost:3000".  The frame requesting access has a protocol of "https", the frame being accessed has a protocol of "http". Protocols must match.

    at unknown (https://challenges.cloudflare.com/cdn-cgi/challenge-platform/h/g/turnstile/f/av0/rchfb6_1SimNPRtUcr9adtllWDi2S_knvNgtk3RbyV2VLg-1788733812-1.3.1.1-SVYvoeImAv1nE2f6NkWY3UUQpUS1OkrAqrhS4SO9CP8/p71i4/0x4AAAAAADV3ju2YEd8uiR-k/dark/fbE/failure_retry/flexible?lang=auto:1:49196)
    at nP (https://challenges.cloudflare.com/cdn-cgi/challenge-platform/h/g/turnstile/f/av0/rchfb6_1SimNPRtUcr9adtllWDi2S_knvNgtk3RbyV2VLg-1788733812-1.3.1.1-SVYvoeImAv1nE2f6NkWY3UUQpUS1OkrAqrhS4SO9CP8/p71i4/0x4AAAAAADV3ju2YEd8uiR-k/dark/fbE/failure_retry/flexible?lang=auto:1:193559)
    at VCfcl (https://challenges.cloudflare.com/cdn-cgi/challenge-platform/h/g/turnstile/f/av0/rchfb6_1SimNPRtUcr9adtllWDi2S_knvNgtk3RbyV2VLg-1788733812-1.3.1.1-SVYvoeImAv1nE2f6NkWY3UUQpUS1OkrAqrhS4SO9CP8/p71i4/0x4AAAAAADV3ju2YEd8uiR-k/dark/fbE/failure_retry/flexible?lang=auto:1:226997)
    at n5 (https://challenges.cloudflare.com/cdn-cgi/challenge-platform/h/g/turnstile/f/av0/rchfb6_1SimNPRtUcr9adtllWDi2S_knvNgtk3RbyV2VLg-1788733812-1.3.1.1-SVYvoeImAv1nE2f6NkWY3UUQpUS1OkrAqrhS4SO9CP8/p71i4/0x4AAAAAADV3ju2YEd8uiR-k/dark/fbE/failure_retry/flexible?lang=auto:1:228442)
    at unknown (https://challenges.cloudflare.com/cdn-cgi/challenge-platform/h/g/turnstile/f/av0/rchfb6_1SimNPRtUcr9adtllWDi2S_knvNgtk3RbyV2VLg-1788733812-1.3.1.1-SVYvoeImAv1nE2f6NkWY3UUQpUS1OkrAqrhS4SO9CP8/p71i4/0x4AAAAAADV3ju2YEd8uiR-k/dark/fbE/failure_retry/flexible?lang=auto:1:48747)
    at nP (https://challenges.cloudflare.com/cdn-cgi/challenge-platform/h/g/turnstile/f/av0/rchfb6_1SimNPRtUcr9adtllWDi2S_knvNgtk3RbyV2VLg-1788733812-1.3.1.1-SVYvoeImAv1nE2f6NkWY3UUQpUS1OkrAqrhS4SO9CP8/p71i4/0x4AAAAAADV3ju2YEd8uiR-k/dark/fbE/failure_retry/flexible?lang=auto:1:193559)
    at kP (https://challenges.cloudflare.com/cdn-cgi/challenge-platform/h/g/turnstile/f/av0/rchfb6_1SimNPRtUcr9adtllWDi2S_knvNgtk3RbyV2VLg-1788733812-1.3.1.1-SVYvoeImAv1nE2f6NkWY3UUQpUS1OkrAqrhS4SO9CP8/p71i4/0x4AAAAAADV3ju2YEd8uiR-k/dark/fbE/failure_retry/flexible?lang=auto:1:134738)
    at nR (https://challenges.cloudflare.com/cdn-cgi/challenge-platform/h/g/turnstile/f/av0/rchfb6_1SimNPRtUcr9adtllWDi2S_knvNgtk3RbyV2VLg-1788733812-1.3.1.1-SVYvoeImAv1nE2f6NkWY3UUQpUS1OkrAqrhS4SO9CP8/p71i4/0x4AAAAAADV3ju2YEd8uiR-k/dark/fbE/failure_retry/flexible?lang=auto:1:94349)
    at np (https://challenges.cloudflare.com/cdn-cgi/challenge-platform/h/g/turnstile/f/av0/rchfb6_1SimNPRtUcr9adtllWDi2S_knvNgtk3RbyV2VLg-1788733812-1.3.1.1-SVYvoeImAv1nE2f6NkWY3UUQpUS1OkrAqrhS4SO9CP8/p71i4/0x4AAAAAADV3ju2YEd8uiR-k/dark/fbE/failure_retry/flexible?lang=auto:1:88398)
[21251275ms] [ERROR] Failed to load resource: the server responded with a status of 400 () @ https://challenges.cloudflare.com/cdn-cgi/challenge-platform/h/g/fo/2389868856:1788732307:ukDpsTLim4Ff9_eUbEPAnGy82mWzqhc9_wMXQNWLikM/a370eafa8da783f0/4ifOQhIMnaokod7cAkhsxB2tjoozMjOMYl_5Z_n6gmA-1788733823-1.2.1.1-TX.KkjSYyLf_VdUjkjiNxBOnpg4.oyf8eSicgndpVxHFiNyK1kh58XdSN..xRNh9:0
[21256388ms] [ERROR] WebSocket connection to 'ws://localhost:3000/_nuxt/?token=GGeEsF2CPjaQ' failed: The network connection was lost. @ :0
[21256390ms] [LOG] [vite] server connection lost. Polling for restart... @ http://localhost:3000/_nuxt/@vite/client:864
[21261557ms] Blocked a frame with origin "https://challenges.cloudflare.com" from accessing a frame with origin "http://localhost:3000".  The frame requesting access has a protocol of "https", the frame being accessed has a protocol of "http". Protocols must match.

    at unknown (https://challenges.cloudflare.com/cdn-cgi/challenge-platform/h/g/turnstile/f/av0/rch8Ww3WRsHgbPvxxp1qcznSGTOyt2BHFVmrGlJkDjKVq4-1788733823-1.3.1.1-_A_quDtikp2ZJHbjUDjwK4IcIkN8V6A12KgDQjqK1Go/p71i4/0x4AAAAAADV3ju2YEd8uiR-k/dark/fbE/failure_retry/flexible?lang=auto:1:49172)
    at nP (https://challenges.cloudflare.com/cdn-cgi/challenge-platform/h/g/turnstile/f/av0/rch8Ww3WRsHgbPvxxp1qcznSGTOyt2BHFVmrGlJkDjKVq4-1788733823-1.3.1.1-_A_quDtikp2ZJHbjUDjwK4IcIkN8V6A12KgDQjqK1Go/p71i4/0x4AAAAAADV3ju2YEd8uiR-k/dark/fbE/failure_retry/flexible?lang=auto:1:116404)
    at n5 (https://challenges.cloudflare.com/cdn-cgi/challenge-platform/h/g/turnstile/f/av0/rch8Ww3WRsHgbPvxxp1qcznSGTOyt2BHFVmrGlJkDjKVq4-1788733823-1.3.1.1-_A_quDtikp2ZJHbjUDjwK4IcIkN8V6A12KgDQjqK1Go/p71i4/0x4AAAAAADV3ju2YEd8uiR-k/dark/fbE/failure_retry/flexible?lang=auto:1:82465)
    at unknown (https://challenges.cloudflare.com/cdn-cgi/challenge-platform/h/g/turnstile/f/av0/rch8Ww3WRsHgbPvxxp1qcznSGTOyt2BHFVmrGlJkDjKVq4-1788733823-1.3.1.1-_A_quDtikp2ZJHbjUDjwK4IcIkN8V6A12KgDQjqK1Go/p71i4/0x4AAAAAADV3ju2YEd8uiR-k/dark/fbE/failure_retry/flexible?lang=auto:1:48723)
    at nP (https://challenges.cloudflare.com/cdn-cgi/challenge-platform/h/g/turnstile/f/av0/rch8Ww3WRsHgbPvxxp1qcznSGTOyt2BHFVmrGlJkDjKVq4-1788733823-1.3.1.1-_A_quDtikp2ZJHbjUDjwK4IcIkN8V6A12KgDQjqK1Go/p71i4/0x4AAAAAADV3ju2YEd8uiR-k/dark/fbE/failure_retry/flexible?lang=auto:1:116404)
    at kP (https://challenges.cloudflare.com/cdn-cgi/challenge-platform/h/g/turnstile/f/av0/rch8Ww3WRsHgbPvxxp1qcznSGTOyt2BHFVmrGlJkDjKVq4-1788733823-1.3.1.1-_A_quDtikp2ZJHbjUDjwK4IcIkN8V6A12KgDQjqK1Go/p71i4/0x4AAAAAADV3ju2YEd8uiR-k/dark/fbE/failure_retry/flexible?lang=auto:1:108451)
    at sxTbh (https://challenges.cloudflare.com/cdn-cgi/challenge-platform/h/g/turnstile/f/av0/rch8Ww3WRsHgbPvxxp1qcznSGTOyt2BHFVmrGlJkDjKVq4-1788733823-1.3.1.1-_A_quDtikp2ZJHbjUDjwK4IcIkN8V6A12KgDQjqK1Go/p71i4/0x4AAAAAADV3ju2YEd8uiR-k/dark/fbE/failure_retry/flexible?lang=auto:1:89746)
    at nR (https://challenges.cloudflare.com/cdn-cgi/challenge-platform/h/g/turnstile/f/av0/rch8Ww3WRsHgbPvxxp1qcznSGTOyt2BHFVmrGlJkDjKVq4-1788733823-1.3.1.1-_A_quDtikp2ZJHbjUDjwK4IcIkN8V6A12KgDQjqK1Go/p71i4/0x4AAAAAADV3ju2YEd8uiR-k/dark/fbE/failure_retry/flexible?lang=auto:1:97966)
    at sxTbh (https://challenges.cloudflare.com/cdn-cgi/challenge-platform/h/g/turnstile/f/av0/rch8Ww3WRsHgbPvxxp1qcznSGTOyt2BHFVmrGlJkDjKVq4-1788733823-1.3.1.1-_A_quDtikp2ZJHbjUDjwK4IcIkN8V6A12KgDQjqK1Go/p71i4/0x4AAAAAADV3ju2YEd8uiR-k/dark/fbE/failure_retry/flexible?lang=auto:1:89746)
    at np (https://challenges.cloudflare.com/cdn-cgi/challenge-platform/h/g/turnstile/f/av0/rch8Ww3WRsHgbPvxxp1qcznSGTOyt2BHFVmrGlJkDjKVq4-1788733823-1.3.1.1-_A_quDtikp2ZJHbjUDjwK4IcIkN8V6A12KgDQjqK1Go/p71i4/0x4AAAAAADV3ju2YEd8uiR-k/dark/fbE/failure_retry/flexible?lang=auto:1:92704)
[21261825ms] [ERROR] Failed to load resource: the server responded with a status of 400 () @ https://challenges.cloudflare.com/cdn-cgi/challenge-platform/h/g/fo/2389868856:1788732307:ukDpsTLim4Ff9_eUbEPAnGy82mWzqhc9_wMXQNWLikM/a370eb3bd89483f0/0blqMSICVe9pjO8NinT0D1nRZjlWHm.f2F8xXflj1lo-1788733833-1.2.1.1-qUq6xguE.0Gjb.IUIB05icBtSjGHVv17mQOz.c9E6SX5nJbicY9fEVQiOm9l4Fj5:0
[21269931ms] [INFO] <Suspense> is an experimental feature and its API will likely change. @ http://localhost:3000/_nuxt/node_modules/.pnpm/@vue+runtime-core@3.5.33/node_modules/@vue/runtime-core/dist/runtime-core.esm-bundler.js?v=4a573216:7239
[21270056ms] [LOG] %c[Vercel Web Analytics]%c Debug mode is enabled by default in development. No requests will be sent to the server. color: rgb(120, 120, 120) color: inherit @ https://va.vercel-scripts.com/v1/script.debug.js:0
[21270057ms] [LOG] %c[Vercel Web Analytics]%c Running queued event color: rgb(120, 120, 120) color: inherit pageview {route: /demo, path: /demo} @ https://va.vercel-scripts.com/v1/script.debug.js:0
[21270058ms] [LOG] %c[Vercel Web Analytics]%c [view] http://localhost:3000/demo color: rgb(120, 120, 120) color: inherit {o: http://localhost:3000/demo, sv: 0.1.3, sdkn: @vercel/analytics/nuxt, sdkv: 2.0.1, ts: 1788733842240} /_vercel/insights/view @ https://va.vercel-scripts.com/v1/script.debug.js:0
[21270150ms] [LOG] ✨ %cNuxt DevTools %c Press Shift + Option + D to open DevTools color: black; border-radius: 3px 0 0 3px; padding: 2px 2px 1px 10px; background: #00DC82 border-radius: 0 3px 3px 0; padding: 2px 10px 1px 2px; background: #00DC8220  @ http://localhost:3000/_nuxt/node_modules/.pnpm/@nuxt+devtools@3.2.4_supports-color@10.2.2_vite@7.3.2_@types+node@26.1.1_jiti@2.6.1_ter_28972f42c82fd27b0e3f96c17cda5782/node_modules/@nuxt/devtools/dist/runtime/plugins/devtools.client.js?v=4a573216:51
[21270420ms] Blocked a frame with origin "https://challenges.cloudflare.com" from accessing a frame with origin "http://localhost:3000".  The frame requesting access has a protocol of "https", the frame being accessed has a protocol of "http". Protocols must match.

    at unknown (https://challenges.cloudflare.com/cdn-cgi/challenge-platform/h/g/turnstile/f/av0/rch/nzjzr/0x4AAAAAADV3ju2YEd8uiR-k/dark/fbE/new/flexible?lang=auto:1:50235)
    at nP (https://challenges.cloudflare.com/cdn-cgi/challenge-platform/h/g/turnstile/f/av0/rch/nzjzr/0x4AAAAAADV3ju2YEd8uiR-k/dark/fbE/new/flexible?lang=auto:1:164362)
    at n5 (https://challenges.cloudflare.com/cdn-cgi/challenge-platform/h/g/turnstile/f/av0/rch/nzjzr/0x4AAAAAADV3ju2YEd8uiR-k/dark/fbE/new/flexible?lang=auto:1:136699)
    at unknown (https://challenges.cloudflare.com/cdn-cgi/challenge-platform/h/g/turnstile/f/av0/rch/nzjzr/0x4AAAAAADV3ju2YEd8uiR-k/dark/fbE/new/flexible?lang=auto:1:49786)
    at nP (https://challenges.cloudflare.com/cdn-cgi/challenge-platform/h/g/turnstile/f/av0/rch/nzjzr/0x4AAAAAADV3ju2YEd8uiR-k/dark/fbE/new/flexible?lang=auto:1:164362)
    at kP (https://challenges.cloudflare.com/cdn-cgi/challenge-platform/h/g/turnstile/f/av0/rch/nzjzr/0x4AAAAAADV3ju2YEd8uiR-k/dark/fbE/new/flexible?lang=auto:1:90416)
    at BMBLp (https://challenges.cloudflare.com/cdn-cgi/challenge-platform/h/g/turnstile/f/av0/rch/nzjzr/0x4AAAAAADV3ju2YEd8uiR-k/dark/fbE/new/flexible?lang=auto:1:237064)
    at nR (https://challenges.cloudflare.com/cdn-cgi/challenge-platform/h/g/turnstile/f/av0/rch/nzjzr/0x4AAAAAADV3ju2YEd8uiR-k/dark/fbE/new/flexible?lang=auto:1:244761)
    at np (https://challenges.cloudflare.com/cdn-cgi/challenge-platform/h/g/turnstile/f/av0/rch/nzjzr/0x4AAAAAADV3ju2YEd8uiR-k/dark/fbE/new/flexible?lang=auto:1:239945)
[21270494ms] [ERROR] Failed to load resource: the server responded with a status of 400 () @ https://challenges.cloudflare.com/cdn-cgi/challenge-platform/h/g/fo/2389868856:1788732307:ukDpsTLim4Ff9_eUbEPAnGy82mWzqhc9_wMXQNWLikM/a370eb72ee6783f0/WOj2ffu94eNNCLynCBY7qMRD.v_lDZtK5WjEvvAZIyI-1788733842-1.2.1.1-ZmYVoKhEwt6kZz6g5CxeFeqfGJKgLgzHhPxKI_o4eE49iZkSfU2yJTT2x_IfO0W9:0
[21280654ms] Blocked a frame with origin "https://challenges.cloudflare.com" from accessing a frame with origin "http://localhost:3000".  The frame requesting access has a protocol of "https", the frame being accessed has a protocol of "http". Protocols must match.

    at unknown (https://challenges.cloudflare.com/cdn-cgi/challenge-platform/h/g/turnstile/f/av0/rchbSEQyUT.Nfc946sNxrtqpCmxvLVwntCtxWAJ3zLuMiE-1788733842-1.3.1.1-Vkj9dsv54NUYsFqv0YepgKURd46y6Zu13UtjDqgEYB4/nzjzr/0x4AAAAAADV3ju2YEd8uiR-k/dark/fbE/failure_retry/flexible?lang=auto:1:49585)
    at nP (https://challenges.cloudflare.com/cdn-cgi/challenge-platform/h/g/turnstile/f/av0/rchbSEQyUT.Nfc946sNxrtqpCmxvLVwntCtxWAJ3zLuMiE-1788733842-1.3.1.1-Vkj9dsv54NUYsFqv0YepgKURd46y6Zu13UtjDqgEYB4/nzjzr/0x4AAAAAADV3ju2YEd8uiR-k/dark/fbE/failure_retry/flexible?lang=auto:1:106976)
    at VyuLf (https://challenges.cloudflare.com/cdn-cgi/challenge-platform/h/g/turnstile/f/av0/rchbSEQyUT.Nfc946sNxrtqpCmxvLVwntCtxWAJ3zLuMiE-1788733842-1.3.1.1-Vkj9dsv54NUYsFqv0YepgKURd46y6Zu13UtjDqgEYB4/nzjzr/0x4AAAAAADV3ju2YEd8uiR-k/dark/fbE/failure_retry/flexible?lang=auto:1:197748)
    at n5 (https://challenges.cloudflare.com/cdn-cgi/challenge-platform/h/g/turnstile/f/av0/rchbSEQyUT.Nfc946sNxrtqpCmxvLVwntCtxWAJ3zLuMiE-1788733842-1.3.1.1-Vkj9dsv54NUYsFqv0YepgKURd46y6Zu13UtjDqgEYB4/nzjzr/0x4AAAAAADV3ju2YEd8uiR-k/dark/fbE/failure_retry/flexible?lang=auto:1:198826)
    at unknown (https://challenges.cloudflare.com/cdn-cgi/challenge-platform/h/g/turnstile/f/av0/rchbSEQyUT.Nfc946sNxrtqpCmxvLVwntCtxWAJ3zLuMiE-1788733842-1.3.1.1-Vkj9dsv54NUYsFqv0YepgKURd46y6Zu13UtjDqgEYB4/nzjzr/0x4AAAAAADV3ju2YEd8uiR-k/dark/fbE/failure_retry/flexible?lang=auto:1:49136)
    at nP (https://challenges.cloudflare.com/cdn-cgi/challenge-platform/h/g/turnstile/f/av0/rchbSEQyUT.Nfc946sNxrtqpCmxvLVwntCtxWAJ3zLuMiE-1788733842-1.3.1.1-Vkj9dsv54NUYsFqv0YepgKURd46y6Zu13UtjDqgEYB4/nzjzr/0x4AAAAAADV3ju2YEd8uiR-k/dark/fbE/failure_retry/flexible?lang=auto:1:106976)
    at ebxnh (https://challenges.cloudflare.com/cdn-cgi/challenge-platform/h/g/turnstile/f/av0/rchbSEQyUT.Nfc946sNxrtqpCmxvLVwntCtxWAJ3zLuMiE-1788733842-1.3.1.1-Vkj9dsv54NUYsFqv0YepgKURd46y6Zu13UtjDqgEYB4/nzjzr/0x4AAAAAADV3ju2YEd8uiR-k/dark/fbE/failure_retry/flexible?lang=auto:1:54247)
    at kP (https://challenges.cloudflare.com/cdn-cgi/challenge-platform/h/g/turnstile/f/av0/rchbSEQyUT.Nfc946sNxrtqpCmxvLVwntCtxWAJ3zLuMiE-1788733842-1.3.1.1-Vkj9dsv54NUYsFqv0YepgKURd46y6Zu13UtjDqgEYB4/nzjzr/0x4AAAAAADV3ju2YEd8uiR-k/dark/fbE/failure_retry/flexible?lang=auto:1:62531)
    at wSDvc (https://challenges.cloudflare.com/cdn-cgi/challenge-platform/h/g/turnstile/f/av0/rchbSEQyUT.Nfc946sNxrtqpCmxvLVwntCtxWAJ3zLuMiE-1788733842-1.3.1.1-Vkj9dsv54NUYsFqv0YepgKURd46y6Zu13UtjDqgEYB4/nzjzr/0x4AAAAAADV3ju2YEd8uiR-k/dark/fbE/failure_retry/flexible?lang=auto:1:159927)
    at nR (https://challenges.cloudflare.com/cdn-cgi/challenge-platform/h/g/turnstile/f/av0/rchbSEQyUT.Nfc946sNxrtqpCmxvLVwntCtxWAJ3zLuMiE-1788733842-1.3.1.1-Vkj9dsv54NUYsFqv0YepgKURd46y6Zu13UtjDqgEYB4/nzjzr/0x4AAAAAADV3ju2YEd8uiR-k/dark/fbE/failure_retry/flexible?lang=auto:1:163521)
    at KFwqt (https://challenges.cloudflare.com/cdn-cgi/challenge-platform/h/g/turnstile/f/av0/rchbSEQyUT.Nfc946sNxrtqpCmxvLVwntCtxWAJ3zLuMiE-1788733842-1.3.1.1-Vkj9dsv54NUYsFqv0YepgKURd46y6Zu13UtjDqgEYB4/nzjzr/0x4AAAAAADV3ju2YEd8uiR-k/dark/fbE/failure_retry/flexible?lang=auto:1:159211)
    at np (https://challenges.cloudflare.com/cdn-cgi/challenge-platform/h/g/turnstile/f/av0/rchbSEQyUT.Nfc946sNxrtqpCmxvLVwntCtxWAJ3zLuMiE-1788733842-1.3.1.1-Vkj9dsv54NUYsFqv0YepgKURd46y6Zu13UtjDqgEYB4/nzjzr/0x4AAAAAADV3ju2YEd8uiR-k/dark/fbE/failure_retry/flexible?lang=auto:1:162031)
[21280799ms] [ERROR] Failed to load resource: the server responded with a status of 400 () @ https://challenges.cloudflare.com/cdn-cgi/challenge-platform/h/g/fo/2389868856:1788732307:ukDpsTLim4Ff9_eUbEPAnGy82mWzqhc9_wMXQNWLikM/a370ebb3f89e83f0/IArA9VhrsghHB5a0rLCSCSkvGob2G..eVILPZonoU3M-1788733852-1.2.1.1-3baD__3LZ1GNXkznZawQic0brKJh0.KZBx4wwMhPEXwXi4TJWk._TDmy7dau7wsr:0
[21290962ms] Blocked a frame with origin "https://challenges.cloudflare.com" from accessing a frame with origin "http://localhost:3000".  The frame requesting access has a protocol of "https", the frame being accessed has a protocol of "http". Protocols must match.

    at unknown (https://challenges.cloudflare.com/cdn-cgi/challenge-platform/h/g/turnstile/f/av0/rchK9uD3DcmV9EiGKxdpty0pYOmgDCRE9_FAbDVBl_q3wE-1788733852-1.3.1.1-hSz5yVPbIjI.ZQUImeC3ZFJADQmMk_EsrB1P.VbP810/nzjzr/0x4AAAAAADV3ju2YEd8uiR-k/dark/fbE/failure_retry/flexible?lang=auto:1:48847)
    at vI (https://challenges.cloudflare.com/cdn-cgi/challenge-platform/h/g/turnstile/f/av0/rchK9uD3DcmV9EiGKxdpty0pYOmgDCRE9_FAbDVBl_q3wE-1788733852-1.3.1.1-hSz5yVPbIjI.ZQUImeC3ZFJADQmMk_EsrB1P.VbP810/nzjzr/0x4AAAAAADV3ju2YEd8uiR-k/dark/fbE/failure_retry/flexible?lang=auto:1:92529)
    at v4 (https://challenges.cloudflare.com/cdn-cgi/challenge-platform/h/g/turnstile/f/av0/rchK9uD3DcmV9EiGKxdpty0pYOmgDCRE9_FAbDVBl_q3wE-1788733852-1.3.1.1-hSz5yVPbIjI.ZQUImeC3ZFJADQmMk_EsrB1P.VbP810/nzjzr/0x4AAAAAADV3ju2YEd8uiR-k/dark/fbE/failure_retry/flexible?lang=auto:1:200043)
    at unknown (https://challenges.cloudflare.com/cdn-cgi/challenge-platform/h/g/turnstile/f/av0/rchK9uD3DcmV9EiGKxdpty0pYOmgDCRE9_FAbDVBl_q3wE-1788733852-1.3.1.1-hSz5yVPbIjI.ZQUImeC3ZFJADQmMk_EsrB1P.VbP810/nzjzr/0x4AAAAAADV3ju2YEd8uiR-k/dark/fbE/failure_retry/flexible?lang=auto:1:48398)
    at vI (https://challenges.cloudflare.com/cdn-cgi/challenge-platform/h/g/turnstile/f/av0/rchK9uD3DcmV9EiGKxdpty0pYOmgDCRE9_FAbDVBl_q3wE-1788733852-1.3.1.1-hSz5yVPbIjI.ZQUImeC3ZFJADQmMk_EsrB1P.VbP810/nzjzr/0x4AAAAAADV3ju2YEd8uiR-k/dark/fbE/failure_retry/flexible?lang=auto:1:92529)
    at ZI (https://challenges.cloudflare.com/cdn-cgi/challenge-platform/h/g/turnstile/f/av0/rchK9uD3DcmV9EiGKxdpty0pYOmgDCRE9_FAbDVBl_q3wE-1788733852-1.3.1.1-hSz5yVPbIjI.ZQUImeC3ZFJADQmMk_EsrB1P.VbP810/nzjzr/0x4AAAAAADV3ju2YEd8uiR-k/dark/fbE/failure_retry/flexible?lang=auto:1:241870)
    at vT (https://challenges.cloudflare.com/cdn-cgi/challenge-platform/h/g/turnstile/f/av0/rchK9uD3DcmV9EiGKxdpty0pYOmgDCRE9_FAbDVBl_q3wE-1788733852-1.3.1.1-hSz5yVPbIjI.ZQUImeC3ZFJADQmMk_EsrB1P.VbP810/nzjzr/0x4AAAAAADV3ju2YEd8uiR-k/dark/fbE/failure_retry/flexible?lang=auto:1:139712)
    at vf (https://challenges.cloudflare.com/cdn-cgi/challenge-platform/h/g/turnstile/f/av0/rchK9uD3DcmV9EiGKxdpty0pYOmgDCRE9_FAbDVBl_q3wE-1788733852-1.3.1.1-hSz5yVPbIjI.ZQUImeC3ZFJADQmMk_EsrB1P.VbP810/nzjzr/0x4AAAAAADV3ju2YEd8uiR-k/dark/fbE/failure_retry/flexible?lang=auto:1:138102)
[21291116ms] [ERROR] Failed to load resource: the server responded with a status of 400 () @ https://challenges.cloudflare.com/cdn-cgi/challenge-platform/h/g/fo/2389868856:1788732307:ukDpsTLim4Ff9_eUbEPAnGy82mWzqhc9_wMXQNWLikM/a370ebf45fc583f0/cVPFWgHo5r_qoXe1oKYG5.S_ttdt5REgzUo9SZLmZ7w-1788733863-1.2.1.1-ID78oPO3w_8rOYnpkxhERpbs05.HKprzbA0lcC.AukqgXRPj7arDn1lWDWUsM19f:0
[21304408ms] [INFO] <Suspense> is an experimental feature and its API will likely change. @ http://localhost:3000/_nuxt/node_modules/.pnpm/@vue+runtime-core@3.5.33/node_modules/@vue/runtime-core/dist/runtime-core.esm-bundler.js?v=4a573216:7239
[21304638ms] [LOG] %c[Vercel Web Analytics]%c Debug mode is enabled by default in development. No requests will be sent to the server. color: rgb(120, 120, 120) color: inherit @ https://va.vercel-scripts.com/v1/script.debug.js:0
[21304638ms] [LOG] %c[Vercel Web Analytics]%c Running queued event color: rgb(120, 120, 120) color: inherit pageview {route: /demo, path: /demo} @ https://va.vercel-scripts.com/v1/script.debug.js:0
[21304641ms] [LOG] %c[Vercel Web Analytics]%c [view] http://localhost:3000/demo color: rgb(120, 120, 120) color: inherit {o: http://localhost:3000/demo, sv: 0.1.3, sdkn: @vercel/analytics/nuxt, sdkv: 2.0.1, ts: 1788733876824} /_vercel/insights/view @ https://va.vercel-scripts.com/v1/script.debug.js:0
[21305457ms] Blocked a frame with origin "https://challenges.cloudflare.com" from accessing a frame with origin "http://localhost:3000".  The frame requesting access has a protocol of "https", the frame being accessed has a protocol of "http". Protocols must match.

    at unknown (https://challenges.cloudflare.com/cdn-cgi/challenge-platform/h/g/turnstile/f/av0/rch/mrvhw/0x4AAAAAADV3ju2YEd8uiR-k/dark/fbE/new/flexible?lang=auto:1:50301)
    at nP (https://challenges.cloudflare.com/cdn-cgi/challenge-platform/h/g/turnstile/f/av0/rch/mrvhw/0x4AAAAAADV3ju2YEd8uiR-k/dark/fbE/new/flexible?lang=auto:1:116646)
    at n5 (https://challenges.cloudflare.com/cdn-cgi/challenge-platform/h/g/turnstile/f/av0/rch/mrvhw/0x4AAAAAADV3ju2YEd8uiR-k/dark/fbE/new/flexible?lang=auto:1:223326)
    at unknown (https://challenges.cloudflare.com/cdn-cgi/challenge-platform/h/g/turnstile/f/av0/rch/mrvhw/0x4AAAAAADV3ju2YEd8uiR-k/dark/fbE/new/flexible?lang=auto:1:49852)
    at nP (https://challenges.cloudflare.com/cdn-cgi/challenge-platform/h/g/turnstile/f/av0/rch/mrvhw/0x4AAAAAADV3ju2YEd8uiR-k/dark/fbE/new/flexible?lang=auto:1:116646)
    at kP (https://challenges.cloudflare.com/cdn-cgi/challenge-platform/h/g/turnstile/f/av0/rch/mrvhw/0x4AAAAAADV3ju2YEd8uiR-k/dark/fbE/new/flexible?lang=auto:1:205963)
    at MpcSy (https://challenges.cloudflare.com/cdn-cgi/challenge-platform/h/g/turnstile/f/av0/rch/mrvhw/0x4AAAAAADV3ju2YEd8uiR-k/dark/fbE/new/flexible?lang=auto:1:102928)
    at nR (https://challenges.cloudflare.com/cdn-cgi/challenge-platform/h/g/turnstile/f/av0/rch/mrvhw/0x4AAAAAADV3ju2YEd8uiR-k/dark/fbE/new/flexible?lang=auto:1:109971)
    at np (https://challenges.cloudflare.com/cdn-cgi/challenge-platform/h/g/turnstile/f/av0/rch/mrvhw/0x4AAAAAADV3ju2YEd8uiR-k/dark/fbE/new/flexible?lang=auto:1:105937)
[21305122ms] [ERROR] Failed to load resource: the server responded with a status of 400 () @ https://challenges.cloudflare.com/cdn-cgi/challenge-platform/h/g/fo/2389868856:1788732307:ukDpsTLim4Ff9_eUbEPAnGy82mWzqhc9_wMXQNWLikM/a370ec4baeba83f0/FIm_WQcOyYQ3WRi8F.bVu1Zo6uQxr3NhZrFkQ64qIN0-1788733877-1.2.1.1-bbvN9Ey0UOBQc8gJLiXsdb6WHPx7kRNSvGnHqEoxm83pgVLGkWk8wK_o6lW5yZly:0
[21305167ms] [LOG] ✨ %cNuxt DevTools %c Press Shift + Option + D to open DevTools color: black; border-radius: 3px 0 0 3px; padding: 2px 2px 1px 10px; background: #00DC82 border-radius: 0 3px 3px 0; padding: 2px 10px 1px 2px; background: #00DC8220  @ http://localhost:3000/_nuxt/node_modules/.pnpm/@nuxt+devtools@3.2.4_supports-color@10.2.2_vite@7.3.2_@types+node@26.1.1_jiti@2.6.1_ter_28972f42c82fd27b0e3f96c17cda5782/node_modules/@nuxt/devtools/dist/runtime/plugins/devtools.client.js?v=4a573216:51
[21312587ms] [LOG] %cssr:success%c Vite server hmr 4 files 
      background: #2ecc71;
      border-radius: 0.5em;
      color: white;
      font-weight: bold;
      padding: 2px 0.5em;
      in 0.001ms 
  at vite_node_entry_default (node_modules/.pnpm/@nuxt+vite-builder@3.21.2_@types+node@26.1.1_magicast@0.5.2_nuxt@3.21.2_@emnapi+core@1._a4b3153523cf62a7d8205505e2d0041e/node_modules/@nuxt/vite-builder/dist/vite-node-entry.mjs)
  at process.processTicksAndRejections (node:internal/process/task_queues)
  at async Object.renderToString (node_modules/.pnpm/vue-bundle-renderer@2.2.0/node_modules/vue-bundle-renderer/dist/runtime.mjs)
 @ http://localhost:3000/_nuxt/node_modules/.pnpm/consola@3.4.2/node_modules/consola/dist/browser.mjs?v=4a573216:47
[21312653ms] [INFO] <Suspense> is an experimental feature and its API will likely change. @ http://localhost:3000/_nuxt/node_modules/.pnpm/@vue+runtime-core@3.5.33/node_modules/@vue/runtime-core/dist/runtime-core.esm-bundler.js?v=4a573216:7239
[21312857ms] [LOG] %c[Vercel Web Analytics]%c Debug mode is enabled by default in development. No requests will be sent to the server. color: rgb(120, 120, 120) color: inherit @ https://va.vercel-scripts.com/v1/script.debug.js:0
[21312857ms] [LOG] %c[Vercel Web Analytics]%c Running queued event color: rgb(120, 120, 120) color: inherit pageview {route: /demo, path: /demo} @ https://va.vercel-scripts.com/v1/script.debug.js:0
[21312857ms] [LOG] %c[Vercel Web Analytics]%c [view] http://localhost:3000/demo color: rgb(120, 120, 120) color: inherit {o: http://localhost:3000/demo, sv: 0.1.3, sdkn: @vercel/analytics/nuxt, sdkv: 2.0.1, ts: 1788733885040} /_vercel/insights/view @ https://va.vercel-scripts.com/v1/script.debug.js:0
[21312990ms] [LOG] ✨ %cNuxt DevTools %c Press Shift + Option + D to open DevTools color: black; border-radius: 3px 0 0 3px; padding: 2px 2px 1px 10px; background: #00DC82 border-radius: 0 3px 3px 0; padding: 2px 10px 1px 2px; background: #00DC8220  @ http://localhost:3000/_nuxt/node_modules/.pnpm/@nuxt+devtools@3.2.4_supports-color@10.2.2_vite@7.3.2_@types+node@26.1.1_jiti@2.6.1_ter_28972f42c82fd27b0e3f96c17cda5782/node_modules/@nuxt/devtools/dist/runtime/plugins/devtools.client.js?v=4a573216:51
[21313359ms] Blocked a frame with origin "https://challenges.cloudflare.com" from accessing a frame with origin "http://localhost:3000".  The frame requesting access has a protocol of "https", the frame being accessed has a protocol of "http". Protocols must match.

    at unknown (https://challenges.cloudflare.com/cdn-cgi/challenge-platform/h/g/turnstile/f/av0/rch/m2h8t/0x4AAAAAADV3ju2YEd8uiR-k/dark/fbE/new/flexible?lang=auto:1:49703)
    at nP (https://challenges.cloudflare.com/cdn-cgi/challenge-platform/h/g/turnstile/f/av0/rch/m2h8t/0x4AAAAAADV3ju2YEd8uiR-k/dark/fbE/new/flexible?lang=auto:1:109492)
    at n5 (https://challenges.cloudflare.com/cdn-cgi/challenge-platform/h/g/turnstile/f/av0/rch/m2h8t/0x4AAAAAADV3ju2YEd8uiR-k/dark/fbE/new/flexible?lang=auto:1:246243)
    at unknown (https://challenges.cloudflare.com/cdn-cgi/challenge-platform/h/g/turnstile/f/av0/rch/m2h8t/0x4AAAAAADV3ju2YEd8uiR-k/dark/fbE/new/flexible?lang=auto:1:49254)
    at nP (https://challenges.cloudflare.com/cdn-cgi/challenge-platform/h/g/turnstile/f/av0/rch/m2h8t/0x4AAAAAADV3ju2YEd8uiR-k/dark/fbE/new/flexible?lang=auto:1:109492)
    at kP (https://challenges.cloudflare.com/cdn-cgi/challenge-platform/h/g/turnstile/f/av0/rch/m2h8t/0x4AAAAAADV3ju2YEd8uiR-k/dark/fbE/new/flexible?lang=auto:1:169079)
    at nR (https://challenges.cloudflare.com/cdn-cgi/challenge-platform/h/g/turnstile/f/av0/rch/m2h8t/0x4AAAAAADV3ju2YEd8uiR-k/dark/fbE/new/flexible?lang=auto:1:243788)
    at DyXFS (https://challenges.cloudflare.com/cdn-cgi/challenge-platform/h/g/turnstile/f/av0/rch/m2h8t/0x4AAAAAADV3ju2YEd8uiR-k/dark/fbE/new/flexible?lang=auto:1:235446)
    at np (https://challenges.cloudflare.com/cdn-cgi/challenge-platform/h/g/turnstile/f/av0/rch/m2h8t/0x4AAAAAADV3ju2YEd8uiR-k/dark/fbE/new/flexible?lang=auto:1:237696)
[21313391ms] [ERROR] Failed to load resource: the server responded with a status of 400 () @ https://challenges.cloudflare.com/cdn-cgi/challenge-platform/h/g/fo/2389868856:1788732307:ukDpsTLim4Ff9_eUbEPAnGy82mWzqhc9_wMXQNWLikM/a370ec7f684183f0/yPjc8snQn3OwlIFZHfcLEv8PiHzHaS4dTi4VbhrZ07c-1788733885-1.2.1.1-jLywUw8N3dDM9KpUJLt2Xvfk7FdMYOv8GH7mg3igmVUbq3767dtKNqQt9vCh0WVd:0
[21323553ms] Blocked a frame with origin "https://challenges.cloudflare.com" from accessing a frame with origin "http://localhost:3000".  The frame requesting access has a protocol of "https", the frame being accessed has a protocol of "http". Protocols must match.

    at unknown (https://challenges.cloudflare.com/cdn-cgi/challenge-platform/h/g/turnstile/f/av0/rchmbkbLXTEezijH59fjmlL5Z2cy8SjxVEwurY5gUOZamQ-1788733885-1.3.1.1-YyKaAhBaLHPzxznsClW8VyF87xaex.TzrA4yG2wZhR0/m2h8t/0x4AAAAAADV3ju2YEd8uiR-k/dark/fbE/failure_retry/flexible?lang=auto:1:48256)
    at vJ (https://challenges.cloudflare.com/cdn-cgi/challenge-platform/h/g/turnstile/f/av0/rchmbkbLXTEezijH59fjmlL5Z2cy8SjxVEwurY5gUOZamQ-1788733885-1.3.1.1-YyKaAhBaLHPzxznsClW8VyF87xaex.TzrA4yG2wZhR0/m2h8t/0x4AAAAAADV3ju2YEd8uiR-k/dark/fbE/failure_retry/flexible?lang=auto:1:219514)
    at v5 (https://challenges.cloudflare.com/cdn-cgi/challenge-platform/h/g/turnstile/f/av0/rchmbkbLXTEezijH59fjmlL5Z2cy8SjxVEwurY5gUOZamQ-1788733885-1.3.1.1-YyKaAhBaLHPzxznsClW8VyF87xaex.TzrA4yG2wZhR0/m2h8t/0x4AAAAAADV3ju2YEd8uiR-k/dark/fbE/failure_retry/flexible?lang=auto:1:115650)
    at unknown (https://challenges.cloudflare.com/cdn-cgi/challenge-platform/h/g/turnstile/f/av0/rchmbkbLXTEezijH59fjmlL5Z2cy8SjxVEwurY5gUOZamQ-1788733885-1.3.1.1-YyKaAhBaLHPzxznsClW8VyF87xaex.TzrA4yG2wZhR0/m2h8t/0x4AAAAAADV3ju2YEd8uiR-k/dark/fbE/failure_retry/flexible?lang=auto:1:47807)
    at vJ (https://challenges.cloudflare.com/cdn-cgi/challenge-platform/h/g/turnstile/f/av0/rchmbkbLXTEezijH59fjmlL5Z2cy8SjxVEwurY5gUOZamQ-1788733885-1.3.1.1-YyKaAhBaLHPzxznsClW8VyF87xaex.TzrA4yG2wZhR0/m2h8t/0x4AAAAAADV3ju2YEd8uiR-k/dark/fbE/failure_retry/flexible?lang=auto:1:219514)
    at DaxdU (https://challenges.cloudflare.com/cdn-cgi/challenge-platform/h/g/turnstile/f/av0/rchmbkbLXTEezijH59fjmlL5Z2cy8SjxVEwurY5gUOZamQ-1788733885-1.3.1.1-YyKaAhBaLHPzxznsClW8VyF87xaex.TzrA4yG2wZhR0/m2h8t/0x4AAAAAADV3ju2YEd8uiR-k/dark/fbE/failure_retry/flexible?lang=auto:1:174322)
    at ZJ (https://challenges.cloudflare.com/cdn-cgi/challenge-platform/h/g/turnstile/f/av0/rchmbkbLXTEezijH59fjmlL5Z2cy8SjxVEwurY5gUOZamQ-1788733885-1.3.1.1-YyKaAhBaLHPzxznsClW8VyF87xaex.TzrA4yG2wZhR0/m2h8t/0x4AAAAAADV3ju2YEd8uiR-k/dark/fbE/failure_retry/flexible?lang=auto:1:182706)
    at vT (https://challenges.cloudflare.com/cdn-cgi/challenge-platform/h/g/turnstile/f/av0/rchmbkbLXTEezijH59fjmlL5Z2cy8SjxVEwurY5gUOZamQ-1788733885-1.3.1.1-YyKaAhBaLHPzxznsClW8VyF87xaex.TzrA4yG2wZhR0/m2h8t/0x4AAAAAADV3ju2YEd8uiR-k/dark/fbE/failure_retry/flexible?lang=auto:1:246957)
    at vf (https://challenges.cloudflare.com/cdn-cgi/challenge-platform/h/g/turnstile/f/av0/rchmbkbLXTEezijH59fjmlL5Z2cy8SjxVEwurY5gUOZamQ-1788733885-1.3.1.1-YyKaAhBaLHPzxznsClW8VyF87xaex.TzrA4yG2wZhR0/m2h8t/0x4AAAAAADV3ju2YEd8uiR-k/dark/fbE/failure_retry/flexible?lang=auto:1:241209)
[21323712ms] [ERROR] Failed to load resource: the server responded with a status of 400 () @ https://challenges.cloudflare.com/cdn-cgi/challenge-platform/h/g/fo/2389868856:1788732307:ukDpsTLim4Ff9_eUbEPAnGy82mWzqhc9_wMXQNWLikM/a370ecc02ada83f0/XV0NMoow.vqq3jOzThiduMALTlRk5zwoYsinDOQJkes-1788733895-1.2.1.1-6HidFqGKfi4CtX90AZLEes5xTbEtwgCLusIp5aOXBn_j3g.cwpc9wF31EXCl_Anw:0
[21333768ms] [ERROR] Unable to post message to https://challenges.cloudflare.com. Recipient has origin http://localhost:3000.
 @ https://challenges.cloudflare.com/turnstile/v0/g/330e41bb475c/api.js:1
[21334045ms] Blocked a frame with origin "https://challenges.cloudflare.com" from accessing a frame with origin "http://localhost:3000".  The frame requesting access has a protocol of "https", the frame being accessed has a protocol of "http". Protocols must match.

    at unknown (https://challenges.cloudflare.com/cdn-cgi/challenge-platform/h/g/turnstile/f/av0/rchZ_yaTtui6DW8pJ653VRcBTluQJBBj9y6n1VTVNy12gM-1788733895-1.3.1.1-2ppgoxMSz1U5C9d0sRE3KhkZaRbIvnA.s4woAJdJ4dY/m2h8t/0x4AAAAAADV3ju2YEd8uiR-k/dark/fbE/failure_retry/flexible?lang=auto:1:49060)
    at vI (https://challenges.cloudflare.com/cdn-cgi/challenge-platform/h/g/turnstile/f/av0/rchZ_yaTtui6DW8pJ653VRcBTluQJBBj9y6n1VTVNy12gM-1788733895-1.3.1.1-2ppgoxMSz1U5C9d0sRE3KhkZaRbIvnA.s4woAJdJ4dY/m2h8t/0x4AAAAAADV3ju2YEd8uiR-k/dark/fbE/failure_retry/flexible?lang=auto:1:115272)
    at v4 (https://challenges.cloudflare.com/cdn-cgi/challenge-platform/h/g/turnstile/f/av0/rchZ_yaTtui6DW8pJ653VRcBTluQJBBj9y6n1VTVNy12gM-1788733895-1.3.1.1-2ppgoxMSz1U5C9d0sRE3KhkZaRbIvnA.s4woAJdJ4dY/m2h8t/0x4AAAAAADV3ju2YEd8uiR-k/dark/fbE/failure_retry/flexible?lang=auto:1:203479)
    at unknown (https://challenges.cloudflare.com/cdn-cgi/challenge-platform/h/g/turnstile/f/av0/rchZ_yaTtui6DW8pJ653VRcBTluQJBBj9y6n1VTVNy12gM-1788733895-1.3.1.1-2ppgoxMSz1U5C9d0sRE3KhkZaRbIvnA.s4woAJdJ4dY/m2h8t/0x4AAAAAADV3ju2YEd8uiR-k/dark/fbE/failure_retry/flexible?lang=auto:1:48611)
    at vI (https://challenges.cloudflare.com/cdn-cgi/challenge-platform/h/g/turnstile/f/av0/rchZ_yaTtui6DW8pJ653VRcBTluQJBBj9y6n1VTVNy12gM-1788733895-1.3.1.1-2ppgoxMSz1U5C9d0sRE3KhkZaRbIvnA.s4woAJdJ4dY/m2h8t/0x4AAAAAADV3ju2YEd8uiR-k/dark/fbE/failure_retry/flexible?lang=auto:1:115272)
    at swtCP (https://challenges.cloudflare.com/cdn-cgi/challenge-platform/h/g/turnstile/f/av0/rchZ_yaTtui6DW8pJ653VRcBTluQJBBj9y6n1VTVNy12gM-1788733895-1.3.1.1-2ppgoxMSz1U5C9d0sRE3KhkZaRbIvnA.s4woAJdJ4dY/m2h8t/0x4AAAAAADV3ju2YEd8uiR-k/dark/fbE/failure_retry/flexible?lang=auto:1:222127)
    at ZI (https://challenges.cloudflare.com/cdn-cgi/challenge-platform/h/g/turnstile/f/av0/rchZ_yaTtui6DW8pJ653VRcBTluQJBBj9y6n1VTVNy12gM-1788733895-1.3.1.1-2ppgoxMSz1U5C9d0sRE3KhkZaRbIvnA.s4woAJdJ4dY/m2h8t/0x4AAAAAADV3ju2YEd8uiR-k/dark/fbE/failure_retry/flexible?lang=auto:1:230622)
    at vT (https://challenges.cloudflare.com/cdn-cgi/challenge-platform/h/g/turnstile/f/av0/rchZ_yaTtui6DW8pJ653VRcBTluQJBBj9y6n1VTVNy12gM-1788733895-1.3.1.1-2ppgoxMSz1U5C9d0sRE3KhkZaRbIvnA.s4woAJdJ4dY/m2h8t/0x4AAAAAADV3ju2YEd8uiR-k/dark/fbE/failure_retry/flexible?lang=auto:1:70391)
    at vf (https://challenges.cloudflare.com/cdn-cgi/challenge-platform/h/g/turnstile/f/av0/rchZ_yaTtui6DW8pJ653VRcBTluQJBBj9y6n1VTVNy12gM-1788733895-1.3.1.1-2ppgoxMSz1U5C9d0sRE3KhkZaRbIvnA.s4woAJdJ4dY/m2h8t/0x4AAAAAADV3ju2YEd8uiR-k/dark/fbE/failure_retry/flexible?lang=auto:1:66831)
[21334195ms] [ERROR] Failed to load resource: the server responded with a status of 400 () @ https://challenges.cloudflare.com/cdn-cgi/challenge-platform/h/g/fo/2389868856:1788732307:ukDpsTLim4Ff9_eUbEPAnGy82mWzqhc9_wMXQNWLikM/a370ed00d8c383f0/1rupTnp9v3HsUj0VbTvQ4V9ThtTESS25mpdpkI_bxn8-1788733906-1.2.1.1-jKds9fnHnR.NMqOLHBIUzTtpJ2dmK0qBsVuU99A.UhfEekBamvtV1VxDdu4zzyJP:0
[21334369ms] [ERROR] WebSocket connection to 'ws://localhost:3000/_nuxt/?token=odiY-9zMfv0Y' failed: The network connection was lost. @ :0
[21334372ms] [LOG] [vite] server connection lost. Polling for restart... @ http://localhost:3000/_nuxt/@vite/client:864
[21336923ms] [ERROR] Failed to load resource: the server responded with a status of 503 (Service Unavailable) @ http://localhost:3000/demo:0
[21337060ms] [ERROR] Failed to load resource: the server responded with a status of 503 (Service Unavailable) @ http://localhost:3000/demo:0
[21338113ms] [ERROR] Failed to load resource: the server responded with a status of 503 (Service Unavailable) @ http://localhost:3000/demo:0
[21339418ms] [ERROR] Failed to load resource: the server responded with a status of 503 (Service Unavailable) @ http://localhost:3000/demo:0
[21340486ms] [ERROR] Failed to load resource: the server responded with a status of 503 (Service Unavailable) @ http://localhost:3000/demo:0
[21349789ms] [INFO] <Suspense> is an experimental feature and its API will likely change. @ http://localhost:3000/_nuxt/node_modules/.pnpm/@vue+runtime-core@3.5.33/node_modules/@vue/runtime-core/dist/runtime-core.esm-bundler.js?v=4a573216:7239
[21350030ms] [LOG] %c[Vercel Web Analytics]%c Debug mode is enabled by default in development. No requests will be sent to the server. color: rgb(120, 120, 120) color: inherit @ https://va.vercel-scripts.com/v1/script.debug.js:0
[21350030ms] [LOG] %c[Vercel Web Analytics]%c Running queued event color: rgb(120, 120, 120) color: inherit pageview {route: /demo, path: /demo} @ https://va.vercel-scripts.com/v1/script.debug.js:0
[21350034ms] [LOG] %c[Vercel Web Analytics]%c [view] http://localhost:3000/demo color: rgb(120, 120, 120) color: inherit {o: http://localhost:3000/demo, sv: 0.1.3, sdkn: @vercel/analytics/nuxt, sdkv: 2.0.1, ts: 1788733922216} /_vercel/insights/view @ https://va.vercel-scripts.com/v1/script.debug.js:0
[21350247ms] [LOG] ✨ %cNuxt DevTools %c Press Shift + Option + D to open DevTools color: black; border-radius: 3px 0 0 3px; padding: 2px 2px 1px 10px; background: #00DC82 border-radius: 0 3px 3px 0; padding: 2px 10px 1px 2px; background: #00DC8220  @ http://localhost:3000/_nuxt/node_modules/.pnpm/@nuxt+devtools@3.2.4_supports-color@10.2.2_vite@7.3.2_@types+node@26.1.1_jiti@2.6.1_ter_28972f42c82fd27b0e3f96c17cda5782/node_modules/@nuxt/devtools/dist/runtime/plugins/devtools.client.js?v=4a573216:51
[21350723ms] Blocked a frame with origin "https://challenges.cloudflare.com" from accessing a frame with origin "http://localhost:3000".  The frame requesting access has a protocol of "https", the frame being accessed has a protocol of "http". Protocols must match.

    at unknown (https://challenges.cloudflare.com/cdn-cgi/challenge-platform/h/g/turnstile/f/av0/rch/as713/0x4AAAAAADV3ju2YEd8uiR-k/dark/fbE/new/flexible?lang=auto:1:49014)
    at nP (https://challenges.cloudflare.com/cdn-cgi/challenge-platform/h/g/turnstile/f/av0/rch/as713/0x4AAAAAADV3ju2YEd8uiR-k/dark/fbE/new/flexible?lang=auto:1:116246)
    at n5 (https://challenges.cloudflare.com/cdn-cgi/challenge-platform/h/g/turnstile/f/av0/rch/as713/0x4AAAAAADV3ju2YEd8uiR-k/dark/fbE/new/flexible?lang=auto:1:82307)
    at unknown (https://challenges.cloudflare.com/cdn-cgi/challenge-platform/h/g/turnstile/f/av0/rch/as713/0x4AAAAAADV3ju2YEd8uiR-k/dark/fbE/new/flexible?lang=auto:1:48565)
    at nP (https://challenges.cloudflare.com/cdn-cgi/challenge-platform/h/g/turnstile/f/av0/rch/as713/0x4AAAAAADV3ju2YEd8uiR-k/dark/fbE/new/flexible?lang=auto:1:116246)
    at kP (https://challenges.cloudflare.com/cdn-cgi/challenge-platform/h/g/turnstile/f/av0/rch/as713/0x4AAAAAADV3ju2YEd8uiR-k/dark/fbE/new/flexible?lang=auto:1:108293)
    at sxTbh (https://challenges.cloudflare.com/cdn-cgi/challenge-platform/h/g/turnstile/f/av0/rch/as713/0x4AAAAAADV3ju2YEd8uiR-k/dark/fbE/new/flexible?lang=auto:1:89588)
    at nR (https://challenges.cloudflare.com/cdn-cgi/challenge-platform/h/g/turnstile/f/av0/rch/as713/0x4AAAAAADV3ju2YEd8uiR-k/dark/fbE/new/flexible?lang=auto:1:97808)
    at sxTbh (https://challenges.cloudflare.com/cdn-cgi/challenge-platform/h/g/turnstile/f/av0/rch/as713/0x4AAAAAADV3ju2YEd8uiR-k/dark/fbE/new/flexible?lang=auto:1:89588)
    at np (https://challenges.cloudflare.com/cdn-cgi/challenge-platform/h/g/turnstile/f/av0/rch/as713/0x4AAAAAADV3ju2YEd8uiR-k/dark/fbE/new/flexible?lang=auto:1:92546)
[21350957ms] [ERROR] Failed to load resource: the server responded with a status of 400 () @ https://challenges.cloudflare.com/cdn-cgi/challenge-platform/h/g/fo/2389868856:1788732307:ukDpsTLim4Ff9_eUbEPAnGy82mWzqhc9_wMXQNWLikM/a370ed697f6183f0/c77J9GOoQdI0VQcugsBvOX.SY.pu42GhvnZ8lLLgwDA-1788733922-1.2.1.1-ldKRSZIun8Kp8FgOwzyjKnqKXYwo7Jlpiju2iyyHQuw2AIf6Tnm.RPJU8_elwkXW:0
[21359803ms] [ERROR] WebSocket connection to 'ws://localhost:3000/_nuxt/?token=EHxNhMMwHxeb' failed: The network connection was lost. @ :0
[21359804ms] [LOG] [vite] server connection lost. Polling for restart... @ http://localhost:3000/_nuxt/@vite/client:864
[21361130ms] Blocked a frame with origin "https://challenges.cloudflare.com" from accessing a frame with origin "http://localhost:3000".  The frame requesting access has a protocol of "https", the frame being accessed has a protocol of "http". Protocols must match.

    at unknown (https://challenges.cloudflare.com/cdn-cgi/challenge-platform/h/g/turnstile/f/av0/rchbuvkJj5ZHgLf0z6TYETzUcbDpLqn8bYr6o.WqsYJ_Cc-1788733922-1.3.1.1-Sc3_1tMxYsOAUD0bhylMZ1P7O9EbQfL76GP.4vnOcxw/as713/0x4AAAAAADV3ju2YEd8uiR-k/dark/fbE/failure_retry/flexible?lang=auto:1:49363)
    at vJ (https://challenges.cloudflare.com/cdn-cgi/challenge-platform/h/g/turnstile/f/av0/rchbuvkJj5ZHgLf0z6TYETzUcbDpLqn8bYr6o.WqsYJ_Cc-1788733922-1.3.1.1-Sc3_1tMxYsOAUD0bhylMZ1P7O9EbQfL76GP.4vnOcxw/as713/0x4AAAAAADV3ju2YEd8uiR-k/dark/fbE/failure_retry/flexible?lang=auto:1:86505)
    at v5 (https://challenges.cloudflare.com/cdn-cgi/challenge-platform/h/g/turnstile/f/av0/rchbuvkJj5ZHgLf0z6TYETzUcbDpLqn8bYr6o.WqsYJ_Cc-1788733922-1.3.1.1-Sc3_1tMxYsOAUD0bhylMZ1P7O9EbQfL76GP.4vnOcxw/as713/0x4AAAAAADV3ju2YEd8uiR-k/dark/fbE/failure_retry/flexible?lang=auto:1:219297)
    at unknown (https://challenges.cloudflare.com/cdn-cgi/challenge-platform/h/g/turnstile/f/av0/rchbuvkJj5ZHgLf0z6TYETzUcbDpLqn8bYr6o.WqsYJ_Cc-1788733922-1.3.1.1-Sc3_1tMxYsOAUD0bhylMZ1P7O9EbQfL76GP.4vnOcxw/as713/0x4AAAAAADV3ju2YEd8uiR-k/dark/fbE/failure_retry/flexible?lang=auto:1:48914)
    at vJ (https://challenges.cloudflare.com/cdn-cgi/challenge-platform/h/g/turnstile/f/av0/rchbuvkJj5ZHgLf0z6TYETzUcbDpLqn8bYr6o.WqsYJ_Cc-1788733922-1.3.1.1-Sc3_1tMxYsOAUD0bhylMZ1P7O9EbQfL76GP.4vnOcxw/as713/0x4AAAAAADV3ju2YEd8uiR-k/dark/fbE/failure_retry/flexible?lang=auto:1:86505)
    at cOGZf (https://challenges.cloudflare.com/cdn-cgi/challenge-platform/h/g/turnstile/f/av0/rchbuvkJj5ZHgLf0z6TYETzUcbDpLqn8bYr6o.WqsYJ_Cc-1788733922-1.3.1.1-Sc3_1tMxYsOAUD0bhylMZ1P7O9EbQfL76GP.4vnOcxw/as713/0x4AAAAAADV3ju2YEd8uiR-k/dark/fbE/failure_retry/flexible?lang=auto:1:60900)
    at ZJ (https://challenges.cloudflare.com/cdn-cgi/challenge-platform/h/g/turnstile/f/av0/rchbuvkJj5ZHgLf0z6TYETzUcbDpLqn8bYr6o.WqsYJ_Cc-1788733922-1.3.1.1-Sc3_1tMxYsOAUD0bhylMZ1P7O9EbQfL76GP.4vnOcxw/as713/0x4AAAAAADV3ju2YEd8uiR-k/dark/fbE/failure_retry/flexible?lang=auto:1:71010)
    at vT (https://challenges.cloudflare.com/cdn-cgi/challenge-platform/h/g/turnstile/f/av0/rchbuvkJj5ZHgLf0z6TYETzUcbDpLqn8bYr6o.WqsYJ_Cc-1788733922-1.3.1.1-Sc3_1tMxYsOAUD0bhylMZ1P7O9EbQfL76GP.4vnOcxw/as713/0x4AAAAAADV3ju2YEd8uiR-k/dark/fbE/failure_retry/flexible?lang=auto:1:153151)
    at vf (https://challenges.cloudflare.com/cdn-cgi/challenge-platform/h/g/turnstile/f/av0/rchbuvkJj5ZHgLf0z6TYETzUcbDpLqn8bYr6o.WqsYJ_Cc-1788733922-1.3.1.1-Sc3_1tMxYsOAUD0bhylMZ1P7O9EbQfL76GP.4vnOcxw/as713/0x4AAAAAADV3ju2YEd8uiR-k/dark/fbE/failure_retry/flexible?lang=auto:1:151590)
[21361293ms] [ERROR] Failed to load resource: the server responded with a status of 400 () @ https://challenges.cloudflare.com/cdn-cgi/challenge-platform/h/g/fo/2389868856:1788732307:ukDpsTLim4Ff9_eUbEPAnGy82mWzqhc9_wMXQNWLikM/a370edaad8ed83f0/XMOHBLKyRZtNsVlv97NjAVZsjPveQAVt0Un1pHO5_8o-1788733933-1.2.1.1-qtX.qzdFKqV_cU.cgCiZpG6zowcOk5L0W5oTt6GicoE7tU7DaI5mk6._QdQ6KriK:0
[21361952ms] [ERROR] Failed to load resource: the server responded with a status of 503 (Service Unavailable) @ http://localhost:3000/demo:0
[21362056ms] [ERROR] Failed to load resource: the server responded with a status of 503 (Service Unavailable) @ http://localhost:3000/demo:0
[21363246ms] [ERROR] Failed to load resource: the server responded with a status of 503 (Service Unavailable) @ http://localhost:3000/demo:0
[21367982ms] [INFO] <Suspense> is an experimental feature and its API will likely change. @ http://localhost:3000/_nuxt/node_modules/.pnpm/@vue+runtime-core@3.5.33/node_modules/@vue/runtime-core/dist/runtime-core.esm-bundler.js?v=4a573216:7239
[21368381ms] [LOG] %c[Vercel Web Analytics]%c Debug mode is enabled by default in development. No requests will be sent to the server. color: rgb(120, 120, 120) color: inherit @ https://va.vercel-scripts.com/v1/script.debug.js:0
[21368381ms] [LOG] %c[Vercel Web Analytics]%c Running queued event color: rgb(120, 120, 120) color: inherit pageview {route: /demo, path: /demo} @ https://va.vercel-scripts.com/v1/script.debug.js:0
[21368386ms] [LOG] %c[Vercel Web Analytics]%c [view] http://localhost:3000/demo color: rgb(120, 120, 120) color: inherit {o: http://localhost:3000/demo, sv: 0.1.3, sdkn: @vercel/analytics/nuxt, sdkv: 2.0.1, ts: 1788733940568} /_vercel/insights/view @ https://va.vercel-scripts.com/v1/script.debug.js:0
[21368736ms] Blocked a frame with origin "https://challenges.cloudflare.com" from accessing a frame with origin "http://localhost:3000".  The frame requesting access has a protocol of "https", the frame being accessed has a protocol of "http". Protocols must match.

    at unknown (https://challenges.cloudflare.com/cdn-cgi/challenge-platform/h/g/turnstile/f/av0/rch/n2jmn/0x4AAAAAADV3ju2YEd8uiR-k/dark/fbE/new/flexible?lang=auto:1:49114)
    at nP (https://challenges.cloudflare.com/cdn-cgi/challenge-platform/h/g/turnstile/f/av0/rch/n2jmn/0x4AAAAAADV3ju2YEd8uiR-k/dark/fbE/new/flexible?lang=auto:1:205741)
    at bEfFA (https://challenges.cloudflare.com/cdn-cgi/challenge-platform/h/g/turnstile/f/av0/rch/n2jmn/0x4AAAAAADV3ju2YEd8uiR-k/dark/fbE/new/flexible?lang=auto:1:213135)
    at n5 (https://challenges.cloudflare.com/cdn-cgi/challenge-platform/h/g/turnstile/f/av0/rch/n2jmn/0x4AAAAAADV3ju2YEd8uiR-k/dark/fbE/new/flexible?lang=auto:1:214275)
    at unknown (https://challenges.cloudflare.com/cdn-cgi/challenge-platform/h/g/turnstile/f/av0/rch/n2jmn/0x4AAAAAADV3ju2YEd8uiR-k/dark/fbE/new/flexible?lang=auto:1:48665)
    at nP (https://challenges.cloudflare.com/cdn-cgi/challenge-platform/h/g/turnstile/f/av0/rch/n2jmn/0x4AAAAAADV3ju2YEd8uiR-k/dark/fbE/new/flexible?lang=auto:1:205741)
    at xajnO (https://challenges.cloudflare.com/cdn-cgi/challenge-platform/h/g/turnstile/f/av0/rch/n2jmn/0x4AAAAAADV3ju2YEd8uiR-k/dark/fbE/new/flexible?lang=auto:1:97297)
    at kP (https://challenges.cloudflare.com/cdn-cgi/challenge-platform/h/g/turnstile/f/av0/rch/n2jmn/0x4AAAAAADV3ju2YEd8uiR-k/dark/fbE/new/flexible?lang=auto:1:100538)
    at nR (https://challenges.cloudflare.com/cdn-cgi/challenge-platform/h/g/turnstile/f/av0/rch/n2jmn/0x4AAAAAADV3ju2YEd8uiR-k/dark/fbE/new/flexible?lang=auto:1:129322)
    at jeXbP (https://challenges.cloudflare.com/cdn-cgi/challenge-platform/h/g/turnstile/f/av0/rch/n2jmn/0x4AAAAAADV3ju2YEd8uiR-k/dark/fbE/new/flexible?lang=auto:1:125610)
    at np (https://challenges.cloudflare.com/cdn-cgi/challenge-platform/h/g/turnstile/f/av0/rch/n2jmn/0x4AAAAAADV3ju2YEd8uiR-k/dark/fbE/new/flexible?lang=auto:1:127551)
[21368936ms] [ERROR] Failed to load resource: the server responded with a status of 400 () @ https://challenges.cloudflare.com/cdn-cgi/challenge-platform/h/g/fo/2389868856:1788732307:ukDpsTLim4Ff9_eUbEPAnGy82mWzqhc9_wMXQNWLikM/a370edda7d9383f0/qOOXY_eNUwkSIIYz6VNFZMIYxaVWeL640xLcSExpkvE-1788733940-1.2.1.1-llkB4Qbx2XWQUQXMrWioS0Xq9x3I6tTLQHV104Kxr_Yzt3zjQ21USB3YSxEsMOZn:0
[21371257ms] [LOG] ✨ %cNuxt DevTools %c Press Shift + Option + D to open DevTools color: black; border-radius: 3px 0 0 3px; padding: 2px 2px 1px 10px; background: #00DC82 border-radius: 0 3px 3px 0; padding: 2px 10px 1px 2px; background: #00DC8220  @ http://localhost:3000/_nuxt/node_modules/.pnpm/@nuxt+devtools@3.2.4_supports-color@10.2.2_vite@7.3.2_@types+node@26.1.1_jiti@2.6.1_ter_28972f42c82fd27b0e3f96c17cda5782/node_modules/@nuxt/devtools/dist/runtime/plugins/devtools.client.js?v=4a573216:51
[21379136ms] Blocked a frame with origin "https://challenges.cloudflare.com" from accessing a frame with origin "http://localhost:3000".  The frame requesting access has a protocol of "https", the frame being accessed has a protocol of "http". Protocols must match.

    at unknown (https://challenges.cloudflare.com/cdn-cgi/challenge-platform/h/g/turnstile/f/av0/rchrCPTQLJuNtsrbncktQMGzs19s_07G6MpmYcc_U9YJFs-1788733940-1.3.1.1-yLF6NfVbaggdbdQGWaTDoDq4xqUfb6805oh7WGUmuAM/n2jmn/0x4AAAAAADV3ju2YEd8uiR-k/dark/fbE/failure_retry/flexible?lang=auto:1:49196)
    at nP (https://challenges.cloudflare.com/cdn-cgi/challenge-platform/h/g/turnstile/f/av0/rchrCPTQLJuNtsrbncktQMGzs19s_07G6MpmYcc_U9YJFs-1788733940-1.3.1.1-yLF6NfVbaggdbdQGWaTDoDq4xqUfb6805oh7WGUmuAM/n2jmn/0x4AAAAAADV3ju2YEd8uiR-k/dark/fbE/failure_retry/flexible?lang=auto:1:193559)
    at VCfcl (https://challenges.cloudflare.com/cdn-cgi/challenge-platform/h/g/turnstile/f/av0/rchrCPTQLJuNtsrbncktQMGzs19s_07G6MpmYcc_U9YJFs-1788733940-1.3.1.1-yLF6NfVbaggdbdQGWaTDoDq4xqUfb6805oh7WGUmuAM/n2jmn/0x4AAAAAADV3ju2YEd8uiR-k/dark/fbE/failure_retry/flexible?lang=auto:1:226997)
    at n5 (https://challenges.cloudflare.com/cdn-cgi/challenge-platform/h/g/turnstile/f/av0/rchrCPTQLJuNtsrbncktQMGzs19s_07G6MpmYcc_U9YJFs-1788733940-1.3.1.1-yLF6NfVbaggdbdQGWaTDoDq4xqUfb6805oh7WGUmuAM/n2jmn/0x4AAAAAADV3ju2YEd8uiR-k/dark/fbE/failure_retry/flexible?lang=auto:1:228442)
    at unknown (https://challenges.cloudflare.com/cdn-cgi/challenge-platform/h/g/turnstile/f/av0/rchrCPTQLJuNtsrbncktQMGzs19s_07G6MpmYcc_U9YJFs-1788733940-1.3.1.1-yLF6NfVbaggdbdQGWaTDoDq4xqUfb6805oh7WGUmuAM/n2jmn/0x4AAAAAADV3ju2YEd8uiR-k/dark/fbE/failure_retry/flexible?lang=auto:1:48747)
    at nP (https://challenges.cloudflare.com/cdn-cgi/challenge-platform/h/g/turnstile/f/av0/rchrCPTQLJuNtsrbncktQMGzs19s_07G6MpmYcc_U9YJFs-1788733940-1.3.1.1-yLF6NfVbaggdbdQGWaTDoDq4xqUfb6805oh7WGUmuAM/n2jmn/0x4AAAAAADV3ju2YEd8uiR-k/dark/fbE/failure_retry/flexible?lang=auto:1:193559)
    at kP (https://challenges.cloudflare.com/cdn-cgi/challenge-platform/h/g/turnstile/f/av0/rchrCPTQLJuNtsrbncktQMGzs19s_07G6MpmYcc_U9YJFs-1788733940-1.3.1.1-yLF6NfVbaggdbdQGWaTDoDq4xqUfb6805oh7WGUmuAM/n2jmn/0x4AAAAAADV3ju2YEd8uiR-k/dark/fbE/failure_retry/flexible?lang=auto:1:134738)
    at nR (https://challenges.cloudflare.com/cdn-cgi/challenge-platform/h/g/turnstile/f/av0/rchrCPTQLJuNtsrbncktQMGzs19s_07G6MpmYcc_U9YJFs-1788733940-1.3.1.1-yLF6NfVbaggdbdQGWaTDoDq4xqUfb6805oh7WGUmuAM/n2jmn/0x4AAAAAADV3ju2YEd8uiR-k/dark/fbE/failure_retry/flexible?lang=auto:1:94349)
    at np (https://challenges.cloudflare.com/cdn-cgi/challenge-platform/h/g/turnstile/f/av0/rchrCPTQLJuNtsrbncktQMGzs19s_07G6MpmYcc_U9YJFs-1788733940-1.3.1.1-yLF6NfVbaggdbdQGWaTDoDq4xqUfb6805oh7WGUmuAM/n2jmn/0x4AAAAAADV3ju2YEd8uiR-k/dark/fbE/failure_retry/flexible?lang=auto:1:88398)
[21379293ms] [ERROR] Failed to load resource: the server responded with a status of 400 () @ https://challenges.cloudflare.com/cdn-cgi/challenge-platform/h/g/fo/2389868856:1788732307:ukDpsTLim4Ff9_eUbEPAnGy82mWzqhc9_wMXQNWLikM/a370ee1b3c5483f0/18QFQaZul15Q63pzwT5cXvfoEQWC.Pl_D2s.KdOzqYw-1788733951-1.2.1.1-N3WjRuniv4wqx8KfM4Ps254M497duRUSm9ew5W2Uy6QxJ.ImdSp3mdnRbLpZLKZv:0
[21389487ms] Blocked a frame with origin "https://challenges.cloudflare.com" from accessing a frame with origin "http://localhost:3000".  The frame requesting access has a protocol of "https", the frame being accessed has a protocol of "http". Protocols must match.

    at unknown (https://challenges.cloudflare.com/cdn-cgi/challenge-platform/h/g/turnstile/f/av0/rchpdFgwTpS.WYCXF6NWItzK9WlUVvFjwnJe38dDcYFswU-1788733951-1.3.1.1-g2RKaSVi.mrFeQWJNzMaZfgWjQGUFvfrV3eHHiOcJnY/n2jmn/0x4AAAAAADV3ju2YEd8uiR-k/dark/fbE/failure_retry/flexible?lang=auto:1:50309)
    at nP (https://challenges.cloudflare.com/cdn-cgi/challenge-platform/h/g/turnstile/f/av0/rchpdFgwTpS.WYCXF6NWItzK9WlUVvFjwnJe38dDcYFswU-1788733951-1.3.1.1-g2RKaSVi.mrFeQWJNzMaZfgWjQGUFvfrV3eHHiOcJnY/n2jmn/0x4AAAAAADV3ju2YEd8uiR-k/dark/fbE/failure_retry/flexible?lang=auto:1:203971)
    at WrPkE (https://challenges.cloudflare.com/cdn-cgi/challenge-platform/h/g/turnstile/f/av0/rchpdFgwTpS.WYCXF6NWItzK9WlUVvFjwnJe38dDcYFswU-1788733951-1.3.1.1-g2RKaSVi.mrFeQWJNzMaZfgWjQGUFvfrV3eHHiOcJnY/n2jmn/0x4AAAAAADV3ju2YEd8uiR-k/dark/fbE/failure_retry/flexible?lang=auto:1:132740)
    at n5 (https://challenges.cloudflare.com/cdn-cgi/challenge-platform/h/g/turnstile/f/av0/rchpdFgwTpS.WYCXF6NWItzK9WlUVvFjwnJe38dDcYFswU-1788733951-1.3.1.1-g2RKaSVi.mrFeQWJNzMaZfgWjQGUFvfrV3eHHiOcJnY/n2jmn/0x4AAAAAADV3ju2YEd8uiR-k/dark/fbE/failure_retry/flexible?lang=auto:1:134045)
    at unknown (https://challenges.cloudflare.com/cdn-cgi/challenge-platform/h/g/turnstile/f/av0/rchpdFgwTpS.WYCXF6NWItzK9WlUVvFjwnJe38dDcYFswU-1788733951-1.3.1.1-g2RKaSVi.mrFeQWJNzMaZfgWjQGUFvfrV3eHHiOcJnY/n2jmn/0x4AAAAAADV3ju2YEd8uiR-k/dark/fbE/failure_retry/flexible?lang=auto:1:49860)
    at nP (https://challenges.cloudflare.com/cdn-cgi/challenge-platform/h/g/turnstile/f/av0/rchpdFgwTpS.WYCXF6NWItzK9WlUVvFjwnJe38dDcYFswU-1788733951-1.3.1.1-g2RKaSVi.mrFeQWJNzMaZfgWjQGUFvfrV3eHHiOcJnY/n2jmn/0x4AAAAAADV3ju2YEd8uiR-k/dark/fbE/failure_retry/flexible?lang=auto:1:203971)
    at kP (https://challenges.cloudflare.com/cdn-cgi/challenge-platform/h/g/turnstile/f/av0/rchpdFgwTpS.WYCXF6NWItzK9WlUVvFjwnJe38dDcYFswU-1788733951-1.3.1.1-g2RKaSVi.mrFeQWJNzMaZfgWjQGUFvfrV3eHHiOcJnY/n2jmn/0x4AAAAAADV3ju2YEd8uiR-k/dark/fbE/failure_retry/flexible?lang=auto:1:105248)
    at nR (https://challenges.cloudflare.com/cdn-cgi/challenge-platform/h/g/turnstile/f/av0/rchpdFgwTpS.WYCXF6NWItzK9WlUVvFjwnJe38dDcYFswU-1788733951-1.3.1.1-g2RKaSVi.mrFeQWJNzMaZfgWjQGUFvfrV3eHHiOcJnY/n2jmn/0x4AAAAAADV3ju2YEd8uiR-k/dark/fbE/failure_retry/flexible?lang=auto:1:177143)
    at np (https://challenges.cloudflare.com/cdn-cgi/challenge-platform/h/g/turnstile/f/av0/rchpdFgwTpS.WYCXF6NWItzK9WlUVvFjwnJe38dDcYFswU-1788733951-1.3.1.1-g2RKaSVi.mrFeQWJNzMaZfgWjQGUFvfrV3eHHiOcJnY/n2jmn/0x4AAAAAADV3ju2YEd8uiR-k/dark/fbE/failure_retry/flexible?lang=auto:1:175732)
[21389646ms] [ERROR] Failed to load resource: the server responded with a status of 400 () @ https://challenges.cloudflare.com/cdn-cgi/challenge-platform/h/g/fo/2389868856:1788732307:ukDpsTLim4Ff9_eUbEPAnGy82mWzqhc9_wMXQNWLikM/a370ee5c18b583f0/9oOynagCWWSaotD3AkAQpXM4FSE_GCwr52ZPoMRc_sE-1788733961-1.2.1.1-Xw6L6cC7S3VlS1gWMvTcz9x2h33w_4nBMUXtI4QRE1YJSTSALEvGFBVV53ZDIg4W:0
[21399831ms] Blocked a frame with origin "https://challenges.cloudflare.com" from accessing a frame with origin "http://localhost:3000".  The frame requesting access has a protocol of "https", the frame being accessed has a protocol of "http". Protocols must match.

    at unknown (https://challenges.cloudflare.com/cdn-cgi/challenge-platform/h/g/turnstile/f/av0/rchlfAew0eMPzbKcfx1jdyNBphIdZH1patMNcBgYNmCUek-1788733961-1.3.1.1-Wk.rNw4U5eJOXBxdrMMwtZcr_yKVwoGy9RKS2ZtPMnQ/n2jmn/0x4AAAAAADV3ju2YEd8uiR-k/dark/fbE/failure_retry/flexible?lang=auto:1:49585)
    at nP (https://challenges.cloudflare.com/cdn-cgi/challenge-platform/h/g/turnstile/f/av0/rchlfAew0eMPzbKcfx1jdyNBphIdZH1patMNcBgYNmCUek-1788733961-1.3.1.1-Wk.rNw4U5eJOXBxdrMMwtZcr_yKVwoGy9RKS2ZtPMnQ/n2jmn/0x4AAAAAADV3ju2YEd8uiR-k/dark/fbE/failure_retry/flexible?lang=auto:1:106976)
    at VyuLf (https://challenges.cloudflare.com/cdn-cgi/challenge-platform/h/g/turnstile/f/av0/rchlfAew0eMPzbKcfx1jdyNBphIdZH1patMNcBgYNmCUek-1788733961-1.3.1.1-Wk.rNw4U5eJOXBxdrMMwtZcr_yKVwoGy9RKS2ZtPMnQ/n2jmn/0x4AAAAAADV3ju2YEd8uiR-k/dark/fbE/failure_retry/flexible?lang=auto:1:197748)
    at n5 (https://challenges.cloudflare.com/cdn-cgi/challenge-platform/h/g/turnstile/f/av0/rchlfAew0eMPzbKcfx1jdyNBphIdZH1patMNcBgYNmCUek-1788733961-1.3.1.1-Wk.rNw4U5eJOXBxdrMMwtZcr_yKVwoGy9RKS2ZtPMnQ/n2jmn/0x4AAAAAADV3ju2YEd8uiR-k/dark/fbE/failure_retry/flexible?lang=auto:1:198826)
    at unknown (https://challenges.cloudflare.com/cdn-cgi/challenge-platform/h/g/turnstile/f/av0/rchlfAew0eMPzbKcfx1jdyNBphIdZH1patMNcBgYNmCUek-1788733961-1.3.1.1-Wk.rNw4U5eJOXBxdrMMwtZcr_yKVwoGy9RKS2ZtPMnQ/n2jmn/0x4AAAAAADV3ju2YEd8uiR-k/dark/fbE/failure_retry/flexible?lang=auto:1:49136)
    at nP (https://challenges.cloudflare.com/cdn-cgi/challenge-platform/h/g/turnstile/f/av0/rchlfAew0eMPzbKcfx1jdyNBphIdZH1patMNcBgYNmCUek-1788733961-1.3.1.1-Wk.rNw4U5eJOXBxdrMMwtZcr_yKVwoGy9RKS2ZtPMnQ/n2jmn/0x4AAAAAADV3ju2YEd8uiR-k/dark/fbE/failure_retry/flexible?lang=auto:1:106976)
    at ebxnh (https://challenges.cloudflare.com/cdn-cgi/challenge-platform/h/g/turnstile/f/av0/rchlfAew0eMPzbKcfx1jdyNBphIdZH1patMNcBgYNmCUek-1788733961-1.3.1.1-Wk.rNw4U5eJOXBxdrMMwtZcr_yKVwoGy9RKS2ZtPMnQ/n2jmn/0x4AAAAAADV3ju2YEd8uiR-k/dark/fbE/failure_retry/flexible?lang=auto:1:54247)
    at kP (https://challenges.cloudflare.com/cdn-cgi/challenge-platform/h/g/turnstile/f/av0/rchlfAew0eMPzbKcfx1jdyNBphIdZH1patMNcBgYNmCUek-1788733961-1.3.1.1-Wk.rNw4U5eJOXBxdrMMwtZcr_yKVwoGy9RKS2ZtPMnQ/n2jmn/0x4AAAAAADV3ju2YEd8uiR-k/dark/fbE/failure_retry/flexible?lang=auto:1:62531)
    at wSDvc (https://challenges.cloudflare.com/cdn-cgi/challenge-platform/h/g/turnstile/f/av0/rchlfAew0eMPzbKcfx1jdyNBphIdZH1patMNcBgYNmCUek-1788733961-1.3.1.1-Wk.rNw4U5eJOXBxdrMMwtZcr_yKVwoGy9RKS2ZtPMnQ/n2jmn/0x4AAAAAADV3ju2YEd8uiR-k/dark/fbE/failure_retry/flexible?lang=auto:1:159927)
    at nR (https://challenges.cloudflare.com/cdn-cgi/challenge-platform/h/g/turnstile/f/av0/rchlfAew0eMPzbKcfx1jdyNBphIdZH1patMNcBgYNmCUek-1788733961-1.3.1.1-Wk.rNw4U5eJOXBxdrMMwtZcr_yKVwoGy9RKS2ZtPMnQ/n2jmn/0x4AAAAAADV3ju2YEd8uiR-k/dark/fbE/failure_retry/flexible?lang=auto:1:163521)
    at KFwqt (https://challenges.cloudflare.com/cdn-cgi/challenge-platform/h/g/turnstile/f/av0/rchlfAew0eMPzbKcfx1jdyNBphIdZH1patMNcBgYNmCUek-1788733961-1.3.1.1-Wk.rNw4U5eJOXBxdrMMwtZcr_yKVwoGy9RKS2ZtPMnQ/n2jmn/0x4AAAAAADV3ju2YEd8uiR-k/dark/fbE/failure_retry/flexible?lang=auto:1:159211)
    at np (https://challenges.cloudflare.com/cdn-cgi/challenge-platform/h/g/turnstile/f/av0/rchlfAew0eMPzbKcfx1jdyNBphIdZH1patMNcBgYNmCUek-1788733961-1.3.1.1-Wk.rNw4U5eJOXBxdrMMwtZcr_yKVwoGy9RKS2ZtPMnQ/n2jmn/0x4AAAAAADV3ju2YEd8uiR-k/dark/fbE/failure_retry/flexible?lang=auto:1:162031)
[21399985ms] [ERROR] Failed to load resource: the server responded with a status of 400 () @ https://challenges.cloudflare.com/cdn-cgi/challenge-platform/h/g/fo/2389868856:1788732307:ukDpsTLim4Ff9_eUbEPAnGy82mWzqhc9_wMXQNWLikM/a370ee9cec3483f0/XyBKxY.9TImc1lH6nLZVsbqcjcCWiOk6VbtbzjARDKY-1788733971-1.2.1.1-atFB0pX9AhEMD.Sv_CTVLspuQp4IYKB.zvV1CtJxrGO8AklC_VvSYUUysuya0dyA:0
[21410109ms] Blocked a frame with origin "https://challenges.cloudflare.com" from accessing a frame with origin "http://localhost:3000".  The frame requesting access has a protocol of "https", the frame being accessed has a protocol of "http". Protocols must match.

    at unknown (https://challenges.cloudflare.com/cdn-cgi/challenge-platform/h/g/turnstile/f/av0/rchb7RAQhNXaV877CEi1_bEGONzZKJn_RYXzd34LpX1LDM-1788733971-1.3.1.1-4TN4EzNLgGV_Jfqedtt98O1UFPozhT8_wVlKEOVNFyQ/n2jmn/0x4AAAAAADV3ju2YEd8uiR-k/dark/fbE/failure_retry/flexible?lang=auto:1:48783)
    at nP (https://challenges.cloudflare.com/cdn-cgi/challenge-platform/h/g/turnstile/f/av0/rchb7RAQhNXaV877CEi1_bEGONzZKJn_RYXzd34LpX1LDM-1788733971-1.3.1.1-4TN4EzNLgGV_Jfqedtt98O1UFPozhT8_wVlKEOVNFyQ/n2jmn/0x4AAAAAADV3ju2YEd8uiR-k/dark/fbE/failure_retry/flexible?lang=auto:1:100252)
    at n5 (https://challenges.cloudflare.com/cdn-cgi/challenge-platform/h/g/turnstile/f/av0/rchb7RAQhNXaV877CEi1_bEGONzZKJn_RYXzd34LpX1LDM-1788733971-1.3.1.1-4TN4EzNLgGV_Jfqedtt98O1UFPozhT8_wVlKEOVNFyQ/n2jmn/0x4AAAAAADV3ju2YEd8uiR-k/dark/fbE/failure_retry/flexible?lang=auto:1:191903)
    at unknown (https://challenges.cloudflare.com/cdn-cgi/challenge-platform/h/g/turnstile/f/av0/rchb7RAQhNXaV877CEi1_bEGONzZKJn_RYXzd34LpX1LDM-1788733971-1.3.1.1-4TN4EzNLgGV_Jfqedtt98O1UFPozhT8_wVlKEOVNFyQ/n2jmn/0x4AAAAAADV3ju2YEd8uiR-k/dark/fbE/failure_retry/flexible?lang=auto:1:48334)
    at nP (https://challenges.cloudflare.com/cdn-cgi/challenge-platform/h/g/turnstile/f/av0/rchb7RAQhNXaV877CEi1_bEGONzZKJn_RYXzd34LpX1LDM-1788733971-1.3.1.1-4TN4EzNLgGV_Jfqedtt98O1UFPozhT8_wVlKEOVNFyQ/n2jmn/0x4AAAAAADV3ju2YEd8uiR-k/dark/fbE/failure_retry/flexible?lang=auto:1:100252)
    at MnLoy (https://challenges.cloudflare.com/cdn-cgi/challenge-platform/h/g/turnstile/f/av0/rchb7RAQhNXaV877CEi1_bEGONzZKJn_RYXzd34LpX1LDM-1788733971-1.3.1.1-4TN4EzNLgGV_Jfqedtt98O1UFPozhT8_wVlKEOVNFyQ/n2jmn/0x4AAAAAADV3ju2YEd8uiR-k/dark/fbE/failure_retry/flexible?lang=auto:1:137609)
    at kP (https://challenges.cloudflare.com/cdn-cgi/challenge-platform/h/g/turnstile/f/av0/rchb7RAQhNXaV877CEi1_bEGONzZKJn_RYXzd34LpX1LDM-1788733971-1.3.1.1-4TN4EzNLgGV_Jfqedtt98O1UFPozhT8_wVlKEOVNFyQ/n2jmn/0x4AAAAAADV3ju2YEd8uiR-k/dark/fbE/failure_retry/flexible?lang=auto:1:146163)
    at nR (https://challenges.cloudflare.com/cdn-cgi/challenge-platform/h/g/turnstile/f/av0/rchb7RAQhNXaV877CEi1_bEGONzZKJn_RYXzd34LpX1LDM-1788733971-1.3.1.1-4TN4EzNLgGV_Jfqedtt98O1UFPozhT8_wVlKEOVNFyQ/n2jmn/0x4AAAAAADV3ju2YEd8uiR-k/dark/fbE/failure_retry/flexible?lang=auto:1:113402)
    at np (https://challenges.cloudflare.com/cdn-cgi/challenge-platform/h/g/turnstile/f/av0/rchb7RAQhNXaV877CEi1_bEGONzZKJn_RYXzd34LpX1LDM-1788733971-1.3.1.1-4TN4EzNLgGV_Jfqedtt98O1UFPozhT8_wVlKEOVNFyQ/n2jmn/0x4AAAAAADV3ju2YEd8uiR-k/dark/fbE/failure_retry/flexible?lang=auto:1:111108)
[21410247ms] [ERROR] Failed to load resource: the server responded with a status of 400 () @ https://challenges.cloudflare.com/cdn-cgi/challenge-platform/h/g/fo/2389868856:1788732307:ukDpsTLim4Ff9_eUbEPAnGy82mWzqhc9_wMXQNWLikM/a370eedd284383f0/mLbSkiJ7I2B6Os7tulvA5O_k_bncBwEmOzP7zVbMjbI-1788733982-1.2.1.1-IAqGD0QRzgkK6uRM_wF6lNdGqaFrC8yT6G04MPrBI7B2oCD73gstul3MtTk8UtQ1:0
[21420369ms] Blocked a frame with origin "https://challenges.cloudflare.com" from accessing a frame with origin "http://localhost:3000".  The frame requesting access has a protocol of "https", the frame being accessed has a protocol of "http". Protocols must match.

    at unknown (https://challenges.cloudflare.com/cdn-cgi/challenge-platform/h/g/turnstile/f/av0/rch4pTS.yfFx_9CA_TOWmXu8wYuQzWKKtM67GGJsfS6l7A-1788733982-1.3.1.1-ORUZpEVT5uZGuADUf5Jzy0vtWQ7kqr068Cf4.qnkUZ0/n2jmn/0x4AAAAAADV3ju2YEd8uiR-k/dark/fbE/failure_retry/flexible?lang=auto:1:50635)
    at vI (https://challenges.cloudflare.com/cdn-cgi/challenge-platform/h/g/turnstile/f/av0/rch4pTS.yfFx_9CA_TOWmXu8wYuQzWKKtM67GGJsfS6l7A-1788733982-1.3.1.1-ORUZpEVT5uZGuADUf5Jzy0vtWQ7kqr068Cf4.qnkUZ0/n2jmn/0x4AAAAAADV3ju2YEd8uiR-k/dark/fbE/failure_retry/flexible?lang=auto:1:170481)
    at v4 (https://challenges.cloudflare.com/cdn-cgi/challenge-platform/h/g/turnstile/f/av0/rch4pTS.yfFx_9CA_TOWmXu8wYuQzWKKtM67GGJsfS6l7A-1788733982-1.3.1.1-ORUZpEVT5uZGuADUf5Jzy0vtWQ7kqr068Cf4.qnkUZ0/n2jmn/0x4AAAAAADV3ju2YEd8uiR-k/dark/fbE/failure_retry/flexible?lang=auto:1:245096)
    at unknown (https://challenges.cloudflare.com/cdn-cgi/challenge-platform/h/g/turnstile/f/av0/rch4pTS.yfFx_9CA_TOWmXu8wYuQzWKKtM67GGJsfS6l7A-1788733982-1.3.1.1-ORUZpEVT5uZGuADUf5Jzy0vtWQ7kqr068Cf4.qnkUZ0/n2jmn/0x4AAAAAADV3ju2YEd8uiR-k/dark/fbE/failure_retry/flexible?lang=auto:1:50186)
    at vI (https://challenges.cloudflare.com/cdn-cgi/challenge-platform/h/g/turnstile/f/av0/rch4pTS.yfFx_9CA_TOWmXu8wYuQzWKKtM67GGJsfS6l7A-1788733982-1.3.1.1-ORUZpEVT5uZGuADUf5Jzy0vtWQ7kqr068Cf4.qnkUZ0/n2jmn/0x4AAAAAADV3ju2YEd8uiR-k/dark/fbE/failure_retry/flexible?lang=auto:1:170481)
    at ZI (https://challenges.cloudflare.com/cdn-cgi/challenge-platform/h/g/turnstile/f/av0/rch4pTS.yfFx_9CA_TOWmXu8wYuQzWKKtM67GGJsfS6l7A-1788733982-1.3.1.1-ORUZpEVT5uZGuADUf5Jzy0vtWQ7kqr068Cf4.qnkUZ0/n2jmn/0x4AAAAAADV3ju2YEd8uiR-k/dark/fbE/failure_retry/flexible?lang=auto:1:111290)
    at vT (https://challenges.cloudflare.com/cdn-cgi/challenge-platform/h/g/turnstile/f/av0/rch4pTS.yfFx_9CA_TOWmXu8wYuQzWKKtM67GGJsfS6l7A-1788733982-1.3.1.1-ORUZpEVT5uZGuADUf5Jzy0vtWQ7kqr068Cf4.qnkUZ0/n2jmn/0x4AAAAAADV3ju2YEd8uiR-k/dark/fbE/failure_retry/flexible?lang=auto:1:161219)
    at trADO (https://challenges.cloudflare.com/cdn-cgi/challenge-platform/h/g/turnstile/f/av0/rch4pTS.yfFx_9CA_TOWmXu8wYuQzWKKtM67GGJsfS6l7A-1788733982-1.3.1.1-ORUZpEVT5uZGuADUf5Jzy0vtWQ7kqr068Cf4.qnkUZ0/n2jmn/0x4AAAAAADV3ju2YEd8uiR-k/dark/fbE/failure_retry/flexible?lang=auto:1:158018)
    at vf (https://challenges.cloudflare.com/cdn-cgi/challenge-platform/h/g/turnstile/f/av0/rch4pTS.yfFx_9CA_TOWmXu8wYuQzWKKtM67GGJsfS6l7A-1788733982-1.3.1.1-ORUZpEVT5uZGuADUf5Jzy0vtWQ7kqr068Cf4.qnkUZ0/n2jmn/0x4AAAAAADV3ju2YEd8uiR-k/dark/fbE/failure_retry/flexible?lang=auto:1:160095)
[21420515ms] [ERROR] Failed to load resource: the server responded with a status of 400 () @ https://challenges.cloudflare.com/cdn-cgi/challenge-platform/h/g/fo/2389868856:1788732307:ukDpsTLim4Ff9_eUbEPAnGy82mWzqhc9_wMXQNWLikM/a370ef1d59fa83f0/n7MjLWXtTKqF475C6bk.5esY0JI1N5HE6A0SzMKNCkY-1788733992-1.2.1.1-NoizZuT2rQNqp3ofBCtz9Mz_5MUBWEQiufJuMxCS1J1amNJhv6vhdSAD9JHFg6zs:0
[21430627ms] Blocked a frame with origin "https://challenges.cloudflare.com" from accessing a frame with origin "http://localhost:3000".  The frame requesting access has a protocol of "https", the frame being accessed has a protocol of "http". Protocols must match.

    at unknown (https://challenges.cloudflare.com/cdn-cgi/challenge-platform/h/g/turnstile/f/av0/rchQYJj_35.msB0uwg5LaT0Rae2DB6sK._4F4_.xmkwpRo-1788733992-1.3.1.1-zp_Rtrz.0Cb6GJ0mr6CJ.LjXfcYz4EnAVmT_R5S.a.s/n2jmn/0x4AAAAAADV3ju2YEd8uiR-k/dark/fbE/failure_retry/flexible?lang=auto:1:49407)
    at nP (https://challenges.cloudflare.com/cdn-cgi/challenge-platform/h/g/turnstile/f/av0/rchQYJj_35.msB0uwg5LaT0Rae2DB6sK._4F4_.xmkwpRo-1788733992-1.3.1.1-zp_Rtrz.0Cb6GJ0mr6CJ.LjXfcYz4EnAVmT_R5S.a.s/n2jmn/0x4AAAAAADV3ju2YEd8uiR-k/dark/fbE/failure_retry/flexible?lang=auto:1:245831)
    at n5 (https://challenges.cloudflare.com/cdn-cgi/challenge-platform/h/g/turnstile/f/av0/rchQYJj_35.msB0uwg5LaT0Rae2DB6sK._4F4_.xmkwpRo-1788733992-1.3.1.1-zp_Rtrz.0Cb6GJ0mr6CJ.LjXfcYz4EnAVmT_R5S.a.s/n2jmn/0x4AAAAAADV3ju2YEd8uiR-k/dark/fbE/failure_retry/flexible?lang=auto:1:94500)
    at unknown (https://challenges.cloudflare.com/cdn-cgi/challenge-platform/h/g/turnstile/f/av0/rchQYJj_35.msB0uwg5LaT0Rae2DB6sK._4F4_.xmkwpRo-1788733992-1.3.1.1-zp_Rtrz.0Cb6GJ0mr6CJ.LjXfcYz4EnAVmT_R5S.a.s/n2jmn/0x4AAAAAADV3ju2YEd8uiR-k/dark/fbE/failure_retry/flexible?lang=auto:1:48958)
    at nP (https://challenges.cloudflare.com/cdn-cgi/challenge-platform/h/g/turnstile/f/av0/rchQYJj_35.msB0uwg5LaT0Rae2DB6sK._4F4_.xmkwpRo-1788733992-1.3.1.1-zp_Rtrz.0Cb6GJ0mr6CJ.LjXfcYz4EnAVmT_R5S.a.s/n2jmn/0x4AAAAAADV3ju2YEd8uiR-k/dark/fbE/failure_retry/flexible?lang=auto:1:245831)
    at kP (https://challenges.cloudflare.com/cdn-cgi/challenge-platform/h/g/turnstile/f/av0/rchQYJj_35.msB0uwg5LaT0Rae2DB6sK._4F4_.xmkwpRo-1788733992-1.3.1.1-zp_Rtrz.0Cb6GJ0mr6CJ.LjXfcYz4EnAVmT_R5S.a.s/n2jmn/0x4AAAAAADV3ju2YEd8uiR-k/dark/fbE/failure_retry/flexible?lang=auto:1:141354)
    at nR (https://challenges.cloudflare.com/cdn-cgi/challenge-platform/h/g/turnstile/f/av0/rchQYJj_35.msB0uwg5LaT0Rae2DB6sK._4F4_.xmkwpRo-1788733992-1.3.1.1-zp_Rtrz.0Cb6GJ0mr6CJ.LjXfcYz4EnAVmT_R5S.a.s/n2jmn/0x4AAAAAADV3ju2YEd8uiR-k/dark/fbE/failure_retry/flexible?lang=auto:1:59186)
    at np (https://challenges.cloudflare.com/cdn-cgi/challenge-platform/h/g/turnstile/f/av0/rchQYJj_35.msB0uwg5LaT0Rae2DB6sK._4F4_.xmkwpRo-1788733992-1.3.1.1-zp_Rtrz.0Cb6GJ0mr6CJ.LjXfcYz4EnAVmT_R5S.a.s/n2jmn/0x4AAAAAADV3ju2YEd8uiR-k/dark/fbE/failure_retry/flexible?lang=auto:1:57981)
[21430775ms] [ERROR] Failed to load resource: the server responded with a status of 400 () @ https://challenges.cloudflare.com/cdn-cgi/challenge-platform/h/g/fo/2389868856:1788732307:ukDpsTLim4Ff9_eUbEPAnGy82mWzqhc9_wMXQNWLikM/a370ef5d7b8d83f0/zFrJX_JZbytOy_GLUJ4.NN_4hexL2iT48S5R3_nHdps-1788734002-1.2.1.1-2IRryM7Bpv3miTMGI3TLB5sbz8vKryFSnUXgV10o6nidg5z8fLHT2pxrCIqK5TGy:0
[21440874ms] Blocked a frame with origin "https://challenges.cloudflare.com" from accessing a frame with origin "http://localhost:3000".  The frame requesting access has a protocol of "https", the frame being accessed has a protocol of "http". Protocols must match.

    at unknown (https://challenges.cloudflare.com/cdn-cgi/challenge-platform/h/g/turnstile/f/av0/rchFD2PnQeBi0bnlnqZF2Zn1YbTbvfhdv3wj0GH7eWZRcI-1788734002-1.3.1.1-yPRxQbnvM3qxNu1chg9.TKSVdVa5mcpgc_47PqbzX6k/n2jmn/0x4AAAAAADV3ju2YEd8uiR-k/dark/fbE/failure_retry/flexible?lang=auto:1:49418)
    at vI (https://challenges.cloudflare.com/cdn-cgi/challenge-platform/h/g/turnstile/f/av0/rchFD2PnQeBi0bnlnqZF2Zn1YbTbvfhdv3wj0GH7eWZRcI-1788734002-1.3.1.1-yPRxQbnvM3qxNu1chg9.TKSVdVa5mcpgc_47PqbzX6k/n2jmn/0x4AAAAAADV3ju2YEd8uiR-k/dark/fbE/failure_retry/flexible?lang=auto:1:200245)
    at v4 (https://challenges.cloudflare.com/cdn-cgi/challenge-platform/h/g/turnstile/f/av0/rchFD2PnQeBi0bnlnqZF2Zn1YbTbvfhdv3wj0GH7eWZRcI-1788734002-1.3.1.1-yPRxQbnvM3qxNu1chg9.TKSVdVa5mcpgc_47PqbzX6k/n2jmn/0x4AAAAAADV3ju2YEd8uiR-k/dark/fbE/failure_retry/flexible?lang=auto:1:69633)
    at unknown (https://challenges.cloudflare.com/cdn-cgi/challenge-platform/h/g/turnstile/f/av0/rchFD2PnQeBi0bnlnqZF2Zn1YbTbvfhdv3wj0GH7eWZRcI-1788734002-1.3.1.1-yPRxQbnvM3qxNu1chg9.TKSVdVa5mcpgc_47PqbzX6k/n2jmn/0x4AAAAAADV3ju2YEd8uiR-k/dark/fbE/failure_retry/flexible?lang=auto:1:48969)
    at vI (https://challenges.cloudflare.com/cdn-cgi/challenge-platform/h/g/turnstile/f/av0/rchFD2PnQeBi0bnlnqZF2Zn1YbTbvfhdv3wj0GH7eWZRcI-1788734002-1.3.1.1-yPRxQbnvM3qxNu1chg9.TKSVdVa5mcpgc_47PqbzX6k/n2jmn/0x4AAAAAADV3ju2YEd8uiR-k/dark/fbE/failure_retry/flexible?lang=auto:1:200245)
    at ZI (https://challenges.cloudflare.com/cdn-cgi/challenge-platform/h/g/turnstile/f/av0/rchFD2PnQeBi0bnlnqZF2Zn1YbTbvfhdv3wj0GH7eWZRcI-1788734002-1.3.1.1-yPRxQbnvM3qxNu1chg9.TKSVdVa5mcpgc_47PqbzX6k/n2jmn/0x4AAAAAADV3ju2YEd8uiR-k/dark/fbE/failure_retry/flexible?lang=auto:1:212870)
    at bdhuH (https://challenges.cloudflare.com/cdn-cgi/challenge-platform/h/g/turnstile/f/av0/rchFD2PnQeBi0bnlnqZF2Zn1YbTbvfhdv3wj0GH7eWZRcI-1788734002-1.3.1.1-yPRxQbnvM3qxNu1chg9.TKSVdVa5mcpgc_47PqbzX6k/n2jmn/0x4AAAAAADV3ju2YEd8uiR-k/dark/fbE/failure_retry/flexible?lang=auto:1:236549)
    at vT (https://challenges.cloudflare.com/cdn-cgi/challenge-platform/h/g/turnstile/f/av0/rchFD2PnQeBi0bnlnqZF2Zn1YbTbvfhdv3wj0GH7eWZRcI-1788734002-1.3.1.1-yPRxQbnvM3qxNu1chg9.TKSVdVa5mcpgc_47PqbzX6k/n2jmn/0x4AAAAAADV3ju2YEd8uiR-k/dark/fbE/failure_retry/flexible?lang=auto:1:239898)
    at vf (https://challenges.cloudflare.com/cdn-cgi/challenge-platform/h/g/turnstile/f/av0/rchFD2PnQeBi0bnlnqZF2Zn1YbTbvfhdv3wj0GH7eWZRcI-1788734002-1.3.1.1-yPRxQbnvM3qxNu1chg9.TKSVdVa5mcpgc_47PqbzX6k/n2jmn/0x4AAAAAADV3ju2YEd8uiR-k/dark/fbE/failure_retry/flexible?lang=auto:1:238618)
[21441028ms] [ERROR] Failed to load resource: the server responded with a status of 400 () @ https://challenges.cloudflare.com/cdn-cgi/challenge-platform/h/g/fo/2389868856:1788732307:ukDpsTLim4Ff9_eUbEPAnGy82mWzqhc9_wMXQNWLikM/a370ef9d989a83f0/Abp7RCl5w5QaUOeW1EHQuW4LXRnIKRSrgIYwo.8dkbQ-1788734013-1.2.1.1-m23_sU.KZj0UEa_PC.JQuYVGtTUeqTp_rDc7fIDbZIdvZ519cjERP.kOnj3wYjXA:0
[21451118ms] Blocked a frame with origin "https://challenges.cloudflare.com" from accessing a frame with origin "http://localhost:3000".  The frame requesting access has a protocol of "https", the frame being accessed has a protocol of "http". Protocols must match.

    at unknown (https://challenges.cloudflare.com/cdn-cgi/challenge-platform/h/g/turnstile/f/av0/rchLbkf9tHIOtXOMdQX38RR5d_WmtrxjHa58brLuyn5d0g-1788734013-1.3.1.1-wmTB.pedBywhnXfDccKgs4X8HqLBNUfPLoXGfLQlQAc/n2jmn/0x4AAAAAADV3ju2YEd8uiR-k/dark/fbE/failure_retry/flexible?lang=auto:1:50744)
    at vI (https://challenges.cloudflare.com/cdn-cgi/challenge-platform/h/g/turnstile/f/av0/rchLbkf9tHIOtXOMdQX38RR5d_WmtrxjHa58brLuyn5d0g-1788734013-1.3.1.1-wmTB.pedBywhnXfDccKgs4X8HqLBNUfPLoXGfLQlQAc/n2jmn/0x4AAAAAADV3ju2YEd8uiR-k/dark/fbE/failure_retry/flexible?lang=auto:1:167031)
    at v4 (https://challenges.cloudflare.com/cdn-cgi/challenge-platform/h/g/turnstile/f/av0/rchLbkf9tHIOtXOMdQX38RR5d_WmtrxjHa58brLuyn5d0g-1788734013-1.3.1.1-wmTB.pedBywhnXfDccKgs4X8HqLBNUfPLoXGfLQlQAc/n2jmn/0x4AAAAAADV3ju2YEd8uiR-k/dark/fbE/failure_retry/flexible?lang=auto:1:203996)
    at unknown (https://challenges.cloudflare.com/cdn-cgi/challenge-platform/h/g/turnstile/f/av0/rchLbkf9tHIOtXOMdQX38RR5d_WmtrxjHa58brLuyn5d0g-1788734013-1.3.1.1-wmTB.pedBywhnXfDccKgs4X8HqLBNUfPLoXGfLQlQAc/n2jmn/0x4AAAAAADV3ju2YEd8uiR-k/dark/fbE/failure_retry/flexible?lang=auto:1:50295)
    at vI (https://challenges.cloudflare.com/cdn-cgi/challenge-platform/h/g/turnstile/f/av0/rchLbkf9tHIOtXOMdQX38RR5d_WmtrxjHa58brLuyn5d0g-1788734013-1.3.1.1-wmTB.pedBywhnXfDccKgs4X8HqLBNUfPLoXGfLQlQAc/n2jmn/0x4AAAAAADV3ju2YEd8uiR-k/dark/fbE/failure_retry/flexible?lang=auto:1:167031)
    at ZI (https://challenges.cloudflare.com/cdn-cgi/challenge-platform/h/g/turnstile/f/av0/rchLbkf9tHIOtXOMdQX38RR5d_WmtrxjHa58brLuyn5d0g-1788734013-1.3.1.1-wmTB.pedBywhnXfDccKgs4X8HqLBNUfPLoXGfLQlQAc/n2jmn/0x4AAAAAADV3ju2YEd8uiR-k/dark/fbE/failure_retry/flexible?lang=auto:1:117981)
    at vT (https://challenges.cloudflare.com/cdn-cgi/challenge-platform/h/g/turnstile/f/av0/rchLbkf9tHIOtXOMdQX38RR5d_WmtrxjHa58brLuyn5d0g-1788734013-1.3.1.1-wmTB.pedBywhnXfDccKgs4X8HqLBNUfPLoXGfLQlQAc/n2jmn/0x4AAAAAADV3ju2YEd8uiR-k/dark/fbE/failure_retry/flexible?lang=auto:1:162252)
    at vokya (https://challenges.cloudflare.com/cdn-cgi/challenge-platform/h/g/turnstile/f/av0/rchLbkf9tHIOtXOMdQX38RR5d_WmtrxjHa58brLuyn5d0g-1788734013-1.3.1.1-wmTB.pedBywhnXfDccKgs4X8HqLBNUfPLoXGfLQlQAc/n2jmn/0x4AAAAAADV3ju2YEd8uiR-k/dark/fbE/failure_retry/flexible?lang=auto:1:157542)
    at vf (https://challenges.cloudflare.com/cdn-cgi/challenge-platform/h/g/turnstile/f/av0/rchLbkf9tHIOtXOMdQX38RR5d_WmtrxjHa58brLuyn5d0g-1788734013-1.3.1.1-wmTB.pedBywhnXfDccKgs4X8HqLBNUfPLoXGfLQlQAc/n2jmn/0x4AAAAAADV3ju2YEd8uiR-k/dark/fbE/failure_retry/flexible?lang=auto:1:159579)
[21451265ms] [ERROR] Failed to load resource: the server responded with a status of 400 () @ https://challenges.cloudflare.com/cdn-cgi/challenge-platform/h/g/fo/2389868856:1788732307:ukDpsTLim4Ff9_eUbEPAnGy82mWzqhc9_wMXQNWLikM/a370efddad9483f0/GqRWezWGYGyOGhsaGJ2kCvbhjij__Tz9PZTtnrmuAh8-1788734023-1.2.1.1-Mo7PP1htW4IuAE15BObC3R4.vBof53dY.c1SY.1LFa1CylHIma.p5K.U5evACLKc:0
[21461390ms] Blocked a frame with origin "https://challenges.cloudflare.com" from accessing a frame with origin "http://localhost:3000".  The frame requesting access has a protocol of "https", the frame being accessed has a protocol of "http". Protocols must match.

    at unknown (https://challenges.cloudflare.com/cdn-cgi/challenge-platform/h/g/turnstile/f/av0/rcho.s4C9L9h_HbR9BAstbB7MPmffYikDi.dpP4Kd2u6Ww-1788734023-1.3.1.1-wJpj_BBYar4U9iIvcm4jORNJVVdp9BAJikzSdbp9ejk/n2jmn/0x4AAAAAADV3ju2YEd8uiR-k/dark/fbE/failure_retry/flexible?lang=auto:1:48665)
    at vJ (https://challenges.cloudflare.com/cdn-cgi/challenge-platform/h/g/turnstile/f/av0/rcho.s4C9L9h_HbR9BAstbB7MPmffYikDi.dpP4Kd2u6Ww-1788734023-1.3.1.1-wJpj_BBYar4U9iIvcm4jORNJVVdp9BAJikzSdbp9ejk/n2jmn/0x4AAAAAADV3ju2YEd8uiR-k/dark/fbE/failure_retry/flexible?lang=auto:1:110989)
    at SPERB (https://challenges.cloudflare.com/cdn-cgi/challenge-platform/h/g/turnstile/f/av0/rcho.s4C9L9h_HbR9BAstbB7MPmffYikDi.dpP4Kd2u6Ww-1788734023-1.3.1.1-wJpj_BBYar4U9iIvcm4jORNJVVdp9BAJikzSdbp9ejk/n2jmn/0x4AAAAAADV3ju2YEd8uiR-k/dark/fbE/failure_retry/flexible?lang=auto:1:146039)
    at v5 (https://challenges.cloudflare.com/cdn-cgi/challenge-platform/h/g/turnstile/f/av0/rcho.s4C9L9h_HbR9BAstbB7MPmffYikDi.dpP4Kd2u6Ww-1788734023-1.3.1.1-wJpj_BBYar4U9iIvcm4jORNJVVdp9BAJikzSdbp9ejk/n2jmn/0x4AAAAAADV3ju2YEd8uiR-k/dark/fbE/failure_retry/flexible?lang=auto:1:146936)
    at unknown (https://challenges.cloudflare.com/cdn-cgi/challenge-platform/h/g/turnstile/f/av0/rcho.s4C9L9h_HbR9BAstbB7MPmffYikDi.dpP4Kd2u6Ww-1788734023-1.3.1.1-wJpj_BBYar4U9iIvcm4jORNJVVdp9BAJikzSdbp9ejk/n2jmn/0x4AAAAAADV3ju2YEd8uiR-k/dark/fbE/failure_retry/flexible?lang=auto:1:48216)
    at vJ (https://challenges.cloudflare.com/cdn-cgi/challenge-platform/h/g/turnstile/f/av0/rcho.s4C9L9h_HbR9BAstbB7MPmffYikDi.dpP4Kd2u6Ww-1788734023-1.3.1.1-wJpj_BBYar4U9iIvcm4jORNJVVdp9BAJikzSdbp9ejk/n2jmn/0x4AAAAAADV3ju2YEd8uiR-k/dark/fbE/failure_retry/flexible?lang=auto:1:110989)
    at ZJ (https://challenges.cloudflare.com/cdn-cgi/challenge-platform/h/g/turnstile/f/av0/rcho.s4C9L9h_HbR9BAstbB7MPmffYikDi.dpP4Kd2u6Ww-1788734023-1.3.1.1-wJpj_BBYar4U9iIvcm4jORNJVVdp9BAJikzSdbp9ejk/n2jmn/0x4AAAAAADV3ju2YEd8uiR-k/dark/fbE/failure_retry/flexible?lang=auto:1:236866)
    at ciYrp (https://challenges.cloudflare.com/cdn-cgi/challenge-platform/h/g/turnstile/f/av0/rcho.s4C9L9h_HbR9BAstbB7MPmffYikDi.dpP4Kd2u6Ww-1788734023-1.3.1.1-wJpj_BBYar4U9iIvcm4jORNJVVdp9BAJikzSdbp9ejk/n2jmn/0x4AAAAAADV3ju2YEd8uiR-k/dark/fbE/failure_retry/flexible?lang=auto:1:80846)
    at vT (https://challenges.cloudflare.com/cdn-cgi/challenge-platform/h/g/turnstile/f/av0/rcho.s4C9L9h_HbR9BAstbB7MPmffYikDi.dpP4Kd2u6Ww-1788734023-1.3.1.1-wJpj_BBYar4U9iIvcm4jORNJVVdp9BAJikzSdbp9ejk/n2jmn/0x4AAAAAADV3ju2YEd8uiR-k/dark/fbE/failure_retry/flexible?lang=auto:1:87613)
    at vf (https://challenges.cloudflare.com/cdn-cgi/challenge-platform/h/g/turnstile/f/av0/rcho.s4C9L9h_HbR9BAstbB7MPmffYikDi.dpP4Kd2u6Ww-1788734023-1.3.1.1-wJpj_BBYar4U9iIvcm4jORNJVVdp9BAJikzSdbp9ejk/n2jmn/0x4AAAAAADV3ju2YEd8uiR-k/dark/fbE/failure_retry/flexible?lang=auto:1:83310)
[21461537ms] [ERROR] Failed to load resource: the server responded with a status of 400 () @ https://challenges.cloudflare.com/cdn-cgi/challenge-platform/h/g/fo/2389868856:1788732307:ukDpsTLim4Ff9_eUbEPAnGy82mWzqhc9_wMXQNWLikM/a370f01dbc1283f0/HjNo72f4W4bt2SBVL_J18ZO1atnCFyQUnDJj_O0i3Is-1788734033-1.2.1.1-lvh0OAGXyoKu2kpDxuyFY8Tji7x17w70Ndbs.mlHswI06syTUR7aM_wPE0b8t82h:0
[21471661ms] Blocked a frame with origin "https://challenges.cloudflare.com" from accessing a frame with origin "http://localhost:3000".  The frame requesting access has a protocol of "https", the frame being accessed has a protocol of "http". Protocols must match.

    at unknown (https://challenges.cloudflare.com/cdn-cgi/challenge-platform/h/g/turnstile/f/av0/rchNoVde0HGorB3EinSKlu__rS0U3janw3JJqNVzIssLag-1788734033-1.3.1.1-8W.blWcxX.viCKi8soi7aJvkLZo8UiFnKYVsKgfhWBU/n2jmn/0x4AAAAAADV3ju2YEd8uiR-k/dark/fbE/failure_retry/flexible?lang=auto:1:49531)
    at vI (https://challenges.cloudflare.com/cdn-cgi/challenge-platform/h/g/turnstile/f/av0/rchNoVde0HGorB3EinSKlu__rS0U3janw3JJqNVzIssLag-1788734033-1.3.1.1-8W.blWcxX.viCKi8soi7aJvkLZo8UiFnKYVsKgfhWBU/n2jmn/0x4AAAAAADV3ju2YEd8uiR-k/dark/fbE/failure_retry/flexible?lang=auto:1:157385)
    at v4 (https://challenges.cloudflare.com/cdn-cgi/challenge-platform/h/g/turnstile/f/av0/rchNoVde0HGorB3EinSKlu__rS0U3janw3JJqNVzIssLag-1788734033-1.3.1.1-8W.blWcxX.viCKi8soi7aJvkLZo8UiFnKYVsKgfhWBU/n2jmn/0x4AAAAAADV3ju2YEd8uiR-k/dark/fbE/failure_retry/flexible?lang=auto:1:190129)
    at unknown (https://challenges.cloudflare.com/cdn-cgi/challenge-platform/h/g/turnstile/f/av0/rchNoVde0HGorB3EinSKlu__rS0U3janw3JJqNVzIssLag-1788734033-1.3.1.1-8W.blWcxX.viCKi8soi7aJvkLZo8UiFnKYVsKgfhWBU/n2jmn/0x4AAAAAADV3ju2YEd8uiR-k/dark/fbE/failure_retry/flexible?lang=auto:1:49082)
    at vI (https://challenges.cloudflare.com/cdn-cgi/challenge-platform/h/g/turnstile/f/av0/rchNoVde0HGorB3EinSKlu__rS0U3janw3JJqNVzIssLag-1788734033-1.3.1.1-8W.blWcxX.viCKi8soi7aJvkLZo8UiFnKYVsKgfhWBU/n2jmn/0x4AAAAAADV3ju2YEd8uiR-k/dark/fbE/failure_retry/flexible?lang=auto:1:157385)
    at ZI (https://challenges.cloudflare.com/cdn-cgi/challenge-platform/h/g/turnstile/f/av0/rchNoVde0HGorB3EinSKlu__rS0U3janw3JJqNVzIssLag-1788734033-1.3.1.1-8W.blWcxX.viCKi8soi7aJvkLZo8UiFnKYVsKgfhWBU/n2jmn/0x4AAAAAADV3ju2YEd8uiR-k/dark/fbE/failure_retry/flexible?lang=auto:1:101799)
    at AIeQt (https://challenges.cloudflare.com/cdn-cgi/challenge-platform/h/g/turnstile/f/av0/rchNoVde0HGorB3EinSKlu__rS0U3janw3JJqNVzIssLag-1788734033-1.3.1.1-8W.blWcxX.viCKi8soi7aJvkLZo8UiFnKYVsKgfhWBU/n2jmn/0x4AAAAAADV3ju2YEd8uiR-k/dark/fbE/failure_retry/flexible?lang=auto:1:76925)
    at vT (https://challenges.cloudflare.com/cdn-cgi/challenge-platform/h/g/turnstile/f/av0/rchNoVde0HGorB3EinSKlu__rS0U3janw3JJqNVzIssLag-1788734033-1.3.1.1-8W.blWcxX.viCKi8soi7aJvkLZo8UiFnKYVsKgfhWBU/n2jmn/0x4AAAAAADV3ju2YEd8uiR-k/dark/fbE/failure_retry/flexible?lang=auto:1:81621)
    at vf (https://challenges.cloudflare.com/cdn-cgi/challenge-platform/h/g/turnstile/f/av0/rchNoVde0HGorB3EinSKlu__rS0U3janw3JJqNVzIssLag-1788734033-1.3.1.1-8W.blWcxX.viCKi8soi7aJvkLZo8UiFnKYVsKgfhWBU/n2jmn/0x4AAAAAADV3ju2YEd8uiR-k/dark/fbE/failure_retry/flexible?lang=auto:1:79209)
[21471808ms] [ERROR] Failed to load resource: the server responded with a status of 400 () @ https://challenges.cloudflare.com/cdn-cgi/challenge-platform/h/g/fo/2389868856:1788732307:ukDpsTLim4Ff9_eUbEPAnGy82mWzqhc9_wMXQNWLikM/a370f05debbf83f0/RP644e5x6Prxd6t2k7W6Wq12u4WtHmBANi_FnHkL3oo-1788734043-1.2.1.1-63qWhoc80oP3F8oN_jQ5vmdytJQCLWecEW.BXRySg1DdE6Qai6ZtnNNckJi.k4B5:0
[21481937ms] Blocked a frame with origin "https://challenges.cloudflare.com" from accessing a frame with origin "http://localhost:3000".  The frame requesting access has a protocol of "https", the frame being accessed has a protocol of "http". Protocols must match.

    at unknown (https://challenges.cloudflare.com/cdn-cgi/challenge-platform/h/g/turnstile/f/av0/rch9JV8yoEfvWc7zcGAihs6znamE7syeXCuMwZv2CdfEpM-1788734043-1.3.1.1-5H.2cbY5wv0lzcCEPhS74qSW.J7BtLNho3DvzWHa_S0/n2jmn/0x4AAAAAADV3ju2YEd8uiR-k/dark/fbE/failure_retry/flexible?lang=auto:1:49085)
    at vI (https://challenges.cloudflare.com/cdn-cgi/challenge-platform/h/g/turnstile/f/av0/rch9JV8yoEfvWc7zcGAihs6znamE7syeXCuMwZv2CdfEpM-1788734043-1.3.1.1-5H.2cbY5wv0lzcCEPhS74qSW.J7BtLNho3DvzWHa_S0/n2jmn/0x4AAAAAADV3ju2YEd8uiR-k/dark/fbE/failure_retry/flexible?lang=auto:1:175834)
    at v4 (https://challenges.cloudflare.com/cdn-cgi/challenge-platform/h/g/turnstile/f/av0/rch9JV8yoEfvWc7zcGAihs6znamE7syeXCuMwZv2CdfEpM-1788734043-1.3.1.1-5H.2cbY5wv0lzcCEPhS74qSW.J7BtLNho3DvzWHa_S0/n2jmn/0x4AAAAAADV3ju2YEd8uiR-k/dark/fbE/failure_retry/flexible?lang=auto:1:193109)
    at unknown (https://challenges.cloudflare.com/cdn-cgi/challenge-platform/h/g/turnstile/f/av0/rch9JV8yoEfvWc7zcGAihs6znamE7syeXCuMwZv2CdfEpM-1788734043-1.3.1.1-5H.2cbY5wv0lzcCEPhS74qSW.J7BtLNho3DvzWHa_S0/n2jmn/0x4AAAAAADV3ju2YEd8uiR-k/dark/fbE/failure_retry/flexible?lang=auto:1:48636)
    at vI (https://challenges.cloudflare.com/cdn-cgi/challenge-platform/h/g/turnstile/f/av0/rch9JV8yoEfvWc7zcGAihs6znamE7syeXCuMwZv2CdfEpM-1788734043-1.3.1.1-5H.2cbY5wv0lzcCEPhS74qSW.J7BtLNho3DvzWHa_S0/n2jmn/0x4AAAAAADV3ju2YEd8uiR-k/dark/fbE/failure_retry/flexible?lang=auto:1:175834)
    at ANrBI (https://challenges.cloudflare.com/cdn-cgi/challenge-platform/h/g/turnstile/f/av0/rch9JV8yoEfvWc7zcGAihs6znamE7syeXCuMwZv2CdfEpM-1788734043-1.3.1.1-5H.2cbY5wv0lzcCEPhS74qSW.J7BtLNho3DvzWHa_S0/n2jmn/0x4AAAAAADV3ju2YEd8uiR-k/dark/fbE/failure_retry/flexible?lang=auto:1:77109)
    at ZI (https://challenges.cloudflare.com/cdn-cgi/challenge-platform/h/g/turnstile/f/av0/rch9JV8yoEfvWc7zcGAihs6znamE7syeXCuMwZv2CdfEpM-1788734043-1.3.1.1-5H.2cbY5wv0lzcCEPhS74qSW.J7BtLNho3DvzWHa_S0/n2jmn/0x4AAAAAADV3ju2YEd8uiR-k/dark/fbE/failure_retry/flexible?lang=auto:1:85319)
    at Qelex (https://challenges.cloudflare.com/cdn-cgi/challenge-platform/h/g/turnstile/f/av0/rch9JV8yoEfvWc7zcGAihs6znamE7syeXCuMwZv2CdfEpM-1788734043-1.3.1.1-5H.2cbY5wv0lzcCEPhS74qSW.J7BtLNho3DvzWHa_S0/n2jmn/0x4AAAAAADV3ju2YEd8uiR-k/dark/fbE/failure_retry/flexible?lang=auto:1:184105)
    at vT (https://challenges.cloudflare.com/cdn-cgi/challenge-platform/h/g/turnstile/f/av0/rch9JV8yoEfvWc7zcGAihs6znamE7syeXCuMwZv2CdfEpM-1788734043-1.3.1.1-5H.2cbY5wv0lzcCEPhS74qSW.J7BtLNho3DvzWHa_S0/n2jmn/0x4AAAAAADV3ju2YEd8uiR-k/dark/fbE/failure_retry/flexible?lang=auto:1:187980)
    at vf (https://challenges.cloudflare.com/cdn-cgi/challenge-platform/h/g/turnstile/f/av0/rch9JV8yoEfvWc7zcGAihs6znamE7syeXCuMwZv2CdfEpM-1788734043-1.3.1.1-5H.2cbY5wv0lzcCEPhS74qSW.J7BtLNho3DvzWHa_S0/n2jmn/0x4AAAAAADV3ju2YEd8uiR-k/dark/fbE/failure_retry/flexible?lang=auto:1:186241)
[21482087ms] [ERROR] Failed to load resource: the server responded with a status of 400 () @ https://challenges.cloudflare.com/cdn-cgi/challenge-platform/h/g/fo/2389868856:1788732307:ukDpsTLim4Ff9_eUbEPAnGy82mWzqhc9_wMXQNWLikM/a370f09e2d7583f0/LhItuvoBJsrBiC_8i4fsfRxBp3OlHNTJIcUnC.EUJPQ-1788734054-1.2.1.1-PMmrYM709c54R4zGZUmguLWd9N.fVpjk8fJjgm487Wt4jwo8d.HcjY1cfjf3T6aa:0
[21492197ms] Blocked a frame with origin "https://challenges.cloudflare.com" from accessing a frame with origin "http://localhost:3000".  The frame requesting access has a protocol of "https", the frame being accessed has a protocol of "http". Protocols must match.

    at unknown (https://challenges.cloudflare.com/cdn-cgi/challenge-platform/h/g/turnstile/f/av0/rchp66wFscb8my84uczsamFIX0hOZNLsyCwa9nJiXKnMKs-1788734054-1.3.1.1-i0mBnf5g4asXEE7Haqn.cWqauBze3AljgGAZyhLwcvE/n2jmn/0x4AAAAAADV3ju2YEd8uiR-k/dark/fbE/failure_retry/flexible?lang=auto:1:49255)
    at vI (https://challenges.cloudflare.com/cdn-cgi/challenge-platform/h/g/turnstile/f/av0/rchp66wFscb8my84uczsamFIX0hOZNLsyCwa9nJiXKnMKs-1788734054-1.3.1.1-i0mBnf5g4asXEE7Haqn.cWqauBze3AljgGAZyhLwcvE/n2jmn/0x4AAAAAADV3ju2YEd8uiR-k/dark/fbE/failure_retry/flexible?lang=auto:1:60081)
    at v4 (https://challenges.cloudflare.com/cdn-cgi/challenge-platform/h/g/turnstile/f/av0/rchp66wFscb8my84uczsamFIX0hOZNLsyCwa9nJiXKnMKs-1788734054-1.3.1.1-i0mBnf5g4asXEE7Haqn.cWqauBze3AljgGAZyhLwcvE/n2jmn/0x4AAAAAADV3ju2YEd8uiR-k/dark/fbE/failure_retry/flexible?lang=auto:1:233334)
    at unknown (https://challenges.cloudflare.com/cdn-cgi/challenge-platform/h/g/turnstile/f/av0/rchp66wFscb8my84uczsamFIX0hOZNLsyCwa9nJiXKnMKs-1788734054-1.3.1.1-i0mBnf5g4asXEE7Haqn.cWqauBze3AljgGAZyhLwcvE/n2jmn/0x4AAAAAADV3ju2YEd8uiR-k/dark/fbE/failure_retry/flexible?lang=auto:1:48806)
    at vI (https://challenges.cloudflare.com/cdn-cgi/challenge-platform/h/g/turnstile/f/av0/rchp66wFscb8my84uczsamFIX0hOZNLsyCwa9nJiXKnMKs-1788734054-1.3.1.1-i0mBnf5g4asXEE7Haqn.cWqauBze3AljgGAZyhLwcvE/n2jmn/0x4AAAAAADV3ju2YEd8uiR-k/dark/fbE/failure_retry/flexible?lang=auto:1:60081)
    at ZI (https://challenges.cloudflare.com/cdn-cgi/challenge-platform/h/g/turnstile/f/av0/rchp66wFscb8my84uczsamFIX0hOZNLsyCwa9nJiXKnMKs-1788734054-1.3.1.1-i0mBnf5g4asXEE7Haqn.cWqauBze3AljgGAZyhLwcvE/n2jmn/0x4AAAAAADV3ju2YEd8uiR-k/dark/fbE/failure_retry/flexible?lang=auto:1:84688)
    at pgvTB (https://challenges.cloudflare.com/cdn-cgi/challenge-platform/h/g/turnstile/f/av0/rchp66wFscb8my84uczsamFIX0hOZNLsyCwa9nJiXKnMKs-1788734054-1.3.1.1-i0mBnf5g4asXEE7Haqn.cWqauBze3AljgGAZyhLwcvE/n2jmn/0x4AAAAAADV3ju2YEd8uiR-k/dark/fbE/failure_retry/flexible?lang=auto:1:67158)
    at vT (https://challenges.cloudflare.com/cdn-cgi/challenge-platform/h/g/turnstile/f/av0/rchp66wFscb8my84uczsamFIX0hOZNLsyCwa9nJiXKnMKs-1788734054-1.3.1.1-i0mBnf5g4asXEE7Haqn.cWqauBze3AljgGAZyhLwcvE/n2jmn/0x4AAAAAADV3ju2YEd8uiR-k/dark/fbE/failure_retry/flexible?lang=auto:1:74519)
    at AUavL (https://challenges.cloudflare.com/cdn-cgi/challenge-platform/h/g/turnstile/f/av0/rchp66wFscb8my84uczsamFIX0hOZNLsyCwa9nJiXKnMKs-1788734054-1.3.1.1-i0mBnf5g4asXEE7Haqn.cWqauBze3AljgGAZyhLwcvE/n2jmn/0x4AAAAAADV3ju2YEd8uiR-k/dark/fbE/failure_retry/flexible?lang=auto:1:67429)
    at vf (https://challenges.cloudflare.com/cdn-cgi/challenge-platform/h/g/turnstile/f/av0/rchp66wFscb8my84uczsamFIX0hOZNLsyCwa9nJiXKnMKs-1788734054-1.3.1.1-i0mBnf5g4asXEE7Haqn.cWqauBze3AljgGAZyhLwcvE/n2jmn/0x4AAAAAADV3ju2YEd8uiR-k/dark/fbE/failure_retry/flexible?lang=auto:1:69548)
[21492343ms] [ERROR] Failed to load resource: the server responded with a status of 400 () @ https://challenges.cloudflare.com/cdn-cgi/challenge-platform/h/g/fo/2389868856:1788732307:ukDpsTLim4Ff9_eUbEPAnGy82mWzqhc9_wMXQNWLikM/a370f0de4dbe83f0/7vU7tDEapClOVikYldnZ2X67.okJF3XOF2Rpom92zjM-1788734064-1.2.1.1-kBN.uO_v7l94eXIfYogS3KiRiuMKdgX7m5uUlV1lpFxhlm2PyoveADzBYic_DG_h:0
[21502461ms] Blocked a frame with origin "https://challenges.cloudflare.com" from accessing a frame with origin "http://localhost:3000".  The frame requesting access has a protocol of "https", the frame being accessed has a protocol of "http". Protocols must match.

    at unknown (https://challenges.cloudflare.com/cdn-cgi/challenge-platform/h/g/turnstile/f/av0/rchHjUQeNjg3GLrRLKGlfYAQ8NxH7bI4XeeG0uLNSW3jrk-1788734064-1.3.1.1-fxay7ctCuSelLS0XFRgH.fCRI9lJbZSx12r7F7kHfm8/n2jmn/0x4AAAAAADV3ju2YEd8uiR-k/dark/fbE/failure_retry/flexible?lang=auto:1:49987)
    at vI (https://challenges.cloudflare.com/cdn-cgi/challenge-platform/h/g/turnstile/f/av0/rchHjUQeNjg3GLrRLKGlfYAQ8NxH7bI4XeeG0uLNSW3jrk-1788734064-1.3.1.1-fxay7ctCuSelLS0XFRgH.fCRI9lJbZSx12r7F7kHfm8/n2jmn/0x4AAAAAADV3ju2YEd8uiR-k/dark/fbE/failure_retry/flexible?lang=auto:1:187384)
    at v4 (https://challenges.cloudflare.com/cdn-cgi/challenge-platform/h/g/turnstile/f/av0/rchHjUQeNjg3GLrRLKGlfYAQ8NxH7bI4XeeG0uLNSW3jrk-1788734064-1.3.1.1-fxay7ctCuSelLS0XFRgH.fCRI9lJbZSx12r7F7kHfm8/n2jmn/0x4AAAAAADV3ju2YEd8uiR-k/dark/fbE/failure_retry/flexible?lang=auto:1:104798)
    at unknown (https://challenges.cloudflare.com/cdn-cgi/challenge-platform/h/g/turnstile/f/av0/rchHjUQeNjg3GLrRLKGlfYAQ8NxH7bI4XeeG0uLNSW3jrk-1788734064-1.3.1.1-fxay7ctCuSelLS0XFRgH.fCRI9lJbZSx12r7F7kHfm8/n2jmn/0x4AAAAAADV3ju2YEd8uiR-k/dark/fbE/failure_retry/flexible?lang=auto:1:49538)
    at vI (https://challenges.cloudflare.com/cdn-cgi/challenge-platform/h/g/turnstile/f/av0/rchHjUQeNjg3GLrRLKGlfYAQ8NxH7bI4XeeG0uLNSW3jrk-1788734064-1.3.1.1-fxay7ctCuSelLS0XFRgH.fCRI9lJbZSx12r7F7kHfm8/n2jmn/0x4AAAAAADV3ju2YEd8uiR-k/dark/fbE/failure_retry/flexible?lang=auto:1:187384)
    at aUoGL (https://challenges.cloudflare.com/cdn-cgi/challenge-platform/h/g/turnstile/f/av0/rchHjUQeNjg3GLrRLKGlfYAQ8NxH7bI4XeeG0uLNSW3jrk-1788734064-1.3.1.1-fxay7ctCuSelLS0XFRgH.fCRI9lJbZSx12r7F7kHfm8/n2jmn/0x4AAAAAADV3ju2YEd8uiR-k/dark/fbE/failure_retry/flexible?lang=auto:1:154861)
    at ZI (https://challenges.cloudflare.com/cdn-cgi/challenge-platform/h/g/turnstile/f/av0/rchHjUQeNjg3GLrRLKGlfYAQ8NxH7bI4XeeG0uLNSW3jrk-1788734064-1.3.1.1-fxay7ctCuSelLS0XFRgH.fCRI9lJbZSx12r7F7kHfm8/n2jmn/0x4AAAAAADV3ju2YEd8uiR-k/dark/fbE/failure_retry/flexible?lang=auto:1:163167)
    at vT (https://challenges.cloudflare.com/cdn-cgi/challenge-platform/h/g/turnstile/f/av0/rchHjUQeNjg3GLrRLKGlfYAQ8NxH7bI4XeeG0uLNSW3jrk-1788734064-1.3.1.1-fxay7ctCuSelLS0XFRgH.fCRI9lJbZSx12r7F7kHfm8/n2jmn/0x4AAAAAADV3ju2YEd8uiR-k/dark/fbE/failure_retry/flexible?lang=auto:1:132486)
    at vf (https://challenges.cloudflare.com/cdn-cgi/challenge-platform/h/g/turnstile/f/av0/rchHjUQeNjg3GLrRLKGlfYAQ8NxH7bI4XeeG0uLNSW3jrk-1788734064-1.3.1.1-fxay7ctCuSelLS0XFRgH.fCRI9lJbZSx12r7F7kHfm8/n2jmn/0x4AAAAAADV3ju2YEd8uiR-k/dark/fbE/failure_retry/flexible?lang=auto:1:127763)
[21502601ms] [ERROR] Failed to load resource: the server responded with a status of 400 () @ https://challenges.cloudflare.com/cdn-cgi/challenge-platform/h/g/fo/2389868856:1788732307:ukDpsTLim4Ff9_eUbEPAnGy82mWzqhc9_wMXQNWLikM/a370f11e6eff83f0/CDVZfCExbBlN35STPd.28QN4GnYPhny2VsY6bLzzY6c-1788734074-1.2.1.1-tYPjYcv4u5hZX.cpOGicLdmwGT9TuA7bDgM6Gi1iBS2dSHvd6shEOCNbrs9Pf5Va:0
[21512694ms] Blocked a frame with origin "https://challenges.cloudflare.com" from accessing a frame with origin "http://localhost:3000".  The frame requesting access has a protocol of "https", the frame being accessed has a protocol of "http". Protocols must match.

    at unknown (https://challenges.cloudflare.com/cdn-cgi/challenge-platform/h/g/turnstile/f/av0/rchoY5B_.0eAJ_5yze8PxWnVIxyoOx3nOP02hBR2dW9NZc-1788734074-1.3.1.1-CpDG8m0Y7njr55wrudJIHNwSqLz5QixeR9m2mJzRLSs/n2jmn/0x4AAAAAADV3ju2YEd8uiR-k/dark/fbE/failure_retry/flexible?lang=auto:1:49244)
    at nP (https://challenges.cloudflare.com/cdn-cgi/challenge-platform/h/g/turnstile/f/av0/rchoY5B_.0eAJ_5yze8PxWnVIxyoOx3nOP02hBR2dW9NZc-1788734074-1.3.1.1-CpDG8m0Y7njr55wrudJIHNwSqLz5QixeR9m2mJzRLSs/n2jmn/0x4AAAAAADV3ju2YEd8uiR-k/dark/fbE/failure_retry/flexible?lang=auto:1:152052)
    at qeQuL (https://challenges.cloudflare.com/cdn-cgi/challenge-platform/h/g/turnstile/f/av0/rchoY5B_.0eAJ_5yze8PxWnVIxyoOx3nOP02hBR2dW9NZc-1788734074-1.3.1.1-CpDG8m0Y7njr55wrudJIHNwSqLz5QixeR9m2mJzRLSs/n2jmn/0x4AAAAAADV3ju2YEd8uiR-k/dark/fbE/failure_retry/flexible?lang=auto:1:138051)
    at n5 (https://challenges.cloudflare.com/cdn-cgi/challenge-platform/h/g/turnstile/f/av0/rchoY5B_.0eAJ_5yze8PxWnVIxyoOx3nOP02hBR2dW9NZc-1788734074-1.3.1.1-CpDG8m0Y7njr55wrudJIHNwSqLz5QixeR9m2mJzRLSs/n2jmn/0x4AAAAAADV3ju2YEd8uiR-k/dark/fbE/failure_retry/flexible?lang=auto:1:139268)
    at unknown (https://challenges.cloudflare.com/cdn-cgi/challenge-platform/h/g/turnstile/f/av0/rchoY5B_.0eAJ_5yze8PxWnVIxyoOx3nOP02hBR2dW9NZc-1788734074-1.3.1.1-CpDG8m0Y7njr55wrudJIHNwSqLz5QixeR9m2mJzRLSs/n2jmn/0x4AAAAAADV3ju2YEd8uiR-k/dark/fbE/failure_retry/flexible?lang=auto:1:48795)
    at nP (https://challenges.cloudflare.com/cdn-cgi/challenge-platform/h/g/turnstile/f/av0/rchoY5B_.0eAJ_5yze8PxWnVIxyoOx3nOP02hBR2dW9NZc-1788734074-1.3.1.1-CpDG8m0Y7njr55wrudJIHNwSqLz5QixeR9m2mJzRLSs/n2jmn/0x4AAAAAADV3ju2YEd8uiR-k/dark/fbE/failure_retry/flexible?lang=auto:1:152052)
    at kP (https://challenges.cloudflare.com/cdn-cgi/challenge-platform/h/g/turnstile/f/av0/rchoY5B_.0eAJ_5yze8PxWnVIxyoOx3nOP02hBR2dW9NZc-1788734074-1.3.1.1-CpDG8m0Y7njr55wrudJIHNwSqLz5QixeR9m2mJzRLSs/n2jmn/0x4AAAAAADV3ju2YEd8uiR-k/dark/fbE/failure_retry/flexible?lang=auto:1:80992)
    at nR (https://challenges.cloudflare.com/cdn-cgi/challenge-platform/h/g/turnstile/f/av0/rchoY5B_.0eAJ_5yze8PxWnVIxyoOx3nOP02hBR2dW9NZc-1788734074-1.3.1.1-CpDG8m0Y7njr55wrudJIHNwSqLz5QixeR9m2mJzRLSs/n2jmn/0x4AAAAAADV3ju2YEd8uiR-k/dark/fbE/failure_retry/flexible?lang=auto:1:200128)
    at np (https://challenges.cloudflare.com/cdn-cgi/challenge-platform/h/g/turnstile/f/av0/rchoY5B_.0eAJ_5yze8PxWnVIxyoOx3nOP02hBR2dW9NZc-1788734074-1.3.1.1-CpDG8m0Y7njr55wrudJIHNwSqLz5QixeR9m2mJzRLSs/n2jmn/0x4AAAAAADV3ju2YEd8uiR-k/dark/fbE/failure_retry/flexible?lang=auto:1:194243)
[21512839ms] [ERROR] Failed to load resource: the server responded with a status of 400 () @ https://challenges.cloudflare.com/cdn-cgi/challenge-platform/h/g/fo/2389868856:1788732307:ukDpsTLim4Ff9_eUbEPAnGy82mWzqhc9_wMXQNWLikM/a370f15e8cfe83f0/MKS2HL_zLWX3QcsRFcZiaPFMu19q9dNOCX88lJ3.P0Y-1788734084-1.2.1.1-yHEykhcpW25GTe6dMnYn3DFvlcfJZorZPOndN_UKIes9TNXkLvUS1PR3.V8i63Xb:0
[21522916ms] Blocked a frame with origin "https://challenges.cloudflare.com" from accessing a frame with origin "http://localhost:3000".  The frame requesting access has a protocol of "https", the frame being accessed has a protocol of "http". Protocols must match.

    at unknown (https://challenges.cloudflare.com/cdn-cgi/challenge-platform/h/g/turnstile/f/av0/rchkGHSMtZUdBCR5qk7PlalfVdDfImlIuja5JnSBo0EIXo-1788734084-1.3.1.1-2d0pOtzr5E4.ez9YTNjjAFOOr2zxK1KRVID73ceUCSI/n2jmn/0x4AAAAAADV3ju2YEd8uiR-k/dark/fbE/failure_retry/flexible?lang=auto:1:50144)
    at nP (https://challenges.cloudflare.com/cdn-cgi/challenge-platform/h/g/turnstile/f/av0/rchkGHSMtZUdBCR5qk7PlalfVdDfImlIuja5JnSBo0EIXo-1788734084-1.3.1.1-2d0pOtzr5E4.ez9YTNjjAFOOr2zxK1KRVID73ceUCSI/n2jmn/0x4AAAAAADV3ju2YEd8uiR-k/dark/fbE/failure_retry/flexible?lang=auto:1:173102)
    at rIEaG (https://challenges.cloudflare.com/cdn-cgi/challenge-platform/h/g/turnstile/f/av0/rchkGHSMtZUdBCR5qk7PlalfVdDfImlIuja5JnSBo0EIXo-1788734084-1.3.1.1-2d0pOtzr5E4.ez9YTNjjAFOOr2zxK1KRVID73ceUCSI/n2jmn/0x4AAAAAADV3ju2YEd8uiR-k/dark/fbE/failure_retry/flexible?lang=auto:1:232953)
    at n5 (https://challenges.cloudflare.com/cdn-cgi/challenge-platform/h/g/turnstile/f/av0/rchkGHSMtZUdBCR5qk7PlalfVdDfImlIuja5JnSBo0EIXo-1788734084-1.3.1.1-2d0pOtzr5E4.ez9YTNjjAFOOr2zxK1KRVID73ceUCSI/n2jmn/0x4AAAAAADV3ju2YEd8uiR-k/dark/fbE/failure_retry/flexible?lang=auto:1:234242)
    at unknown (https://challenges.cloudflare.com/cdn-cgi/challenge-platform/h/g/turnstile/f/av0/rchkGHSMtZUdBCR5qk7PlalfVdDfImlIuja5JnSBo0EIXo-1788734084-1.3.1.1-2d0pOtzr5E4.ez9YTNjjAFOOr2zxK1KRVID73ceUCSI/n2jmn/0x4AAAAAADV3ju2YEd8uiR-k/dark/fbE/failure_retry/flexible?lang=auto:1:49695)
    at nP (https://challenges.cloudflare.com/cdn-cgi/challenge-platform/h/g/turnstile/f/av0/rchkGHSMtZUdBCR5qk7PlalfVdDfImlIuja5JnSBo0EIXo-1788734084-1.3.1.1-2d0pOtzr5E4.ez9YTNjjAFOOr2zxK1KRVID73ceUCSI/n2jmn/0x4AAAAAADV3ju2YEd8uiR-k/dark/fbE/failure_retry/flexible?lang=auto:1:173102)
    at hyiMV (https://challenges.cloudflare.com/cdn-cgi/challenge-platform/h/g/turnstile/f/av0/rchkGHSMtZUdBCR5qk7PlalfVdDfImlIuja5JnSBo0EIXo-1788734084-1.3.1.1-2d0pOtzr5E4.ez9YTNjjAFOOr2zxK1KRVID73ceUCSI/n2jmn/0x4AAAAAADV3ju2YEd8uiR-k/dark/fbE/failure_retry/flexible?lang=auto:1:114546)
    at kP (https://challenges.cloudflare.com/cdn-cgi/challenge-platform/h/g/turnstile/f/av0/rchkGHSMtZUdBCR5qk7PlalfVdDfImlIuja5JnSBo0EIXo-1788734084-1.3.1.1-2d0pOtzr5E4.ez9YTNjjAFOOr2zxK1KRVID73ceUCSI/n2jmn/0x4AAAAAADV3ju2YEd8uiR-k/dark/fbE/failure_retry/flexible?lang=auto:1:123002)
    at nR (https://challenges.cloudflare.com/cdn-cgi/challenge-platform/h/g/turnstile/f/av0/rchkGHSMtZUdBCR5qk7PlalfVdDfImlIuja5JnSBo0EIXo-1788734084-1.3.1.1-2d0pOtzr5E4.ez9YTNjjAFOOr2zxK1KRVID73ceUCSI/n2jmn/0x4AAAAAADV3ju2YEd8uiR-k/dark/fbE/failure_retry/flexible?lang=auto:1:164522)
    at XQZLe (https://challenges.cloudflare.com/cdn-cgi/challenge-platform/h/g/turnstile/f/av0/rchkGHSMtZUdBCR5qk7PlalfVdDfImlIuja5JnSBo0EIXo-1788734084-1.3.1.1-2d0pOtzr5E4.ez9YTNjjAFOOr2zxK1KRVID73ceUCSI/n2jmn/0x4AAAAAADV3ju2YEd8uiR-k/dark/fbE/failure_retry/flexible?lang=auto:1:161530)
    at np (https://challenges.cloudflare.com/cdn-cgi/challenge-platform/h/g/turnstile/f/av0/rchkGHSMtZUdBCR5qk7PlalfVdDfImlIuja5JnSBo0EIXo-1788734084-1.3.1.1-2d0pOtzr5E4.ez9YTNjjAFOOr2zxK1KRVID73ceUCSI/n2jmn/0x4AAAAAADV3ju2YEd8uiR-k/dark/fbE/failure_retry/flexible?lang=auto:1:163377)
[21523062ms] [ERROR] Failed to load resource: the server responded with a status of 400 () @ https://challenges.cloudflare.com/cdn-cgi/challenge-platform/h/g/fo/2389868856:1788732307:ukDpsTLim4Ff9_eUbEPAnGy82mWzqhc9_wMXQNWLikM/a370f19e8a5683f0/yhWsVifzirvy0XJkrJwQjrqWnZvF4v.dl3FvK1d99n4-1788734095-1.2.1.1-oG5_iY_EB0Kta5FLaqjqWOcskJAC1jB7n.OM8uN4pN1rVsaDRgYh9uiKKFFW0equ:0
[21533169ms] Blocked a frame with origin "https://challenges.cloudflare.com" from accessing a frame with origin "http://localhost:3000".  The frame requesting access has a protocol of "https", the frame being accessed has a protocol of "http". Protocols must match.

    at unknown (https://challenges.cloudflare.com/cdn-cgi/challenge-platform/h/g/turnstile/f/av0/rchYvN8NT11dPRrFR.nlXkCamW2JUhvogcakT5ypUf0HPQ-1788734095-1.3.1.1-CvUTuWsxT0lR0i_HZbBJ2dLXox2__swvFb51p8P4ge4/n2jmn/0x4AAAAAADV3ju2YEd8uiR-k/dark/fbE/failure_retry/flexible?lang=auto:1:49512)
    at vI (https://challenges.cloudflare.com/cdn-cgi/challenge-platform/h/g/turnstile/f/av0/rchYvN8NT11dPRrFR.nlXkCamW2JUhvogcakT5ypUf0HPQ-1788734095-1.3.1.1-CvUTuWsxT0lR0i_HZbBJ2dLXox2__swvFb51p8P4ge4/n2jmn/0x4AAAAAADV3ju2YEd8uiR-k/dark/fbE/failure_retry/flexible?lang=auto:1:211129)
    at BqBVg (https://challenges.cloudflare.com/cdn-cgi/challenge-platform/h/g/turnstile/f/av0/rchYvN8NT11dPRrFR.nlXkCamW2JUhvogcakT5ypUf0HPQ-1788734095-1.3.1.1-CvUTuWsxT0lR0i_HZbBJ2dLXox2__swvFb51p8P4ge4/n2jmn/0x4AAAAAADV3ju2YEd8uiR-k/dark/fbE/failure_retry/flexible?lang=auto:1:126759)
    at v4 (https://challenges.cloudflare.com/cdn-cgi/challenge-platform/h/g/turnstile/f/av0/rchYvN8NT11dPRrFR.nlXkCamW2JUhvogcakT5ypUf0HPQ-1788734095-1.3.1.1-CvUTuWsxT0lR0i_HZbBJ2dLXox2__swvFb51p8P4ge4/n2jmn/0x4AAAAAADV3ju2YEd8uiR-k/dark/fbE/failure_retry/flexible?lang=auto:1:127794)
    at unknown (https://challenges.cloudflare.com/cdn-cgi/challenge-platform/h/g/turnstile/f/av0/rchYvN8NT11dPRrFR.nlXkCamW2JUhvogcakT5ypUf0HPQ-1788734095-1.3.1.1-CvUTuWsxT0lR0i_HZbBJ2dLXox2__swvFb51p8P4ge4/n2jmn/0x4AAAAAADV3ju2YEd8uiR-k/dark/fbE/failure_retry/flexible?lang=auto:1:49063)
    at vI (https://challenges.cloudflare.com/cdn-cgi/challenge-platform/h/g/turnstile/f/av0/rchYvN8NT11dPRrFR.nlXkCamW2JUhvogcakT5ypUf0HPQ-1788734095-1.3.1.1-CvUTuWsxT0lR0i_HZbBJ2dLXox2__swvFb51p8P4ge4/n2jmn/0x4AAAAAADV3ju2YEd8uiR-k/dark/fbE/failure_retry/flexible?lang=auto:1:211129)
    at ZI (https://challenges.cloudflare.com/cdn-cgi/challenge-platform/h/g/turnstile/f/av0/rchYvN8NT11dPRrFR.nlXkCamW2JUhvogcakT5ypUf0HPQ-1788734095-1.3.1.1-CvUTuWsxT0lR0i_HZbBJ2dLXox2__swvFb51p8P4ge4/n2jmn/0x4AAAAAADV3ju2YEd8uiR-k/dark/fbE/failure_retry/flexible?lang=auto:1:76131)
    at eADTv (https://challenges.cloudflare.com/cdn-cgi/challenge-platform/h/g/turnstile/f/av0/rchYvN8NT11dPRrFR.nlXkCamW2JUhvogcakT5ypUf0HPQ-1788734095-1.3.1.1-CvUTuWsxT0lR0i_HZbBJ2dLXox2__swvFb51p8P4ge4/n2jmn/0x4AAAAAADV3ju2YEd8uiR-k/dark/fbE/failure_retry/flexible?lang=auto:1:151042)
    at vT (https://challenges.cloudflare.com/cdn-cgi/challenge-platform/h/g/turnstile/f/av0/rchYvN8NT11dPRrFR.nlXkCamW2JUhvogcakT5ypUf0HPQ-1788734095-1.3.1.1-CvUTuWsxT0lR0i_HZbBJ2dLXox2__swvFb51p8P4ge4/n2jmn/0x4AAAAAADV3ju2YEd8uiR-k/dark/fbE/failure_retry/flexible?lang=auto:1:158609)
    at vf (https://challenges.cloudflare.com/cdn-cgi/challenge-platform/h/g/turnstile/f/av0/rchYvN8NT11dPRrFR.nlXkCamW2JUhvogcakT5ypUf0HPQ-1788734095-1.3.1.1-CvUTuWsxT0lR0i_HZbBJ2dLXox2__swvFb51p8P4ge4/n2jmn/0x4AAAAAADV3ju2YEd8uiR-k/dark/fbE/failure_retry/flexible?lang=auto:1:153550)
[21533315ms] [ERROR] Failed to load resource: the server responded with a status of 400 () @ https://challenges.cloudflare.com/cdn-cgi/challenge-platform/h/g/fo/2389868856:1788732307:ukDpsTLim4Ff9_eUbEPAnGy82mWzqhc9_wMXQNWLikM/a370f1de78dc83f0/Ysmi1qj8VYnNyINOrg3SKpjpUKJru5_hEyeYYyPZWVA-1788734105-1.2.1.1-aQpHtgYUg.tI9Q4Ka9CJ8ctlLAuXP7r_LjQEFlQRzOl9hsSL0XTlKSm.2gLg3Qir:0
